shap_sample_idx,cluster,pca_x,pca_y
163613,4,-4.4947343,3.796754
8231,4,-4.304173,3.492366
15710,0,-3.2614987,-7.693095
66703,3,-3.0176935,-4.678066
18926,0,-3.7117593,-8.785087
21745,1,8.564242,0.87180775
91428,2,-4.470323,2.4698188
80800,1,8.648348,1.3678088
166369,3,-2.5297387,-1.580674
151058,2,-4.488945,2.8335998
135900,0,-3.3498735,-6.6802273
80834,4,-4.52046,3.8435254
114575,4,-4.3156323,3.9891496
77598,2,-3.7495322,1.9921991
90801,4,-4.4151125,4.1153564
153562,4,-4.400977,4.056202
85989,1,8.24039,-0.044673577
27464,2,-4.3579183,2.4498065
94465,1,8.240867,-0.16169792
27796,0,-3.6820507,-8.163812
32144,1,8.404056,0.5153505
113558,0,-3.5069747,-8.992295
161440,3,-2.6637921,-2.287967
166774,4,-4.4625077,3.9229436
50867,1,5.9651756,-4.577953
33110,0,-3.4472692,-7.670724
19154,1,8.289673,0.13119653
186098,2,-4.3628435,2.5244658
107394,4,-4.56864,3.7976444
99624,4,-4.5496693,3.6339543
107741,1,8.555357,1.0690957
91043,1,8.65564,0.9561527
79924,3,-2.8122296,-2.3113277
6043,1,8.500493,-0.08245896
44617,3,-2.5227513,-3.5318048
9020,3,-2.7529526,-1.8833354
164261,1,6.0484757,-2.7545502
117948,0,-3.110769,-7.887248
144606,1,8.360233,1.1846005
8419,1,8.375703,0.42277566
188860,4,-4.1210833,3.7669818
108523,4,-4.5312324,4.211091
189854,2,-4.4168124,2.6134553
36681,1,8.258318,0.21084028
81232,1,8.5591545,1.2365582
68223,3,-2.8128428,-3.3529904
107742,1,8.648028,1.2325784
32855,1,5.9876695,-4.2205577
99112,4,-4.5195036,4.2135954
50227,2,-4.4189053,2.7960637
183436,0,-3.7507322,-8.188826
85213,4,-4.2864547,3.8707142
179785,0,-3.626921,-8.615192
114956,4,-4.3385296,4.378364
156626,3,-2.6852634,-2.6372888
111256,0,-2.9576054,-5.2560825
165305,1,8.794028,1.126533
159462,4,-4.4046326,4.161713
83227,3,-2.52926,-1.9432547
183561,0,-3.6159365,-7.111959
10522,1,8.462641,0.824863
181468,0,-3.821784,-8.324406
18814,0,-3.791245,-8.821472
5249,4,-4.363077,3.9769912
102718,4,-4.3905225,4.183146
192420,4,-4.2505903,3.3151941
44766,0,-3.5083845,-8.538815
172021,4,-4.517146,4.3660345
93509,1,8.473166,0.6269448
102242,0,-2.9131544,-5.2639184
159848,1,8.813749,0.7843658
210,1,8.411718,0.97903687
91825,3,-2.884397,-3.113363
79338,1,8.6173525,1.2685417
146836,1,8.730166,1.0177425
38611,4,-4.389248,4.0336804
156239,1,7.990295,0.05805614
62384,4,-4.232239,3.6620243
187846,4,-4.326718,3.9252179
150884,2,-3.9359248,2.83943
21586,2,-4.634683,3.1894617
88223,4,-4.390118,3.9289582
36108,0,-3.4837754,-8.818143
93000,1,8.453225,-0.19389987
184474,1,6.000745,-5.5000257
18704,1,8.259278,0.18490975
38900,4,-5.5171556,3.796446
25405,1,8.492491,1.2158357
24868,1,8.742318,1.1135092
176413,4,-4.506479,3.9710538
159262,4,-4.321968,4.142443
91343,3,-2.7153606,-2.2171023
115276,0,-3.066901,-8.175661
187497,0,-3.217652,-8.601698
91920,1,8.802673,1.2592584
8427,1,8.59394,1.2055666
165483,1,8.546147,0.20849036
103773,4,-5.248978,3.894593
95189,4,-4.4335723,4.0606804
191248,1,8.253321,0.21138217
10255,4,-4.2253985,3.4811034
183212,1,8.711098,1.1990763
90783,2,-4.328477,3.3146286
44052,3,-2.7407334,-3.6749716
26894,1,5.5380497,-4.452432
156567,1,8.316458,-0.15222016
36873,4,-4.124365,3.7623744
50325,2,-4.354356,2.7161653
94334,1,8.80516,1.1913364
60062,1,8.231426,-0.30353513
162805,1,8.799162,0.46527916
7381,1,8.655913,1.2774174
51507,1,8.6596155,1.18427
152046,1,8.576463,1.009663
150390,3,-2.4274216,-2.4207222
104767,4,-4.5949745,3.8867233
62374,1,8.353468,0.96413386
168775,0,-3.1537802,-7.3441124
162531,1,8.692282,1.2131907
89040,1,8.62939,1.1675543
8894,4,-4.228185,3.755153
156313,1,8.11257,0.06020971
175307,2,-4.608822,2.9117
97902,0,-3.4825506,-7.4329963
78624,2,-4.392227,2.4078312
180644,1,8.381554,1.1102118
35281,0,-3.505118,-8.845968
82025,2,-4.4120183,2.4976377
27173,1,8.562853,0.28792128
181502,0,-3.7100258,-8.431522
39783,4,-4.3781857,4.0845227
27256,4,-4.3931437,4.187229
108406,0,-3.722083,-8.4717455
87682,0,-3.5739913,-8.486664
20986,1,8.326348,0.58968985
111990,0,-3.581725,-9.154603
15971,4,-4.317597,3.5452075
5248,1,8.770135,1.0815276
45358,0,-3.219535,-7.91269
171674,4,-4.197427,3.7241006
164602,2,-4.3139315,3.0124197
103550,0,-3.0138345,-8.567533
166016,2,-4.3938675,2.4390018
14515,4,-4.147603,3.5944133
6253,4,-4.4141283,4.136921
178361,3,-3.0848596,-3.3456306
19824,0,-3.1145332,-7.054206
92303,0,-3.2151215,-8.38643
47883,3,-2.4296706,-3.0311494
29592,2,-4.31704,2.4493942
104836,4,-4.3838453,4.0115952
91075,1,8.517387,-0.0025896935
185046,2,-4.301564,2.5354583
49613,1,8.748,1.1774728
5809,4,-4.4082203,4.070841
154468,1,8.72008,1.3728861
82777,3,-2.606822,-1.1908026
190360,1,8.221577,0.073128276
117388,4,-4.465845,4.1546335
169316,1,6.1814756,-2.6967254
172373,0,-3.6173725,-7.3309526
141098,4,-4.277573,4.0546875
18237,1,8.587525,0.5063098
43093,2,-4.59357,2.41301
22423,0,-3.4023461,-7.521028
107919,0,-3.6149216,-8.879042
153002,4,-4.46083,3.7375715
187156,0,-3.7347505,-8.167916
183129,1,8.593247,0.44603088
76977,3,-2.9019923,-3.7859309
104561,4,-4.487049,3.6756325
29185,2,-4.504373,2.9879713
180997,0,-3.4942195,-8.299078
104666,2,-4.308246,2.9770017
24274,3,-2.707457,-2.6667354
102016,2,-4.483496,2.7301562
62446,0,-3.0276122,-6.3808146
153747,1,8.215874,-0.02840865
99539,0,-3.0550368,-7.1714854
33287,4,-5.0996213,3.6685636
10569,4,-4.4459863,4.034378
168685,3,-3.991679,-4.415309
26012,1,8.653223,1.3812506
28027,1,8.717177,0.98824143
147727,2,-3.9392438,2.1222577
136670,3,-2.3572383,-2.6160696
99719,0,-3.548485,-8.831859
174502,4,-4.321187,3.8392682
18950,1,8.979049,0.76982725
79401,3,-2.6977594,-1.215369
111662,3,-2.8533452,-2.936313
100803,2,-4.4636846,2.5606294
15390,2,-4.440075,3.1502976
115455,2,-4.446395,2.8116362
110794,4,-4.700077,4.1269827
100826,2,-4.483871,2.4618444
136424,0,-3.480941,-7.445289
97232,0,-3.694985,-8.937263
161622,1,8.29956,-0.06302912
175990,2,-4.6320977,3.0710607
70313,1,8.593229,1.2750223
149340,1,8.272509,0.48788768
82210,1,8.545354,0.14351176
166505,2,-4.315075,2.4240274
51508,1,8.700206,1.2640811
180330,0,-3.4787128,-9.089413
21361,4,-4.444192,4.2271366
190557,1,8.434219,-0.13738726
90811,4,-4.3095384,4.170036
28029,1,8.779473,1.0041201
87853,1,8.722833,1.1702572
98606,0,-3.0359094,-7.190859
9379,3,-2.2840683,-1.6110592
146905,2,-4.225724,2.2748406
102432,1,6.1330647,-5.0007544
181767,0,-3.6934857,-8.521696
74110,3,-2.892436,-2.09803
189559,1,8.643469,1.1759171
180466,0,-3.7755318,-8.990431
181851,4,-4.5792656,4.098131
154697,4,-4.579018,4.1021576
119424,1,8.08987,-0.08957854
81032,2,-4.4791446,1.4693587
192722,4,-3.8388493,3.4346285
186001,2,-4.2766104,2.52189
5990,4,-4.2963004,3.6721914
150217,1,8.68575,1.1565013
182542,0,-3.6821885,-8.437031
62538,0,-3.3830132,-6.6659045
22983,1,8.522792,0.22504358
137622,2,-4.365708,2.307741
52761,1,8.399569,1.1533425
30532,2,-4.224599,2.1260772
160699,2,-4.3460193,2.375847
17506,4,-5.074303,3.782808
189441,1,8.555154,-0.18213087
99466,0,-3.5061274,-7.6043496
27010,0,-3.4602733,-9.0886135
44751,0,-3.5733545,-8.695219
174631,4,-4.2687445,4.135261
172431,0,-3.3263872,-7.5482864
164167,2,-4.379826,2.6023145
161505,1,8.359924,-0.06302196
190665,1,8.440842,-0.1983267
80998,2,-4.0653315,2.8846161
88738,1,8.774998,1.1608182
165976,1,8.4841585,1.4018743
75051,1,8.764537,1.0030525
7871,4,-4.3515496,4.0398602
69739,3,-2.3580415,-3.2395627
20789,0,-3.3210492,-8.385749
31317,3,-2.511753,-1.6256629
10658,1,6.125009,-4.775612
22209,1,5.343123,-5.5757513
20953,1,8.217493,0.24163951
103875,4,-4.6228676,4.2590537
147737,1,8.520613,0.7702196
98106,1,8.784513,1.4334695
94641,4,-4.5275135,4.198203
11253,3,-3.192443,-3.4849257
173736,4,-4.5598936,3.9152677
18974,1,8.930036,0.89572495
84217,1,8.234582,-0.15990241
161320,1,8.676352,1.083419
86656,4,-4.308378,3.759059
15898,4,-4.4834113,3.7281406
52754,1,7.999038,-0.018648263
49005,4,-4.372543,4.1682262
85126,1,8.689743,0.9512541
146636,3,-3.1104696,-3.679617
149784,2,-4.018283,2.2921426
152100,4,-4.134167,4.053433
18649,0,-3.4958205,-8.406844
111605,4,-4.7054796,4.197701
83268,1,8.516037,-0.34815037
86240,1,8.708908,0.7556113
106930,4,-4.3093295,3.5122392
29219,1,8.597052,0.9538059
14075,1,8.7481,1.0638419
15849,4,-4.522648,3.1985462
4021,1,7.602949,-0.17451935
49541,4,-4.5264235,3.8739243
89568,1,8.543594,-0.23710628
91898,4,-4.370233,3.6684391
105088,4,-4.4820642,4.1818776
32159,1,8.455354,1.0331044
144050,1,8.722564,1.3052212
29586,0,-3.6913066,-8.571291
53753,3,-3.474186,-3.6955554
152672,1,7.3256826,0.33850467
682,1,6.06664,-4.4506187
146494,2,-4.176945,2.234662
109233,2,-4.351364,2.837506
27400,0,-3.5577517,-8.572353
75838,2,-4.2505684,2.291599
174741,1,8.566477,1.3495297
154598,2,-3.991415,2.9628534
180055,0,-3.5487077,-8.588679
184340,1,8.173125,0.665445
108941,0,-3.3435159,-8.483151
179575,0,-3.599872,-8.602003
187281,4,-4.453327,4.0395226
22456,1,5.8957767,-4.96545
96231,1,8.6342,1.3137403
156373,4,-4.461338,3.9524271
180699,0,-3.543023,-8.502626
87204,0,-3.047762,-8.181329
94333,1,8.865147,1.1338124
16853,1,8.232076,0.4149133
21270,0,-3.5510747,-7.483307
113881,0,-3.4009836,-7.5205126
124635,0,-3.2920964,-6.7628493
38561,4,-4.3610215,3.5014026
175767,4,-4.498717,4.1320386
26019,1,8.269792,0.40563425
78890,4,-4.483857,3.7893417
183318,2,-4.270347,3.1925917
193179,4,-4.480062,4.042139
11424,4,-4.494386,3.786912
79934,3,-2.7624822,-1.2789689
180491,4,-4.4526186,3.8412478
86343,1,8.541491,1.273939
45603,0,-2.9821937,-8.2009735
63364,0,-2.983597,-6.9568877
110589,2,-4.528616,2.2967772
110477,2,-4.447702,2.3399718
112113,1,8.69415,1.015222
137569,3,-3.6007752,-3.8066201
83219,2,-4.4694996,2.7100148
82064,4,-4.3304925,4.283289
26677,4,-4.473356,3.993233
82621,3,-3.3017888,-3.6285627
7825,1,8.295272,1.3989018
119352,4,-4.3572464,3.6047163
186372,0,-3.437673,-8.666572
29135,2,-4.519231,2.6402428
24848,3,-2.937538,-1.9945716
114476,4,-4.3612437,3.344517
177199,2,-4.422225,2.0044587
104824,2,-4.4657927,3.2410536
93431,4,-4.4003315,3.8902407
89399,2,-4.475971,3.134911
79493,1,8.539718,1.1186092
7926,1,8.609634,1.2726462
91853,2,-4.2598157,2.3759444
43996,0,-3.6634223,-8.836144
162187,1,8.597779,1.2436253
6376,1,8.180861,0.08227277
14636,2,-4.511111,2.987542
82228,1,8.329064,-0.267081
180905,4,-4.472962,3.8933842
21464,4,-4.34847,4.244132
147010,1,8.988911,0.91194713
38100,2,-4.4582996,2.4058154
11895,1,8.377558,0.14924894
158009,4,-4.322498,4.033808
27117,3,-2.5538683,-1.1310009
113686,2,-4.262053,2.5357122
111541,1,8.645829,1.1873536
86441,3,-2.7942047,-2.654668
189589,4,-4.3140955,3.9050477
157348,1,8.54055,0.69247836
38981,1,8.7137785,0.97660184
40741,1,8.373096,-0.030140966
152616,1,8.688076,1.5235176
41017,2,-4.046356,2.6028404
89155,3,-2.908375,-3.3677254
159288,1,4.8252397,-4.5115995
26022,1,8.641537,1.3488412
87354,1,8.558571,-0.15559515
164474,1,8.414778,0.5145168
99553,0,-3.6324012,-7.4593854
62725,0,-3.143356,-6.515199
85197,4,-4.219233,3.8812182
147939,4,-4.4008327,3.875875
101433,0,-3.2678688,-7.565699
90790,4,-4.423993,4.0811825
86841,1,8.689714,1.2636163
80197,3,-2.6407795,-3.4943497
141119,4,-4.318039,4.0589943
180095,4,-4.6899905,4.0338984
165575,2,-4.4577174,3.422766
171029,3,-2.7397711,-1.0779591
187357,4,-4.3335958,4.0029154
100795,2,-4.518725,2.4899895
101322,1,8.382905,0.22668396
40308,3,-2.449479,-1.4747425
9545,1,8.903715,1.173979
188711,1,8.7431135,1.3797817
41594,4,-4.559098,3.900191
115280,0,-3.7210503,-8.591994
25951,0,-3.3910403,-8.592404
39238,4,-5.146472,3.57874
86988,4,-4.353319,3.4385006
113145,0,-3.0366514,-8.239365
156362,1,8.546853,0.63494605
14502,1,8.476616,0.08984172
102006,4,-4.327288,3.5320616
44299,1,6.132085,-2.9220564
159082,1,8.690652,1.2103136
151497,2,-4.2822576,2.4980638
28802,2,-4.341017,2.6910129
156898,3,-2.844798,-2.2476451
92232,4,-4.5693345,3.9923413
17089,0,-3.8011537,-8.464424
42038,1,8.430637,0.44743186
145249,3,-3.1024911,-4.6865077
50717,3,-2.6092162,-3.8526213
36524,0,-3.071071,-6.993312
14223,1,8.972664,1.3320138
87758,1,8.70829,1.2184854
40754,2,-4.6224823,3.4467995
97267,2,-4.685392,3.4415984
16908,4,-4.7065697,4.114648
2500,1,8.727712,1.3014627
151102,2,-4.40188,2.3925014
79469,1,6.15473,-2.4970472
8420,1,8.252382,0.17857558
7340,4,-4.2736726,3.7843595
27430,0,-3.7484198,-8.267504
105696,4,-4.5354223,4.3267775
119230,1,8.315957,1.1099466
168901,1,8.075803,-0.16274273
144566,4,-4.2100987,4.13468
148033,2,-4.347385,2.6276686
51291,1,8.17459,-0.024480538
109131,1,8.746579,0.9459172
31863,2,-4.4236836,3.1393008
89102,2,-3.7915645,2.3857956
108599,4,-4.473859,3.8426182
10815,1,8.314269,0.22639285
18788,0,-3.3771431,-7.6677866
7338,1,8.47254,-0.05498156
16811,0,-3.0631006,-8.161263
30798,1,8.51332,0.8796414
82578,4,-4.4818635,3.9070003
77612,2,-3.458826,2.5417829
187464,2,-3.7706213,2.2690797
16280,4,-4.392215,3.5199006
3952,4,-4.3852296,4.09718
73223,2,-4.410421,2.3564966
40653,0,-3.8235085,-8.249225
17056,3,-2.9739063,-4.4647913
15255,1,8.378424,0.1262911
2452,1,8.586019,0.6888487
98044,3,-2.3833146,-4.544715
165925,1,8.584626,0.23661065
48134,1,8.308124,-0.10161966
72410,1,8.366586,1.4930292
172883,2,-4.337322,2.1068962
176132,1,8.415349,0.21897161
160742,4,-4.3605595,3.388383
191576,1,8.352729,-0.18087895
163595,4,-4.5223165,4.0829973
36689,1,8.502341,0.7970954
79882,1,8.141579,0.061377946
16010,1,8.332852,0.1095682
159670,2,-4.368923,2.8492436
80142,3,-2.339211,-2.462401
17378,0,-3.5336359,-7.680493
108945,0,-3.5732324,-7.373079
15966,1,7.897287,0.8675854
34982,2,-4.1842966,2.573562
25526,0,-3.3853006,-8.734026
191580,1,8.836156,0.80243224
113928,0,-3.4441028,-7.486917
96874,1,8.879919,0.9967826
87304,2,-4.345024,3.2600968
162867,4,-4.305101,3.4387617
182971,0,-3.7217147,-8.357295
8078,1,8.645604,1.383958
97886,2,-4.5274787,2.6130123
100469,2,-4.315328,2.7219534
22639,2,-4.5014906,3.0550454
110537,1,8.716199,1.2944946
38055,4,-4.66458,4.0537133
35627,4,-4.3881536,4.259389
105932,4,-4.522747,4.0022206
187998,0,-3.4593475,-7.661651
93538,2,-4.5007467,2.9805298
83764,2,-4.211659,2.410159
173301,2,-5.3305697,2.714399
107780,3,-3.07402,-4.8713408
27498,4,-4.4905763,4.0368953
79057,4,-4.3143063,3.7576823
176428,1,8.774134,1.0893477
146445,4,-4.2215314,3.9518833
104427,2,-4.3998594,3.0217116
88756,1,8.7150135,1.0502996
167474,4,-4.37355,4.0067515
163907,1,8.578889,0.73636657
96729,0,-3.3270664,-8.755602
64729,0,-3.1586854,-6.5404563
19598,2,-4.652025,2.7118416
171586,4,-4.5328903,3.8765507
80968,1,8.636394,1.173967
36522,0,-2.9280148,-7.1974006
182764,2,-4.4393606,2.1829774
99990,1,8.665964,1.3214638
149597,4,-3.9635992,3.4708166
51278,1,8.613469,1.4483075
11684,1,8.366408,1.2644957
27409,0,-3.855123,-8.2330265
189927,4,-4.4015145,4.0995307
23404,1,8.67361,-0.0084308805
180794,0,-3.5334704,-7.417545
142800,1,8.122832,0.020701716
43827,2,-4.489699,2.6267877
81700,3,-2.7166111,-1.3363442
180577,2,-5.2885656,2.8677287
188618,3,-2.5567572,-2.485681
21889,0,-3.2188678,-7.4350853
161377,4,-4.3700385,3.97722
87620,1,8.8241625,1.262525
116938,1,6.3096676,-3.768867
94103,1,5.8220572,-5.1211567
87299,2,-4.1652193,2.5666544
113108,0,-3.2632043,-7.963471
181971,4,-4.547373,3.7273097
85455,2,-3.9536614,2.5281928
36430,0,-3.4116516,-7.719886
168383,4,-4.615612,3.413968
111980,0,-3.6413856,-8.765347
180568,2,-5.189113,2.8726702
111530,2,-4.553928,2.3867667
181763,0,-3.9550636,-8.223258
167226,4,-4.509311,4.086599
107903,0,-3.6577423,-8.955459
122803,3,-2.9098127,-3.7233994
24703,4,-4.410447,3.9250073
94627,4,-4.4828467,4.0614243
165465,4,-4.3078065,3.6844304
36457,0,-3.2837064,-7.664317
158768,2,-4.354658,2.4154086
92248,2,-4.4479494,2.7386162
38291,0,-3.5727434,-8.700865
118824,1,8.513572,1.1595287
155130,4,-4.5147147,4.116756
77719,3,-3.702044,-3.5281749
37443,3,-2.4962053,-2.7791255
86699,1,8.651824,0.40116766
171623,2,-4.167628,2.920336
13769,1,5.6010585,-2.4466896
41868,0,-3.1315215,-7.038845
7767,1,8.858704,1.2335204
106490,1,8.020157,-0.08438928
188547,3,-2.7235734,-2.6268823
21850,0,-3.5596187,-7.4282064
159316,4,-5.079689,3.9296134
29750,1,8.767729,1.095519
97089,0,-3.560113,-9.004359
15554,4,-4.3722186,3.9249134
59829,0,-3.2786274,-6.4353123
97102,0,-3.654827,-8.849281
182963,0,-3.6687567,-8.596122
43820,1,6.698373,-2.920782
101304,2,-4.5816617,2.4829066
155198,4,-4.474723,4.2038803
25603,4,-4.3119636,3.7353358
87618,1,8.814475,1.3019733
50516,4,-4.2712774,4.0089216
149750,3,-2.6478794,-2.5086846
147001,1,8.807791,0.618803
110358,2,-4.6942453,2.8446414
27992,2,-4.395477,2.6089072
12110,4,-4.426152,4.0121503
178320,2,-4.455183,2.0866532
25419,1,8.942873,1.1746705
87673,0,-3.4350357,-8.719871
105827,1,8.793538,1.2736448
113269,4,-3.9782946,3.7778525
18679,4,-4.364676,3.6341996
135868,0,-3.8611126,-6.52433
51262,1,8.670765,1.4990513
93755,1,8.784645,1.2204955
146360,1,8.468345,0.31935933
32668,4,-5.2685833,4.036736
87474,1,8.90109,0.60593003
72705,4,-4.3032618,4.1212673
91091,1,8.027664,-0.039935537
103802,4,-4.460246,4.137169
20168,2,-4.612885,2.4931173
186515,2,-4.428565,2.4302926
27467,1,8.619986,0.9587751
75134,4,-4.3118987,4.0536685
157733,1,8.643144,1.0688229
159557,4,-3.4708157,3.5038762
98323,4,-4.469784,4.209222
79821,2,-4.8733163,2.144554
29844,3,-2.8098638,-1.5558901
155971,2,-4.303532,2.407326
99616,4,-4.586019,3.7337246
44240,0,-3.7091856,-8.495602
27080,0,-3.2139883,-8.424311
109101,4,-4.416672,3.778009
88393,2,-4.432392,2.411079
137414,1,7.782431,-0.036123168
103818,4,-4.3618374,4.034377
33104,0,-3.3871539,-7.6570735
6255,4,-4.184674,4.0115123
30330,2,-4.293959,3.1087873
94446,1,8.524415,0.85616565
78582,1,8.36035,-0.09727783
83042,1,8.75864,1.0522109
28119,4,-4.550442,3.6113405
35905,1,8.905024,1.1387696
9655,4,-4.4493284,3.463756
37191,2,-4.094573,2.6463134
169522,2,-4.142928,3.3148754
85691,1,8.582271,0.6973826
4,4,-4.3454475,4.0569997
96025,4,-4.4125023,3.950807
69851,1,8.540642,1.049673
166755,4,-4.503467,3.969345
77530,3,-2.48734,-3.136775
156203,1,8.380223,-0.2954554
97209,0,-3.4761732,-8.731408
172054,4,-4.3146443,4.305339
135022,3,-3.4207482,-3.1947923
165777,2,-3.784099,2.1684833
13076,1,8.279033,-0.020814767
103210,1,8.736603,0.9547314
29358,4,-4.416912,3.6772835
80210,3,-2.6155045,-2.935627
13295,1,8.146603,0.18912345
17197,1,6.099786,-3.297041
177909,3,-2.7960627,-2.2679362
33281,4,-5.056127,3.7602887
25996,0,-2.7592084,-8.618059
162819,1,9.004416,0.7904409
94620,1,8.468724,1.1499615
147835,1,8.433362,0.08739814
115528,0,-3.2317176,-7.8928995
12221,1,8.678125,0.8250864
190326,1,5.6617737,-4.4737782
148963,1,8.542021,1.2222747
174219,4,-3.990403,3.547368
150975,4,-4.507637,4.034879
49248,4,-4.465726,3.9402132
151011,4,-4.347125,3.7882924
119799,2,-4.3366957,2.4816337
101144,0,-3.4140425,-7.495055
37274,4,-4.4051576,4.1899924
22469,0,-3.4606268,-7.4994836
97690,2,-4.405346,2.5652537
39086,4,-5.4349275,3.758781
172055,4,-4.237736,4.2240863
110319,3,-2.8693128,-3.5190568
36208,1,6.2594357,-5.421441
187350,4,-4.352212,4.075658
164033,3,-2.6755488,-1.2337828
166427,1,8.510305,1.2798315
15140,1,8.870313,1.2727258
28109,4,-4.4430084,3.7582788
96690,4,-4.639726,4.095895
116520,4,-5.02094,3.352014
169075,2,-4.4031014,2.62181
185057,3,-2.9736242,-1.0829293
44241,0,-3.3038392,-7.9695196
37235,1,8.842878,1.1840501
112017,0,-3.7006834,-8.550611
57972,3,-2.769006,-2.7622962
2493,1,6.1013384,-2.4076242
120194,3,-2.5899549,-3.279317
106627,2,-4.4574895,2.806841
9298,1,8.222777,0.27179456
147915,2,-4.2477455,2.743957
112761,1,8.331311,-0.0013637658
156575,1,8.3937,0.101732574
96407,3,-2.497261,-2.9881864
83093,4,-4.347885,4.074256
98349,1,9.01852,1.2620063
157575,4,-4.395666,4.0715013
102078,4,-4.6999593,4.2593603
2459,1,8.763045,1.2683593
38295,0,-3.6792157,-8.665763
50387,4,-4.239879,3.5956795
167595,1,8.645709,0.95991385
103774,4,-5.2167344,3.956208
179952,1,8.28084,0.011167469
144252,2,-3.3250628,2.2714028
97127,0,-3.7392776,-8.663364
101178,0,-3.2985268,-7.959986
99507,0,-3.4171908,-7.707447
185036,4,-4.519584,4.1412377
147986,4,-4.257905,3.9201126
49518,1,8.247924,-0.2598047
149528,3,-2.7889225,-1.5104157
24330,1,8.335728,0.3613123
14482,1,8.427819,0.1228535
113241,4,-4.400772,3.9786813
136780,3,-2.4041107,-3.8521338
13693,1,8.733615,0.6502232
102156,1,8.238852,0.28490207
85866,2,-4.288122,2.4256914
43529,1,6.102322,-3.7503881
16360,1,8.30229,0.9380883
48831,1,8.369347,-0.12026264
264,4,-4.453789,4.1347013
119683,2,-4.187979,2.1772752
81936,4,-4.3371515,4.2409964
111956,0,-3.4960778,-8.832559
118902,3,-2.798793,-2.3084407
23881,3,-2.844285,-1.9599711
80496,1,8.684186,1.376564
113403,0,-3.6322422,-8.502333
3080,2,-4.2483096,2.4472942
5955,1,8.616111,0.78989065
13674,0,-3.5452778,-8.655807
14325,1,8.563294,1.3274022
114998,2,-4.505834,2.4117444
187768,0,-2.9214275,-7.3025913
94082,1,8.799082,1.177182
7300,3,-2.423169,-3.2208393
14359,1,8.470375,0.047756832
181760,0,-3.5459113,-8.4082575
50255,4,-4.4562182,4.2357664
91475,1,6.050398,-3.1532187
180797,0,-2.9656615,-7.427862
31815,0,-3.0152378,-7.321375
20495,1,8.50356,0.6163652
120985,3,-2.990048,-3.1516275
33222,1,8.845788,0.9831609
51467,2,-4.309297,2.5425544
100690,0,-3.3149624,-7.7669415
179967,1,8.6851,0.96898794
120419,3,-2.5220048,-3.1476557
7228,3,-3.1809845,-3.0517209
104375,4,-4.4399343,4.267423
35892,1,8.059281,0.14749907
148168,4,-4.4158106,3.6599686
147811,1,8.024453,0.011751497
87848,3,-2.8254106,-1.5404
18012,1,8.870772,1.0913873
28180,4,-4.66502,4.3183436
165488,2,-4.520649,2.5174143
39191,2,-4.5218215,2.614995
169606,3,-2.9224448,-2.6656594
151767,1,8.749956,0.8104685
84044,4,-4.129118,4.30911
7011,3,-2.4383147,-3.425673
88700,1,8.621242,1.2986525
96951,2,-4.5140014,2.9158454
32192,2,-5.118484,2.547407
32993,4,-4.5257964,3.8155267
14621,2,-4.7259645,3.1109042
120834,3,-2.7112694,-2.0439284
8627,1,8.356851,-0.0214208
97815,0,-3.812913,-8.770539
27800,0,-3.6452427,-8.704098
42708,4,-4.376481,3.834906
34605,0,-3.7603338,-8.544009
167448,2,-4.5893345,2.350315
21048,2,-4.2778096,2.5578241
30714,4,-4.3716154,4.240148
161224,1,8.7563715,1.0749259
27058,0,-3.4293525,-7.7413116
158122,2,-4.288447,2.3984382
8570,2,-4.4763336,2.6032386
50554,2,-4.302718,2.5179908
184603,4,-4.3374853,3.8706481
18516,0,-3.4382792,-7.5499954
60405,0,-3.2571318,-6.619338
185520,0,-3.061261,-7.300624
48676,1,8.691808,1.0779446
137347,3,-2.8960476,-3.5788064
60189,0,-2.8496892,-6.6053915
164073,1,8.671887,1.0902267
171758,4,-4.4320564,3.818332
51542,1,8.83367,1.1380576
164338,3,-3.6659908,-2.822364
161077,2,-4.1271496,2.4289193
96789,2,-4.703148,3.4989684
168734,1,8.220683,0.9969659
45313,0,-3.0508637,-8.083418
192628,3,-2.4890532,-3.5685387
8377,4,-4.5382338,3.7609265
107696,1,8.369499,0.2716333
166579,4,-4.330642,3.8266227
37725,4,-4.40904,3.7100315
92421,2,-4.5531654,2.7449007
111682,2,-4.393155,2.4291706
161337,2,-4.289568,2.5254712
69838,1,8.16866,-0.2857487
94371,1,8.854398,1.0709268
107977,1,8.320667,0.13332413
169478,4,-4.4315658,3.9779398
62505,0,-3.3477223,-6.530824
100720,0,-3.160793,-8.126807
33223,1,8.957768,1.137557
17402,0,-3.004828,-6.7060037
87852,1,8.482046,0.903484
90436,1,8.731468,0.14751802
181133,4,-4.50816,3.9944649
103449,4,-4.5717754,4.298362
94313,1,8.98792,1.1751728
176476,4,-4.371948,3.3322098
183637,4,-4.3311315,3.922167
169955,2,-4.668081,2.5751612
177309,4,-4.468447,3.8018517
27066,0,-3.4125967,-7.7193627
165406,1,8.753376,1.2707268
40100,0,-3.6689568,-8.788461
112992,4,-5.0302444,3.5292916
80010,2,-4.0993357,2.3805711
166406,4,-4.4108505,3.6378536
135880,0,-3.3651276,-6.67812
123544,4,-4.1333327,4.0756583
117402,2,-4.475727,2.3412411
93333,4,-4.364958,3.8511364
52884,1,8.505797,0.3718211
182223,4,-4.164737,3.4149692
38142,4,-4.4082813,3.7982695
44457,0,-2.9401143,-7.0200515
143183,0,-2.9133606,-4.4096994
161995,1,8.907053,1.1232585
100662,0,-3.7204366,-8.511049
32723,4,-5.0675983,3.6416554
176857,2,-4.6544127,2.4740977
27024,0,-3.2663133,-7.6818943
10809,1,8.653811,1.2109911
181792,0,-3.5984018,-8.558585
88330,1,8.56962,0.2979847
41659,1,8.290466,0.0129642105
16159,4,-4.478628,3.4758542
183873,0,-3.3618946,-7.525839
148007,4,-4.297259,3.5967133
168796,1,8.2588,1.3841479
144304,4,-4.3309956,4.1001477
41995,2,-4.4459176,2.4923334
44513,0,-3.6441982,-8.896498
162503,2,-3.6668792,2.3370507
19940,4,-4.593194,4.2855067
14108,1,8.673318,1.118086
191705,4,-4.209339,3.6386952
159994,1,8.856228,1.4003342
135949,0,-3.1253479,-6.436286
85342,4,-4.1287084,3.6359177
111583,4,-4.371737,3.6382568
12866,4,-4.5932884,3.9675946
149850,2,-4.3247952,3.2087622
45687,3,-2.1240532,-3.2228403
165338,2,-4.364033,2.7843397
50391,1,8.817314,0.7218505
152594,1,8.534452,1.6830626
19648,2,-4.3552027,2.5961342
100661,0,-3.320032,-7.736147
172206,1,8.092018,0.3277626
149317,2,-4.4409604,3.1387742
115420,1,8.65579,1.2053794
168079,4,-4.4738994,3.9709997
29739,2,-4.572779,3.1027493
98041,0,-3.5829687,-8.788469
183824,0,-3.696362,-6.933128
27901,2,-4.5814176,2.5360098
104541,4,-4.583566,4.2084394
177896,4,-4.538014,4.1117697
31875,4,-4.6141157,4.247491
25023,3,-3.017872,-3.4875188
78846,1,7.9855523,0.2102046
75324,2,-3.637887,2.3011315
31879,1,8.453404,1.3382957
108337,0,-3.4293602,-7.737568
161378,4,-4.3831687,3.8975646
12081,1,6.4335165,-1.8389783
51660,1,5.4387484,-5.2311482
88296,0,-3.264801,-8.468299
171752,4,-4.2263784,3.9652052
84435,1,8.786014,1.0281527
20383,1,8.595947,0.75616086
159173,1,8.474446,1.0334679
42681,1,8.420636,-0.33149102
50814,1,8.54673,1.3687577
14358,1,8.5191555,0.32443333
47140,4,-4.4823856,3.8173487
187208,0,-3.8632298,-8.274181
17189,1,6.200028,-3.0990577
48954,1,8.474753,0.765157
80530,3,-2.7784877,-1.1673379
12183,2,-4.522427,2.7049785
77262,4,-4.4569817,3.8886094
75474,4,-4.401316,3.919115
30658,4,-4.012356,3.6571245
8861,1,8.78694,1.0898468
10543,1,8.47051,1.0838779
107110,4,-4.3075504,3.4412894
149585,1,8.709589,1.1461917
101138,0,-3.3908973,-7.301461
87267,2,-4.356627,2.5536153
80514,1,8.36086,0.59833133
31729,1,8.67767,1.2208598
27739,0,-3.1114647,-7.711531
191065,4,-4.526499,4.1346383
79406,2,-4.1853456,2.6533961
11152,1,8.69254,0.39668322
164816,4,-4.7000585,4.208675
146426,4,-4.289686,4.0094223
149919,2,-4.211928,3.0504122
19670,1,8.762538,1.1292061
110069,1,8.8167,1.0082645
83721,4,-4.499979,4.237574
159785,1,8.850083,1.1190666
85910,3,-2.8352637,-1.2622945
32984,4,-4.473298,3.7734118
92330,0,-3.4403589,-9.037165
181477,0,-3.660464,-8.485272
61673,4,-4.167341,3.7463434
164542,4,-3.984988,3.661946
2127,4,-4.5223746,3.9756253
31691,1,8.921855,1.1650028
38033,1,8.153047,-0.051083677
18259,1,8.5892315,0.0950975
90601,1,9.031853,0.8947979
109890,0,-3.2035728,-7.149018
9412,3,-2.450727,-2.7604709
70478,4,-4.334855,3.9829326
104698,2,-4.355273,2.931846
79339,1,8.425172,1.3048979
190016,1,5.4612436,-4.601585
7388,1,8.575546,1.2272615
88198,1,8.439224,0.23224425
169603,3,-2.8537266,-2.64565
117009,4,-4.148491,3.9602425
178198,3,-2.8940208,-1.9450747
162561,1,8.457566,0.41319028
35802,0,-3.6735644,-8.600608
149588,4,-4.35233,3.851497
167850,1,8.554123,0.92157257
166563,2,-4.454342,2.552151
94300,1,8.282165,0.20705071
178722,3,-2.7639847,-3.2946038
124897,4,-4.3910184,3.6538045
16059,3,-2.9313884,-3.5587199
108341,0,-3.4431033,-7.3973403
45310,0,-3.0571198,-8.190238
18015,1,8.814051,1.082193
39134,1,7.8899746,0.1865781
191075,1,8.721903,1.0967443
40305,4,-4.4194584,4.005913
13417,1,8.821771,0.5284491
12823,1,8.669219,0.57269937
35370,1,8.650548,1.4099946
30709,4,-4.4143524,4.2414393
82267,4,-4.3058963,4.1516094
26412,1,8.582227,1.4263735
23248,3,-2.8339543,-3.8441198
86411,3,-2.7669206,-3.129497
159718,4,-4.1897984,3.8996732
148437,1,8.259023,1.2277766
43134,2,-4.446777,3.0598
159113,1,8.585905,1.14394
32714,0,-3.025453,-8.270656
167685,2,-4.541791,2.4299939
113612,0,-3.4763794,-7.111208
48855,4,-4.617991,4.04325
181334,1,8.78603,1.172604
49015,4,-4.383934,4.127869
12164,2,-4.543798,2.7832756
20078,4,-4.4865847,3.763439
39452,4,-4.5335407,4.072715
44859,0,-3.7290914,-8.550877
108985,0,-3.720933,-8.627991
21959,4,-4.563125,3.6787486
110670,4,-4.441539,3.9117756
16203,1,8.632474,1.0141667
78138,1,8.37723,1.2631733
166032,1,8.41544,1.4236926
91941,1,8.654207,1.460607
13167,4,-4.5450234,4.0501223
153842,1,8.645543,1.2316972
84532,4,-4.2843175,3.8254733
168960,4,-4.448676,3.930223
82773,3,-2.813534,-1.6735559
37918,2,-4.4032683,2.429261
152251,1,8.850189,1.0948342
189443,4,-4.6412115,3.8307328
180593,2,-4.2704725,2.464762
150138,2,-5.027085,2.9901912
10731,4,-4.2728705,3.8167949
167785,1,8.366046,0.9405997
161921,1,8.975443,1.2116283
175105,1,5.836266,-4.602177
8275,1,8.476236,1.4614718
77122,3,-2.8290663,-2.7504485
178824,3,-2.8558521,-2.5931046
131536,0,-3.9228456,-6.6644573
91339,1,7.643668,-0.20787917
90936,1,8.954078,0.81328714
50082,1,8.12548,-0.043486297
14027,1,8.870878,1.0655991
176843,4,-4.47283,3.7922387
79922,1,8.178638,0.5356357
97223,0,-2.9775827,-8.434838
159141,1,8.872377,1.0708871
80830,2,-4.4866652,2.79836
159148,1,8.696593,0.690646
80807,1,8.143155,-0.040137034
181213,0,-3.664626,-8.446104
11847,2,-4.4102774,2.6540272
37989,1,8.817636,1.2127934
26866,0,-3.2517798,-7.604127
167231,4,-4.4507523,3.8695712
180451,0,-3.7933323,-8.248662
157145,4,-4.365415,3.534355
17303,1,5.2582107,-5.458035
109787,0,-3.3446639,-7.4592257
99252,4,-4.2184825,3.9438636
33787,2,-4.660621,3.1368506
158779,2,-4.258254,2.5533333
166493,1,8.44792,0.7986935
181890,4,-4.41789,4.017489
27027,0,-3.4558194,-7.4219146
179684,4,-5.2827744,3.869914
23060,4,-4.498899,4.1284943
81997,4,-4.3315787,3.9474523
60381,0,-3.0381627,-6.324745
150694,4,-4.3307867,4.1101084
38934,0,-3.6005955,-8.796052
90661,4,-4.550914,3.8387902
96204,4,-4.657505,3.8334248
27008,0,-3.7868712,-8.66717
115312,3,-2.833564,-2.7846522
176030,4,-4.4916306,3.9361687
7370,1,8.712415,1.2073485
191433,2,-4.4639006,3.1301122
98165,1,8.593806,-0.17952856
42637,0,-3.2144134,-7.292757
19125,1,8.87956,0.85564256
144693,2,-4.32501,2.262414
19197,2,-4.529054,2.7991369
81095,1,7.94781,0.088633746
7400,1,8.558343,1.1403875
122384,4,-4.17202,3.589468
37662,1,5.449653,-5.257051
3901,1,8.701658,0.942631
79722,1,8.153347,0.33099234
8576,1,8.7896185,1.2462445
144550,1,8.487333,1.5356393
17317,1,5.084111,-5.319461
97655,0,-3.5686722,-8.508363
104628,4,-4.9181147,3.3377717
30600,1,8.85993,1.1967521
8686,4,-4.3683534,3.851215
23680,2,-4.464858,3.1193306
14763,4,-4.4624724,3.6012943
69000,0,-2.9631345,-6.6611295
24116,2,-4.619883,3.2273903
147778,4,-3.6033952,3.3112252
100747,0,-3.726371,-8.19045
99714,0,-3.0920448,-7.1503158
97185,0,-3.6250093,-8.830113
178094,4,-4.488348,4.222308
112062,0,-3.2831287,-7.7518864
187036,1,8.358048,-0.20256934
85814,4,-4.420603,3.7383578
155333,2,-4.386738,2.1645455
92152,1,8.588667,1.3537241
15603,2,-4.396324,2.980723
12443,2,-4.7294817,2.6118498
156055,1,8.540043,0.9168582
9473,3,-2.7220144,-1.7336414
42648,0,-3.1030943,-6.9956875
161470,4,-4.19048,3.6476066
185089,4,-4.403679,3.9624002
18343,3,-3.1568503,-1.2536794
97946,0,-2.9457169,-7.163475
126907,3,-2.8168855,-3.0975888
147503,1,8.297775,-0.11817985
16966,3,-3.0774677,-3.6798072
119935,3,-2.7921078,-3.585174
160138,1,8.636379,1.4935043
89081,1,8.712034,1.0522629
91875,1,8.452665,0.21649054
96735,0,-3.5702212,-8.644514
183002,0,-3.640515,-8.582327
60442,0,-3.966635,-6.877484
41518,2,-4.380677,2.6436296
186979,4,-4.395198,3.9215417
100602,0,-3.3712964,-7.7199845
191151,4,-4.1043715,3.457652
18013,3,-3.197994,-4.7182746
94460,1,5.4153104,-3.8424995
158783,4,-4.3952055,4.005323
155665,1,8.74935,1.2465471
162800,1,8.884747,0.6408365
124222,3,-2.9377477,-4.431199
47911,3,-2.3685606,-3.0812795
29311,2,-4.271629,2.4339457
15297,3,-2.6639738,-3.6832578
160132,4,-4.342922,4.0254474
78907,1,8.751345,1.3823956
37724,4,-4.467626,3.8905284
14030,1,7.368062,-1.1585495
92415,1,8.143855,0.07827122
55481,4,-4.342615,3.603566
138069,4,-4.0916667,4.104912
184776,4,-4.507,3.385543
71809,3,-2.1301692,-4.121687
15004,2,-4.593357,3.1553447
6240,4,-4.158698,3.7303336
103834,4,-4.475195,4.1766157
153932,1,8.5608015,1.6658925
20219,2,-4.456784,2.7073483
24388,1,8.294969,0.23480754
47145,4,-4.4941025,3.8036113
156010,4,-4.396172,3.8415372
167987,2,-4.606415,2.8893433
96659,3,-2.958096,-3.6084895
40134,0,-3.5876684,-8.918016
141116,2,-4.2372985,2.4926677
106342,4,-4.1033783,3.2161713
24843,1,8.521013,1.2303739
19,2,-4.2571335,2.6775546
2962,1,9.105833,0.94211584
50081,3,-2.4292996,-2.9694557
32951,4,-4.4614863,3.8153262
39197,1,8.758831,1.3647536
38014,1,8.572795,0.835321
86992,4,-4.460542,3.740842
58089,3,-2.797434,-2.5953753
22085,4,-4.5272818,3.727445
159528,4,-4.135949,3.9315681
180401,0,-3.7030234,-6.962714
87309,1,8.852025,0.8903435
40748,4,-4.511685,4.037677
10490,1,8.427279,0.50820106
161141,1,8.700112,1.0012829
97213,0,-3.561504,-9.042156
167465,4,-4.233266,3.6209104
82019,2,-4.3850417,2.4953456
184877,1,8.4626045,1.3611253
20242,1,8.59223,1.3781545
85946,3,-2.849333,-1.111313
183111,3,-2.3217227,-3.7910423
97129,0,-3.7201316,-8.972633
75040,1,8.123967,-0.19816308
16311,1,8.677568,0.9950822
13014,4,-4.4404097,4.001508
154735,4,-4.2390456,4.059384
172019,4,-4.428684,4.4369655
49926,1,8.185614,-0.025350552
38737,0,-3.794665,-8.589441
107684,1,8.511897,-0.2633137
21923,1,8.656995,0.34727722
20589,4,-4.5078225,3.4894261
147417,4,-4.367931,4.144906
107842,0,-3.7241528,-8.8486805
103418,4,-4.3802595,3.7559369
108277,2,-4.3242073,2.5996845
181697,0,-2.7844243,-7.3387446
121611,4,-4.5780864,3.7094095
87206,0,-3.3080819,-8.334789
28883,1,8.544824,1.1780039
108462,1,8.958131,0.9062038
90657,1,8.788189,0.7819141
32397,4,-4.486729,4.0891886
96615,2,-4.426219,2.5798593
161289,1,8.79508,1.1504359
180242,4,-4.483788,3.9860537
37403,0,-3.604043,-6.972214
117104,4,-4.2677746,3.9914908
82092,4,-4.2822485,4.1743674
107037,2,-4.758157,3.1847892
97160,0,-3.4268086,-8.798072
73313,4,-4.267102,3.5184944
38060,4,-4.5850983,4.0416126
168524,2,-4.3985457,2.496552
21567,2,-4.37225,3.2309875
168306,1,8.476414,1.040711
102732,4,-4.278445,4.213238
188889,2,-4.3800197,3.0080936
41415,1,8.1490555,-0.05547267
111379,2,-3.5846853,2.2498534
176620,4,-4.4070015,3.9702096
115846,0,-3.61813,-7.150439
158804,1,8.839257,1.163277
76895,2,-4.2684045,2.2294505
165927,1,8.164299,0.84442174
60733,4,-4.0852714,3.800852
14094,1,8.5834255,1.1365306
91543,1,8.702556,0.9159589
101272,1,8.331708,0.21972448
34014,1,8.989944,1.0599738
35581,1,8.1476145,0.20117737
153943,1,8.568598,1.7766467
178031,4,-4.6465855,4.1942644
4829,3,-2.5229774,-1.0806893
8315,1,8.608088,1.2289906
8879,1,8.351542,0.9125912
29052,1,8.8060255,1.169228
166162,2,-4.352755,2.9222863
174007,2,-4.209619,3.2939134
99547,0,-3.3226702,-7.862006
162194,1,8.716,0.84342694
80993,1,8.471941,0.42380792
77517,4,-4.243092,3.9095378
42725,4,-4.2818184,3.6373446
9800,3,-3.031177,-3.6611474
146387,2,-4.2245884,2.9796455
102844,1,6.5363297,-3.1217837
98230,1,8.238729,0.04493463
60190,0,-3.3795595,-6.5859976
38954,4,-4.35536,3.8861794
86055,1,8.815778,1.080328
20076,4,-4.577454,3.8769584
24392,1,8.518764,1.0726948
107132,2,-4.393603,2.3898995
60434,0,-4.0115175,-6.709239
14721,2,-4.2077246,2.8215103
185552,0,-3.3947167,-8.49083
156548,2,-4.477638,2.9284904
128165,4,-4.181646,4.03958
106584,3,-3.059112,-4.5639358
50335,2,-4.16775,2.2485676
189713,4,-4.1440277,3.6349833
85864,2,-4.581038,2.424769
27423,0,-3.7439485,-8.541461
119346,2,-4.536241,3.3205416
83062,1,8.849205,0.30454618
160313,1,8.257215,-0.13442487
165456,1,8.542787,0.21204711
154496,1,8.596413,0.50399745
173873,4,-4.757408,4.1742826
12802,1,8.65087,0.28331858
183636,4,-4.289209,3.7554054
103404,3,-2.88302,-3.4903991
41347,1,8.471116,-0.0739444
34322,4,-4.5089216,4.004967
163692,1,8.6035,0.26452753
10253,4,-4.4254017,3.8770382
177180,3,-2.8944042,-4.129706
39447,4,-4.6120305,4.088807
82505,4,-5.1934586,3.9548764
105556,2,-4.3202147,2.9869807
176896,4,-4.639708,4.12125
9832,4,-4.397151,3.7480478
159044,1,8.354531,-0.27984494
191437,4,-4.290761,3.965403
51481,1,5.9300876,-3.4591212
88601,2,-4.259225,2.3535295
101451,0,-3.465853,-7.1023073
153591,1,8.602713,1.7365185
167274,1,8.771043,1.1542196
26323,0,-3.6162434,-9.010302
161531,4,-4.548566,3.669755
166071,4,-4.0545225,3.7873218
161922,1,8.722352,1.2372342
88199,3,-2.651772,-1.9782265
18892,0,-3.6815422,-8.638619
141292,4,-4.3551507,3.9983475
35767,0,-3.2317083,-7.7907352
164786,3,-3.3166077,-2.4535847
79871,1,8.603737,1.1390065
13281,1,8.28551,0.088531844
166570,4,-4.4093413,4.092725
175796,4,-4.6174507,4.2091093
185487,4,-4.3589053,4.073024
178782,4,-4.4110446,3.821207
28128,2,-4.541323,2.587589
102800,3,-2.9077625,-2.3550596
144155,2,-4.067905,2.4867203
79890,4,-4.3451676,4.0306168
25936,0,-3.6156101,-8.647706
189640,1,8.7768755,1.3043183
96469,1,8.647441,1.2009591
27096,0,-3.5554054,-8.435782
187471,3,-2.587323,-3.8800468
148032,1,7.6400404,0.023069773
40666,0,-3.5694008,-8.473729
163398,4,-4.320841,4.0619316
14666,1,8.727616,-0.004017762
158767,2,-3.9378912,1.5911782
167264,1,8.798718,1.1222267
97381,4,-4.5117717,3.8081293
32248,1,5.8707294,-5.3242245
189855,4,-4.496489,4.239078
158004,4,-4.3629103,4.041034
61693,2,-4.300347,3.1060429
82433,1,8.10836,0.05343051
179364,3,-2.9563904,-3.3059697
30580,4,-4.336749,4.038132
27039,0,-3.5938275,-8.994856
174752,1,8.287464,0.30007762
86802,2,-4.6301513,3.1018822
105857,4,-4.6773915,4.1353407
160032,4,-4.396435,3.8298376
153976,3,-3.0012376,-1.8606817
24094,4,-4.529138,3.9044983
29002,0,-3.7794638,-8.639235
14413,2,-4.5159807,2.895283
84460,1,8.388383,-0.35964185
149307,1,8.394223,0.37688777
74588,1,8.474434,1.2450845
52598,1,8.520902,1.2159456
72721,2,-4.23066,2.5084758
181567,4,-4.5327353,4.2628865
175839,4,-4.559364,4.180388
10615,1,8.459833,0.99469453
45813,4,-4.4862704,3.8525522
113597,0,-3.466201,-7.5025616
13013,2,-4.708023,2.6404006
43998,0,-3.0465307,-8.400683
178843,1,8.583893,1.2175114
2968,1,8.969092,0.92862254
87968,4,-4.2723637,3.959975
183327,2,-4.480489,3.261122
153856,2,-4.3414984,2.4584115
45488,3,-2.9155612,-2.7966785
91008,1,8.388005,-0.040882196
81258,2,-4.29732,2.5934782
32846,2,-4.4772067,2.550572
189955,4,-4.5151267,4.134539
89402,1,8.225543,-0.33939004
7619,1,8.514495,1.1845413
79506,3,-2.903811,-2.0849156
111510,0,-3.7495437,-8.534251
119438,1,8.060494,0.10730685
169340,4,-4.550435,4.1469283
68108,3,-2.4286008,-2.6513112
116549,2,-4.058052,2.5377028
51401,4,-4.263597,4.1047506
109146,1,8.713927,1.0122027
21919,3,-2.8445666,-1.9043789
82109,1,8.378173,-0.07146339
104462,2,-4.588745,2.6949835
39231,4,-4.3614116,3.5091562
36601,0,-3.506424,-7.6564093
2931,2,-3.5761702,2.950433
189717,3,-2.3743036,-2.9407153
97606,1,8.681425,1.4159144
57085,4,-4.2050138,3.7434056
178777,4,-4.4063277,3.9099004
35796,0,-3.0124135,-8.188092
184830,3,-2.69327,-3.5785725
70307,1,8.614814,1.2927823
159298,1,8.570967,1.1065308
168244,3,-3.5395947,-1.14621
10765,1,8.037253,0.87099355
37036,0,-3.6482668,-8.176868
21307,0,-3.4058516,-7.511188
96613,2,-4.1090636,2.8616745
185329,1,5.6989374,-4.4285564
159163,1,8.606184,0.9413483
177854,1,8.317283,-0.2586972
98164,3,-2.8979592,-2.2420194
12057,1,8.67717,-0.21401308
148245,2,-4.173586,2.3252378
4040,1,8.263861,0.03520185
85743,1,8.258263,0.042287078
166405,4,-4.591987,4.173205
143186,0,-2.9603794,-4.346974
104820,4,-4.3704505,4.1533566
99246,4,-4.2879376,3.921855
41348,0,-3.0746286,-7.058988
149852,4,-4.220226,3.6338403
119335,3,-2.8924766,-3.3030427
27936,4,-4.63344,3.7088392
26000,1,8.349619,0.12420264
187985,0,-3.329724,-7.805815
181454,0,-3.6540759,-7.0841002
129553,0,-3.795782,-6.461084
119503,2,-4.375833,2.4236171
148243,2,-4.347845,2.2409775
7692,1,8.751565,1.1945604
176643,1,8.531615,1.116733
141100,4,-4.3974466,4.1547537
36577,0,-3.2483318,-6.8850493
60324,0,-3.303535,-6.340484
171191,4,-4.5872545,4.0242057
36708,1,8.431672,0.255445
27035,0,-3.5130043,-7.6113925
164361,1,7.8212743,-0.13488734
165600,4,-4.518138,4.270281
16912,4,-4.7033296,4.1066356
183025,0,-3.6758192,-8.517166
114962,1,8.9039545,1.1067996
11980,4,-4.5545945,4.215608
61088,2,-4.2575874,2.3375614
157495,2,-4.3752227,2.58411
168698,2,-4.6072226,2.4314184
173805,4,-4.5285835,4.188693
150903,2,-3.8149989,1.8197526
100773,0,-3.6086745,-8.460085
96564,1,8.603313,1.2152066
187678,4,-4.3417544,3.5971446
14345,0,-3.2975473,-7.188823
32246,1,5.840287,-5.215607
94808,1,8.565425,1.1381861
88513,1,8.817689,0.9322412
52758,1,8.324579,1.0697966
101918,0,-2.9792354,-7.5952525
7474,4,-4.4115915,4.0115952
28859,1,8.548975,1.2587165
135216,1,8.017642,0.012811626
1239,2,-4.335876,2.4256809
174754,3,-3.0412827,-2.3788002
109575,0,-3.4979234,-8.690623
15546,1,8.560861,0.352347
162261,4,-4.393071,3.3856413
42742,4,-4.2844267,3.7472067
190224,1,8.4019985,0.9989865
146562,4,-4.311056,3.9083583
160143,4,-4.3636937,4.060108
186073,1,8.389505,0.421658
163628,4,-4.4516397,3.8551848
27071,0,-3.5187244,-7.46916
147433,2,-4.3270245,2.615401
175390,4,-4.695544,4.135074
29100,1,8.6931715,0.2811194
26366,0,-3.5490482,-8.911878
53532,3,-2.6431348,-3.1016307
86641,4,-4.5020833,3.8615656
25174,0,-3.511421,-8.619058
5069,4,-4.293138,3.8666995
82327,1,7.810034,0.06459896
113253,1,8.655065,1.0269967
176016,4,-4.5284705,4.11133
153006,4,-4.4626617,3.890486
5748,1,8.469262,-0.08905318
91665,2,-4.289318,3.1460276
8457,4,-4.3301573,3.668353
152915,1,8.770932,1.2192088
141076,2,-4.4084864,2.6084821
12002,4,-4.695046,3.9549403
86149,2,-4.3576555,2.7688308
154718,4,-4.4759707,4.0808067
162801,3,-2.7904468,-2.695152
96919,4,-5.015287,3.6957994
88800,1,8.666571,1.3779709
14059,1,8.7148285,0.43202838
98421,0,-3.6033456,-8.462056
9887,2,-4.554895,2.7329576
4495,1,8.308656,0.37982294
100777,0,-3.3071177,-7.9461226
18381,1,8.749057,1.2832121
8674,4,-4.4005675,3.891969
93006,1,8.38941,0.13616967
89657,1,8.771554,1.0549066
88129,1,8.32576,0.19626127
28979,0,-3.6332378,-8.7996235
143110,0,-2.7477071,-4.8292627
25263,4,-4.3010817,3.113962
77534,3,-2.5746782,-2.6693666
112851,4,-4.385283,4.017016
163899,4,-4.497738,3.82475
97385,4,-4.5032883,3.8835166
98322,4,-4.4053745,4.0710797
83441,4,-3.8599923,3.6590838
31249,4,-4.3311267,3.8313706
183027,0,-3.6673439,-8.471687
174574,1,5.6228523,-4.369485
98973,1,8.657817,0.02336019
159377,1,8.858156,0.99162173
112885,1,8.682634,1.293601
86074,3,-3.0513473,-2.1774132
91679,4,-4.2832227,3.7549438
52715,2,-4.208831,2.5377731
28166,2,-4.708272,2.9482086
1512,4,-4.386187,4.168565
173371,4,-5.0650415,3.795571
97166,0,-2.9248478,-7.229674
153148,3,-2.7731895,-1.2125692
97182,0,-3.7103257,-8.937609
171161,2,-4.3469944,2.481849
120241,3,-2.7424514,-3.4131548
64251,0,-3.1983755,-6.5929666
49225,4,-4.19407,3.5176246
156265,1,8.74642,1.1301347
149607,4,-4.342404,3.9139068
27368,4,-4.5209727,4.077332
117,3,-2.6027718,-2.347116
163351,1,8.899149,1.2877059
89151,3,-2.750932,-2.8496368
94391,1,8.617692,0.8609928
136969,3,-2.2180948,-3.8202624
31675,1,8.461364,0.05637505
96254,1,8.016153,0.24170764
188948,1,5.442117,-4.592164
147012,1,8.904509,0.84499186
173041,4,-4.5089593,3.7590957
22547,1,5.9833727,-5.0147176
17196,1,5.881335,-3.0985847
180973,0,-3.5377371,-8.498299
23854,2,-4.4778295,2.4842381
187328,4,-4.3964534,4.085885
88728,1,8.54736,0.49231058
29194,1,8.574449,0.47723716
86308,4,-4.369246,4.052579
51256,1,8.50455,0.7492727
171599,4,-4.3071527,3.9379177
110090,0,-3.4055662,-7.488082
123477,3,-2.521381,-1.0988611
164411,4,-4.446231,4.1979017
20217,1,8.653365,0.647034
113553,0,-3.3913198,-7.4091463
159151,1,8.678001,0.87652713
149315,4,-4.2471924,4.1268096
13619,1,8.8050585,1.3498203
163113,1,7.747575,0.6958174
51713,1,8.3189535,-0.07007489
35264,0,-3.5431144,-8.97686
119226,4,-4.2404284,3.8955343
7739,4,-4.1017127,3.4497764
75484,4,-4.3497972,3.9407845
36235,0,-3.3482852,-8.744013
181238,0,-3.5854046,-8.414267
146440,2,-4.2026978,2.941301
33138,0,-3.1772594,-7.9918633
95985,4,-4.508993,4.093062
83732,1,8.761258,1.1884103
164552,4,-4.013799,3.5421355
53949,3,-2.9764478,-2.7748737
32320,0,-3.2439616,-8.169942
52719,1,8.129625,0.063003
152615,1,8.454931,1.7199689
116080,0,-3.3921974,-7.4638796
44010,0,-2.9088082,-7.1818805
149256,1,8.722933,1.3425758
180329,0,-3.575204,-8.741532
161425,1,8.567,0.56799877
157893,1,8.307732,0.30758116
30405,0,-3.398319,-7.3884916
161669,3,-2.6106272,-1.1662883
79987,3,-2.8298664,-1.9353205
50110,3,-3.0095391,-4.815075
175845,4,-4.6133604,4.2618003
96907,2,-5.1330414,2.8750725
35322,0,-3.3224134,-8.8022995
17590,1,6.125065,-4.2045503
15788,1,8.648962,0.45947948
174464,1,6.302764,-2.0352793
169509,2,-4.5660777,3.0716434
16964,3,-3.1956189,-4.7181044
81479,2,-4.37167,2.5411286
15882,1,8.677496,1.464802
181954,4,-4.5701427,4.135767
14054,1,8.955937,1.1437138
105553,2,-4.1648765,3.309794
98338,1,8.738206,1.3873034
149566,2,-4.2346272,2.3571632
13105,1,8.464268,-0.20947267
19209,4,-4.402041,4.1877074
30588,4,-4.3035455,4.1895533
30486,1,8.785269,1.1010333
24087,4,-4.529876,3.8346207
157996,4,-4.2585735,3.9371073
99490,0,-3.5514464,-7.210487
86620,1,6.1610985,-2.7141008
21455,4,-4.429175,4.2758403
176626,1,8.531352,1.0636567
156296,1,8.279807,-0.050617382
112286,0,-3.4716058,-7.533475
8451,4,-4.399459,3.8382077
147777,2,-3.783273,2.0851827
92223,4,-4.5757675,3.7213655
62390,1,8.613276,0.9786055
179186,0,-3.556638,-8.785646
88082,1,8.864048,0.8213441
158801,4,-4.3223314,3.886819
177881,4,-4.610977,4.0993357
176923,1,8.253676,0.24714246
150255,1,8.222747,0.12865931
8705,2,-4.4126396,2.7137363
94075,1,8.976902,1.1884598
98193,3,-2.7209373,-1.1845146
25492,2,-3.7924423,2.0860667
171695,1,8.44653,-0.2183354
9846,4,-4.4496436,3.468498
148156,1,8.530938,0.95307684
149200,1,8.432874,0.53668267
171584,2,-3.9061148,2.3530571
149708,4,-4.3653297,3.9804442
158940,4,-4.273579,3.7452865
64282,0,-3.1262984,-6.55722
36850,0,-3.162965,-8.504212
37419,0,-3.6587205,-8.451972
113812,1,8.757369,0.9737237
10085,1,8.266216,0.1335781
164142,1,8.808528,0.62600815
81871,2,-4.4785266,2.7532902
108796,4,-4.5495996,3.7408433
23412,1,8.802035,0.44641203
62746,0,-2.6614864,-5.7615013
103893,4,-4.537834,4.2423034
29354,2,-4.4286156,2.697959
14673,1,8.672464,-0.43082598
86537,2,-4.2422056,2.2158818
17673,3,-2.76626,-1.266684
27267,4,-4.1404734,3.256619
43350,1,8.616948,0.08183392
118230,3,-2.7626534,-3.3428524
166759,4,-4.5401583,4.0443897
90060,1,8.187343,0.29482853
31053,2,-4.47683,2.1906466
159919,1,8.9981,1.302602
153349,4,-4.3780065,4.063268
27925,4,-4.3889823,3.850501
8644,1,8.72825,0.91240346
44181,0,-3.642179,-8.446241
152360,4,-4.3944407,4.0440645
26039,4,-4.298558,3.9548013
11072,1,8.680625,1.1791023
176841,2,-3.9063644,2.6457014
171670,3,-2.7493584,-1.3527982
7769,1,8.912411,1.241485
166,1,8.682275,0.9955761
77724,2,-4.9751234,2.142241
174029,2,-4.629395,3.0181215
186370,0,-3.3829832,-9.020598
122731,3,-3.2884321,-3.9549775
94345,1,8.826799,1.1714045
159274,1,8.736147,1.1266325
157301,1,8.680848,1.1175256
36567,1,6.163589,-4.895054
36434,0,-3.3021803,-7.610917
176302,4,-4.521085,3.928344
147941,4,-4.396324,3.894969
171949,2,-4.26263,2.8984149
99201,0,-3.1977267,-8.231592
78144,1,8.5219145,1.5498908
90632,1,8.980981,0.8583562
14065,4,-4.2635307,4.040472
137429,2,-4.2893133,2.3780653
11665,1,8.427287,-0.16148855
12999,4,-4.5471005,3.8171558
174314,2,-4.6630526,2.7449937
49432,4,-4.414273,3.9272966
81077,4,-4.3851695,3.9069712
82859,4,-4.251855,3.7401667
27207,4,-4.5991726,3.8708668
178032,1,8.453982,0.34972972
52912,4,-4.295939,3.7037017
60739,4,-3.9863706,3.8141148
22290,0,-3.37315,-7.545083
81576,1,8.300737,0.02181189
41273,0,-3.5441763,-8.552364
25055,2,-4.761163,2.4935317
31835,1,8.758767,1.0846535
75536,4,-4.887175,3.6821647
100172,0,-3.2005901,-6.993961
60117,0,-2.8025312,-6.5818667
98599,0,-3.2891119,-8.363796
143829,3,-2.7011158,-1.3720138
113607,0,-3.1996882,-7.982779
37584,1,8.511004,-0.19680509
93399,1,8.507638,0.555744
80772,1,8.460526,1.3641406
152078,4,-4.095542,3.8940442
180706,0,-3.734187,-8.5164
171519,1,5.662955,-1.8033715
85874,1,8.79671,0.9325613
150723,4,-4.0439115,3.7994711
16301,1,8.660979,0.9045429
101351,4,-4.4767346,4.251694
49048,4,-4.4384565,4.2145557
174597,1,6.3666077,-3.3813703
147733,2,-3.3466032,2.0568733
182742,2,-4.5374207,2.2626398
8718,1,8.897334,1.0109534
136861,3,-2.5319397,-3.6153266
89094,2,-4.613662,3.1999707
158778,4,-4.378238,3.8319292
19547,2,-4.228124,2.5069191
187907,2,-4.423816,2.504686
115818,0,-3.1824994,-8.446001
69582,0,-3.2798502,-7.1629324
28995,4,-4.6013436,3.9798436
99611,4,-4.6503916,3.8694928
138328,1,5.486286,-3.2142057
39635,1,8.689751,1.1918281
186548,3,-2.170893,-1.7222399
18411,2,-4.318089,2.676097
41390,0,-3.5434005,-7.4958034
37409,0,-3.092367,-6.9890976
14396,2,-4.360675,2.5201154
85423,2,-4.1007233,2.4949913
75175,1,8.879103,0.9240945
80158,4,-3.7256994,2.978466
21279,0,-3.5180209,-7.5113306
12112,4,-4.293708,3.8912709
107030,4,-4.5482583,3.9689798
33086,0,-3.4390714,-7.402019
174124,1,8.583723,1.18506
75102,1,8.884531,1.1752868
156017,2,-5.271343,2.1222563
33004,1,8.381277,0.9540439
110342,4,-4.428832,3.6879773
28627,3,-2.5442479,-2.7218874
98141,1,8.831345,0.93811494
101843,2,-4.430478,2.470203
162137,4,-4.432131,3.8078606
151747,1,8.659789,0.6392777
88900,3,-2.6596756,-2.2680962
29423,0,-3.4944165,-7.2977915
189950,4,-3.962425,3.698916
162584,2,-4.3400917,2.3954744
94228,1,6.1012,-4.2008405
25024,3,-2.8255088,-2.932757
37853,0,-3.511385,-7.2627707
11907,1,8.852332,0.6994057
162688,4,-4.485586,4.006634
75246,4,-4.398643,4.066712
16149,2,-4.5881257,3.112322
79441,1,8.829005,0.54738325
45471,3,-2.7875738,-3.0109
99851,0,-3.525438,-7.5089016
71257,1,6.108712,-2.7383096
5133,1,8.483506,1.1359751
181550,2,-4.51035,2.8910015
185038,4,-4.5999203,4.222975
87792,1,8.5371065,1.2321708
144649,3,-2.7487693,-1.315027
35203,2,-3.6592066,2.519655
186389,0,-3.551802,-8.968418
127703,3,-2.5764456,-1.6469162
80737,1,8.458661,0.97502166
110322,3,-2.5512648,-2.7505593
185471,4,-4.295385,3.8367922
108323,0,-3.437329,-7.6735244
149008,1,8.122496,0.0192332
153748,4,-4.252231,3.9363422
150741,4,-3.940738,3.817275
43304,1,8.542179,0.87300944
147366,1,8.658676,1.1800246
81100,2,-4.0831447,2.3502834
128153,2,-3.99832,2.30629
153730,1,8.341347,0.24511985
10715,4,-4.2760215,4.1409674
88458,1,8.616118,0.49356773
153521,2,-4.1081867,2.4381144
166515,4,-4.2671323,3.61849
99761,0,-3.7519987,-8.615577
137431,4,-4.3828373,3.9111
31343,4,-4.224095,4.14056
90078,2,-4.5165577,3.3241959
180977,0,-3.57808,-8.418191
10066,1,8.578611,-0.27305534
111371,2,-3.6047754,2.3337712
15904,1,8.555973,1.0325173
127886,3,-2.5322602,-2.1573672
19841,0,-3.8607736,-8.548276
137619,4,-4.5681705,3.7684824
53544,3,-3.0737107,-3.6244013
189899,1,8.764124,1.0438194
91019,1,8.4383135,-0.16598439
98108,4,-4.466805,4.1149254
88980,3,-2.8464406,-2.1833565
175574,2,-4.3616343,2.3857741
112294,0,-3.4136443,-9.07809
97176,0,-3.4784582,-8.004426
181870,2,-4.5774117,2.8682835
145211,1,8.014153,0.17043544
150241,1,8.551083,0.46820518
61029,3,-2.7519321,-2.3312564
17529,4,-5.081187,3.55521
47369,1,6.2437916,-5.0691943
156485,4,-4.078376,3.960944
18805,0,-3.656301,-8.043861
8584,4,-4.431667,3.9668555
154642,2,-4.1324363,2.5751896
159784,1,8.881773,1.0780605
95994,4,-4.443487,3.8367321
7903,4,-4.327903,4.0208583
17023,0,-3.0751684,-7.10019
99219,0,-3.3895986,-7.500984
118757,1,8.036283,0.0476488
154615,4,-4.3895597,3.8896596
90556,1,9.041397,0.90351856
111711,4,-4.579669,4.082676
112962,0,-2.950063,-8.482167
179972,1,8.75446,1.1721727
149972,4,-4.9351826,3.236513
78150,1,7.9749165,-0.0061990432
144779,1,8.772248,1.186711
161476,4,-4.3359294,3.8450537
8683,4,-4.506092,3.7541873
160459,1,8.441265,0.6469034
136425,0,-3.3479233,-7.4475765
102824,4,-4.368932,3.8936176
113625,0,-3.0657148,-7.024901
91703,3,-2.8022175,-3.2023287
74972,1,8.60688,1.5020983
39016,2,-5.2977443,2.0477436
147789,4,-4.063054,3.743982
89239,4,-4.288916,3.9321787
99683,2,-4.4640226,2.7078204
183216,4,-4.315524,3.9734583
37119,4,-4.529724,3.7274055
11189,1,8.056828,0.10321339
149387,2,-4.21363,2.9963312
18956,1,8.902673,0.6970323
180636,4,-4.353167,3.639694
18169,1,8.665343,1.0811371
97195,0,-3.3894246,-8.822825
184726,3,-2.7372272,-4.2480993
77544,3,-2.4563544,-2.820395
11687,4,-4.386501,3.8171704
192622,1,8.55614,0.31354567
110405,2,-4.551079,2.4248397
66811,3,-2.7920508,-2.4354742
24097,4,-5.041782,3.186641
58364,2,-4.1484036,2.450469
53934,3,-3.1483853,-3.3587139
174746,4,-4.6418276,4.2125998
102842,4,-4.2270145,3.7461717
43719,0,-3.2672954,-7.4257927
1793,4,-4.4588833,3.8764668
176922,4,-4.70713,4.2195997
94587,1,8.52568,1.0477458
137519,3,-2.8128936,-3.210223
174275,3,-2.707822,-1.0787944
165297,1,8.761711,1.0963935
161428,1,8.918026,0.9832906
90698,1,9.009455,0.8832287
150214,4,-4.504132,4.0048904
103895,4,-4.417246,3.9255857
115632,1,8.548443,1.1289207
61148,2,-4.2090726,2.0932903
105610,4,-4.3966513,4.225785
45969,0,-3.5083447,-8.2697525
160775,4,-4.392121,3.7388837
179190,0,-3.804131,-8.617519
49939,2,-4.495439,2.949932
35265,0,-3.6384957,-9.078193
164026,2,-4.612149,3.2389548
92589,1,8.622247,1.1010828
161962,1,8.924996,1.1857837
113579,0,-3.2671556,-7.7930417
181470,0,-3.6133845,-8.309912
97891,4,-4.4599304,3.8385148
26011,1,8.604547,1.3131851
112010,0,-3.6986916,-8.706748
167789,1,8.520889,1.3130254
14328,4,-4.5581846,4.139018
102727,1,6.4934993,-2.730424
12080,1,8.738545,1.188508
150286,2,-3.9320436,3.1365564
5380,1,8.70905,0.88063484
8182,1,8.05566,0.43680617
188873,3,-2.45376,-3.0661485
5830,1,8.879894,1.1558727
112020,0,-3.7084703,-8.367942
187990,0,-3.3476636,-7.857145
29176,3,-2.4635267,-1.768534
32868,2,-4.384343,2.698488
80389,1,8.056176,0.23460138
48255,0,-3.5448937,-8.857142
98429,2,-4.5579524,2.5497203
99393,1,8.336541,0.7562456
32098,1,8.094673,-0.28796768
129371,0,-2.621923,-6.2866735
177877,3,-2.7610424,-2.433653
93991,1,8.755816,1.2531567
40922,0,-3.1046197,-8.095966
98467,4,-4.551649,3.9759767
9645,1,6.042483,-2.7022996
1664,4,-4.347595,4.016643
24405,4,-4.4585958,3.8303366
94314,1,8.974333,1.2268869
136787,3,-2.5788722,-3.691225
14851,0,-3.4669383,-8.252915
96312,2,-4.3004165,2.4103296
187315,2,-4.439309,3.0810084
36102,1,6.0909767,-4.8381457
85479,4,-4.357343,4.2556443
91596,1,6.028964,-3.1470714
172048,3,-2.5260065,-1.3071923
21262,0,-3.419505,-7.5719
137779,2,-4.23601,2.299938
113734,2,-3.9482765,2.063435
183521,0,-3.448237,-7.338695
159696,1,8.35304,-0.10227337
176423,1,8.807653,1.1365743
166120,3,-2.8995178,-2.5940938
179937,4,-4.697649,3.7321064
81233,1,8.568308,1.297257
37572,1,8.319277,0.14459936
162693,4,-4.456574,4.00734
96281,4,-4.2424536,3.6937706
49239,2,-4.2908425,2.4150176
113718,1,8.830054,1.0701554
166489,4,-4.5050607,4.1214743
30837,1,6.6055202,-2.4102516
72918,1,8.390157,-0.29798415
10548,1,8.542239,1.4127532
150236,2,-4.967695,2.9552844
20634,2,-4.476817,3.0575264
19120,1,8.287011,0.80724776
45480,3,-2.7511292,-2.9104028
40004,1,8.211771,0.32726133
28957,1,8.710348,0.47911823
49047,1,8.409599,0.026282445
103819,4,-4.3692102,4.1228642
11512,1,6.033,-5.0865808
26056,2,-4.2619896,2.4344287
95720,3,-2.8044224,-3.009934
110819,4,-4.4845223,4.137744
89863,3,-2.6955323,-2.4486966
81904,2,-4.3681436,2.4697964
86081,1,8.939626,1.083222
91290,1,8.388697,-0.15321997
176039,4,-4.400594,3.6556826
97125,0,-3.6638236,-8.912392
175367,4,-4.672493,4.1068616
18671,1,8.445932,-0.06295431
21796,0,-3.0967474,-7.0023155
26750,0,-3.7750938,-8.786508
12385,1,8.640226,-0.29716495
36573,0,-3.4026742,-6.917727
101094,0,-3.2684467,-7.727957
50315,2,-5.33465,3.018967
131923,0,-3.5365171,-7.2280526
157899,1,8.101619,-0.17061159
174595,1,8.666448,1.0184001
173646,2,-4.678234,2.5726087
191729,1,8.258448,0.15044993
147952,4,-4.236701,3.8709135
182541,0,-3.690108,-8.654553
167112,4,-4.620821,4.1727333
24223,3,-2.8796296,-3.2310412
174120,4,-4.6225047,4.0148215
143738,4,-4.168432,3.4349408
155425,3,-2.8084812,-2.6003628
89788,2,-4.3460164,2.564735
98565,0,-3.1412852,-7.034629
111998,0,-3.6865776,-8.670641
116976,4,-4.0905824,3.5272472
88829,1,8.496424,0.91596574
178928,3,-2.7917833,-3.9213738
94466,4,-4.26535,3.9404902
135920,0,-3.2340832,-6.638277
153617,1,8.57098,0.9917181
157707,4,-4.4284453,4.150273
87778,1,8.079967,0.14007357
14254,1,8.445374,0.61606234
79891,1,8.374297,0.58038974
96966,1,8.845871,0.7897735
30179,2,-4.310488,2.5142784
5282,1,8.201232,-0.08986192
50356,2,-4.4948664,2.6263933
147985,3,-2.713668,-1.2932016
184253,1,8.562625,0.22531788
114644,1,8.380435,0.99816865
20752,0,-2.9461539,-7.4934106
164821,4,-4.579504,4.1726675
86427,3,-2.7496629,-2.6803756
60292,2,-4.010416,1.9849172
82626,1,8.390722,-0.12769622
85767,2,-4.4595513,3.030158
19911,4,-4.5828266,4.0140944
22944,2,-4.593779,3.1671224
97521,0,-3.1954968,-8.332262
24393,1,5.9075465,-2.7982216
2352,1,8.818364,1.2068217
15368,1,8.239279,0.24312614
188293,4,-4.3135524,3.5271256
88694,1,8.334996,0.19774082
33344,4,-4.5352154,4.0530806
86503,0,-2.9423215,-8.529549
87097,4,-4.442601,3.9255626
146773,1,8.6985445,0.85353297
167275,1,8.809047,1.2603867
86850,4,-4.558845,3.98224
161229,4,-4.4653645,4.051145
114191,0,-3.0116892,-7.1672587
108685,1,8.661541,1.1436158
80365,1,8.296158,1.3863974
12509,1,8.722657,1.3993266
7864,1,7.701888,0.2592822
80766,1,8.211051,0.13251005
90779,4,-4.3603888,4.097822
174381,4,-4.3879447,3.8504324
149579,4,-4.4129105,4.0637984
155584,4,-4.440714,4.210345
84730,2,-4.464904,2.4727173
167845,1,8.666024,1.0755273
75515,3,-2.9480126,-3.7222934
31873,2,-4.709071,3.2481217
165670,1,8.911604,1.2428005
143896,4,-4.2797327,4.1015234
29216,1,8.372666,0.12844788
161013,2,-4.2901525,2.4413702
173737,4,-4.646625,4.1467204
180348,0,-3.5730965,-8.485842
44535,3,-2.2631695,-2.9123962
18235,3,-3.666443,-2.0258965
94534,4,-4.5449734,3.5388749
159308,2,-4.2929025,2.5625408
148014,1,8.696389,1.080475
160342,3,-2.6243143,-1.5402691
60711,4,-4.185529,3.8883383
25350,2,-4.7043266,2.4765298
180069,0,-3.179216,-8.323262
136319,0,-3.9086878,-6.768167
53756,3,-3.6916544,-3.3014402
61231,2,-4.11497,1.9125167
176036,2,-4.4288898,2.741028
62144,0,-2.882002,-6.521647
49017,4,-4.425135,4.125766
23309,1,8.491445,0.5423166
113897,0,-3.4373868,-7.4329896
154656,1,8.916507,0.9676125
19168,1,8.772283,1.2006645
97339,2,-4.331096,2.7266886
29273,4,-4.654491,4.0853705
5268,1,8.579275,0.6790828
82204,2,-4.5606656,2.5091107
85757,2,-4.4735627,2.5476367
163537,1,8.952145,1.1784992
20378,2,-4.122367,2.3119755
178786,4,-4.395303,3.9085624
60669,4,-4.0707297,3.7707393
163097,1,8.578693,1.365542
90939,4,-4.5029144,3.9171455
103577,4,-4.5975957,3.8521068
90644,1,8.990178,0.85234463
107687,4,-4.392412,3.745157
88295,0,-3.622629,-8.33594
184804,0,-3.0837903,-7.3448277
89033,1,8.378453,0.128133
87835,3,-2.6371384,-1.5296516
89884,1,8.69185,1.0173569
181757,0,-3.6287146,-8.41783
156722,4,-4.0216656,3.7482324
75120,4,-4.3806906,4.05871
161880,1,8.410205,-0.08482327
32382,2,-4.4198446,2.6969519
150177,1,8.109877,0.41969448
177035,4,-4.6081686,3.9486887
14186,1,8.379749,0.30712053
29717,2,-4.6668997,2.635837
97631,1,8.617279,1.1862308
181489,0,-3.5679574,-8.597247
100379,1,8.645416,0.8420901
84263,1,8.508268,0.85169125
113406,0,-2.9995196,-7.194185
153585,1,8.635316,1.7049657
26652,2,-4.229306,2.439119
187642,1,8.687479,0.77124643
82891,2,-4.353111,2.5058653
98368,4,-4.634473,4.306045
74600,1,8.201247,1.1221129
86316,4,-4.35718,4.049033
13950,1,8.826577,1.2686225
90844,4,-4.3105288,3.8018818
33191,0,-3.519196,-9.013422
7608,2,-3.4890845,2.4309711
80734,1,8.595739,1.3822302
21359,4,-4.385439,4.2414274
163379,1,8.633404,1.4585088
24114,2,-5.024463,2.571833
18542,0,-3.4722164,-7.7928267
103087,1,8.297309,0.2968643
7610,4,-4.2624598,4.132584
151956,4,-4.3536167,4.0188694
83718,1,7.6626143,-0.38850373
85796,1,8.735294,1.2301638
37463,4,-4.063841,3.7823932
24247,1,8.586049,1.1986222
104971,4,-4.400286,4.1461453
16066,2,-4.3768053,3.0753472
169311,4,-4.60387,3.6539326
27033,0,-3.289879,-7.1995215
83581,1,8.362378,-0.24273574
162866,1,8.3112955,0.45413375
91885,1,8.838544,0.7194564
30686,2,-4.5376277,2.6680553
154145,1,7.584576,0.003899037
79614,3,-2.254523,-2.0894926
36582,0,-3.381278,-6.7794747
26326,0,-3.5442643,-8.895527
2961,1,9.089187,0.96932733
111744,4,-4.5164375,4.030967
20753,0,-2.8841555,-7.1576295
9886,2,-4.5480466,2.6526952
188846,4,-4.2733574,3.8310297
32522,4,-4.5091224,4.136111
95981,1,8.831649,0.9754202
37466,3,-2.458946,-2.7516997
50166,2,-4.5810714,3.1942363
36731,1,6.2643976,-1.3790855
97878,0,-3.653093,-8.844447
189858,4,-4.458179,4.2082777
154252,3,-2.780381,-2.5424225
110878,2,-4.6076055,3.3203108
20944,2,-4.3294377,2.5218604
112449,2,-4.3871408,3.2315154
97900,0,-3.7073832,-8.779291
142878,0,-3.4570282,-7.1871233
136776,4,-4.102802,3.6097353
38042,4,-4.5786986,3.936861
38144,1,8.132858,-0.21285886
63331,0,-3.3317118,-7.2019634
158935,2,-4.2001534,2.542121
97371,2,-4.6817584,2.7417238
161854,1,8.74515,1.1877189
163193,1,8.999461,0.9631496
113647,0,-3.6049519,-8.489065
94987,2,-4.432394,2.983657
27693,4,-4.442996,4.252993
20932,1,8.4779,0.22069786
29974,1,8.04139,-0.08641959
94321,1,8.943309,1.1341048
136423,0,-2.9818828,-6.995804
149810,3,-2.621563,-2.6135292
57975,3,-2.9425626,-2.531126
175448,4,-4.650541,3.6821992
167830,1,6.1451364,-4.4129977
188550,3,-2.750477,-2.381192
151223,3,-2.5486705,-1.8233371
86455,1,9.014949,0.9025875
34257,2,-3.8544161,3.181306
159851,1,8.885169,0.9505642
147803,2,-4.228535,2.2861233
178985,2,-4.5342913,2.6380155
64258,0,-3.1973553,-6.486376
163041,1,6.1797843,-3.0181277
1450,2,-4.2184525,2.6627731
86366,4,-4.3803234,3.7802117
29222,1,8.732636,1.0104216
14848,0,-3.336588,-8.904824
177045,4,-4.3843436,3.513441
110414,4,-4.509584,4.084307
148078,3,-2.5588467,-1.6730636
108129,3,-2.8998332,-2.5612693
90909,4,-4.440416,3.8973453
105086,4,-4.355371,4.1678987
154062,4,-4.0184984,3.5590808
160394,2,-4.4006186,2.4353182
78427,1,8.482999,1.2194933
18764,2,-4.4482193,2.6400638
52630,4,-4.306672,3.4759765
17008,4,-4.387437,3.6347616
95360,2,-4.4856315,2.6158795
156247,2,-4.4662375,2.4151635
105021,4,-4.4044123,4.2207656
150913,2,-4.476402,2.9807873
162493,3,-2.8875403,-4.677253
32964,4,-4.397637,3.469944
40403,2,-4.607977,2.5887473
115088,1,7.9367256,0.32429287
103089,1,8.784299,1.3300155
93524,1,8.695628,1.4297284
112918,1,8.707122,1.3237451
43751,0,-3.1420484,-8.2501745
149595,3,-2.916781,-2.5677326
116826,4,-4.467557,4.067791
41156,0,-3.1969855,-7.3818984
10954,1,8.556889,0.31169546
14244,1,8.949474,1.0591102
106721,1,8.51956,0.54676276
107033,1,8.659099,-0.025389433
150580,3,-2.798722,-3.047438
80347,2,-4.3342404,2.2403476
167554,1,8.749971,0.8408971
182672,1,8.25741,0.07792548
92235,1,8.681849,1.4204798
136677,3,-2.5752273,-3.9237666
161106,2,-4.2956753,2.5945783
87281,1,8.932349,0.8695031
39370,2,-4.558577,2.9591687
95947,1,7.4163337,0.27885085
25121,1,8.9263525,0.78963083
20462,0,-3.8574266,-8.680219
49907,2,-4.551253,3.3512452
160319,4,-4.537867,3.7122731
19847,0,-3.0315413,-7.1624465
147626,4,-4.281361,3.7719114
114419,2,-4.426928,2.3146672
28676,0,-2.9904912,-7.3498898
165816,2,-4.350291,2.459708
84167,4,-4.366003,4.2507043
168511,2,-4.419592,2.613186
74601,1,8.190165,0.04798615
83410,1,8.600733,1.1232625
27562,4,-4.4814987,3.9324093
33992,4,-5.123727,4.033829
187298,4,-4.4507923,3.9763103
44661,3,-2.2789125,-3.0403626
59893,0,-3.2918487,-6.478443
99228,0,-3.2422493,-7.580402
105156,4,-4.4882765,4.0167522
119441,1,8.635733,0.88022393
111557,4,-4.459044,3.8688815
119567,3,-2.8793457,-4.237092
115309,4,-4.183578,4.117767
107013,2,-4.527851,2.760699
187183,0,-3.6274095,-8.535566
12258,1,8.368101,0.103809886
114669,0,-3.1095016,-6.9872127
13327,4,-4.63093,3.902806
152076,4,-4.083041,4.0197244
16128,0,-3.3993886,-7.329302
95090,1,8.619712,1.1229268
83181,4,-4.562533,3.8425171
185034,4,-4.5378575,4.1273675
82326,4,-4.4292393,3.8514779
77365,3,-2.8318477,-2.2851467
163103,1,8.643779,1.3741082
35545,2,-4.3604207,2.6829278
13036,1,8.616226,0.11888028
40959,1,6.7770944,-1.8168795
10529,1,8.257868,0.19822492
147959,2,-4.178901,2.2811904
166575,4,-4.5011888,3.7670717
50774,1,5.466058,-4.9323444
163945,4,-4.4434004,3.737638
95477,4,-4.383894,3.7330194
184590,4,-5.0459447,3.7257147
18304,4,-4.5220966,3.8867524
158865,1,8.725844,1.2049799
154403,1,8.549014,1.2350031
10391,3,-2.5675697,-3.8550205
25594,2,-4.557405,3.1110375
180546,1,8.674729,0.79516935
38674,4,-4.39685,4.01868
167271,1,8.810968,1.2536613
161265,4,-4.4613175,4.0506544
175579,2,-3.9263055,2.23136
27047,0,-3.5873919,-7.512544
131199,0,-3.1316054,-6.4031
111524,0,-3.7502706,-8.804225
86033,3,-2.6361067,-1.5106453
153590,1,8.528101,1.6683767
34628,0,-3.8789625,-8.325936
97595,1,8.909265,1.2346592
109404,1,8.465584,-0.11134753
117319,1,8.456512,-0.062581584
1923,0,-3.4587526,-7.1602583
113810,1,8.326185,-0.17201196
27882,4,-4.626285,3.6846251
51260,1,8.6354685,1.493457
3808,1,8.947387,1.0451831
30568,2,-4.438291,2.5485842
182606,1,5.796324,-3.1892564
152898,1,8.775703,1.138636
60380,0,-3.210857,-6.438574
12797,0,-3.459572,-8.681616
82212,1,8.797333,1.14493
109504,1,6.3030796,-4.857404
101359,1,8.775952,1.3086741
108967,0,-3.4277086,-7.390171
7413,1,8.561042,1.2411072
28072,2,-4.5621667,2.6554277
160549,1,8.766294,1.358478
150131,3,-2.9480512,-3.0018935
62564,0,-3.2489643,-6.563383
78425,2,-4.1631656,2.5163338
12936,1,8.869359,1.242833
149560,3,-2.6729481,-1.4396155
92015,1,5.561647,-4.364889
110135,0,-3.4406815,-7.0874543
105693,4,-4.423791,4.2322936
136568,3,-2.547457,-2.8986628
3609,1,8.218864,0.20085423
23341,1,8.520265,0.8028165
14194,1,8.5735035,0.8161086
169690,4,-4.4810467,3.510661
59983,0,-2.860875,-6.0295854
161144,2,-4.389759,3.213097
187252,1,8.590823,0.87669915
83024,1,8.923122,1.2267464
50540,1,8.70673,0.21318917
59910,0,-3.4421303,-6.6424956
48142,4,-4.4247108,3.6037526
23619,2,-4.630478,3.3277068
15101,1,8.553185,1.0901769
30464,1,8.595151,1.1586453
93650,1,8.330527,0.036165375
179802,0,-3.62092,-8.557875
149259,1,8.617454,1.2727022
155208,3,-2.6722558,-1.3485793
104235,1,5.1587477,-3.2332196
18795,0,-3.4896178,-6.8841834
161292,1,8.979604,1.2117507
45611,0,-3.5535939,-8.467899
179769,0,-3.673404,-8.618658
77569,3,-2.5263903,-2.6147144
17381,0,-3.0233705,-6.703262
85454,4,-4.4774036,3.8090594
97476,0,-3.5313094,-8.930437
102580,4,-4.4770675,3.847312
109105,4,-4.4472656,4.004842
14882,0,-2.5575454,-7.439541
106917,2,-3.9736283,2.470182
9251,1,8.640445,1.229557
112949,0,-3.153765,-8.265251
60294,2,-4.19135,2.2838624
26145,1,8.3436985,-0.2659671
20735,0,-3.6898596,-8.750032
21454,4,-4.429183,4.2834363
18276,4,-4.380644,3.940388
5630,1,5.509717,-3.5689695
99767,0,-3.6776447,-6.9717317
113274,4,-3.97726,3.7873087
14534,1,8.706539,1.0101385
44000,0,-3.4680655,-7.5195155
110625,2,-4.5816684,2.5163882
90635,1,9.005881,0.8272713
8264,1,8.208279,0.14091933
169638,1,8.9175,1.3009716
95797,3,-2.812935,-2.9011831
95307,4,-5.2197094,3.9395223
117039,1,6.0835185,-3.5050776
149958,4,-3.8521886,3.8791955
159154,1,8.771447,0.9518813
115839,0,-3.5589876,-8.758842
37218,1,8.687627,1.025841
44454,0,-3.3985827,-8.705334
20651,1,8.581352,1.4680848
176882,4,-4.5633698,4.026269
145149,1,8.162754,-0.14544068
108982,0,-2.9189003,-7.2983027
32547,3,-3.110326,-1.9323103
187275,4,-4.462683,3.9123538
110312,2,-4.586706,3.2047796
166560,4,-4.2445974,3.8523533
35751,0,-3.3264368,-7.748049
17395,0,-2.8592596,-7.1912494
167050,3,-2.8228412,-2.2601914
19925,4,-4.5901575,4.038944
83939,2,-4.399274,2.6102192
150940,2,-4.460663,2.8069031
114689,0,-3.0915911,-7.145209
11833,1,8.5202,0.11126507
10203,1,8.341538,0.039548032
162667,1,8.84295,1.134988
14002,1,8.767136,1.2507288
162299,4,-4.527902,3.8264995
188529,3,-2.8747373,-3.216722
87163,3,-2.838449,-1.4977719
40458,4,-4.47203,3.4137352
149552,2,-4.2333846,2.9675074
108293,2,-4.5749435,3.2608092
120684,3,-2.7016816,-2.9130864
42609,0,-3.646915,-8.779203
82231,1,8.795848,1.1712931
4078,1,8.316509,-0.005530656
21782,0,-3.054314,-8.332947
82688,1,8.6119,1.3408606
179770,0,-3.7557945,-8.579874
110439,2,-4.601418,3.0794795
111169,4,-4.32062,3.543074
93628,1,8.639511,1.4329088
187069,2,-4.041165,2.4696386
180424,0,-3.5232391,-8.88082
163555,1,8.864684,1.1271721
87795,1,8.770168,1.134307
107031,4,-4.5472703,4.1068606
101095,0,-3.6008072,-7.2811475
157472,2,-4.4126115,2.9308124
91913,4,-4.392946,3.9480293
77745,3,-3.7582784,-3.9270718
31718,1,8.727549,1.1742618
168438,3,-3.0901413,-2.6258798
154009,1,8.324484,-0.3633927
53926,3,-3.3877106,-3.554679
111362,4,-4.5416255,4.026887
169839,4,-4.340778,4.0661187
105074,4,-4.495537,4.2220297
177790,4,-4.43384,3.7652068
117662,0,-3.576484,-8.750185
19135,4,-4.6339097,4.0924554
14544,4,-3.9727879,3.239736
170385,4,-4.452949,3.9647493
9447,3,-2.7228348,-2.3920546
14123,1,8.799028,0.04087768
20981,1,8.317615,0.048759375
110352,2,-4.354908,2.2658966
175151,2,-3.7824256,2.9790134
97429,0,-3.5239632,-8.643647
24293,2,-4.6645193,2.8945405
109040,4,-4.426404,3.9519506
26847,0,-3.2574627,-8.1394005
96221,4,-4.6905756,3.8324673
14076,2,-4.279969,2.6484087
99826,0,-3.3617086,-7.7922525
116431,1,8.141458,0.0141854705
43684,0,-3.5680559,-8.864211
34323,4,-4.61693,4.1714683
174433,3,-2.8059964,-1.7264105
16228,2,-4.4232464,2.4774466
94331,1,8.767114,1.1305087
31660,1,8.446641,0.39743334
189514,1,6.022757,-2.4891427
86047,1,8.732026,0.94126457
104843,4,-4.406671,4.1328974
115824,0,-3.4385095,-8.398917
81908,4,-4.448274,4.1543827
167328,2,-4.479737,2.9713812
171044,1,8.601138,1.1078484
40651,0,-3.2099864,-8.085519
189561,4,-4.4353633,3.5505114
149247,1,8.401876,-0.027875252
18906,0,-3.554506,-8.976565
92427,4,-4.503592,4.131155
33963,1,8.877833,0.9545433
144329,1,7.906436,-0.05215492
29312,4,-4.2718396,3.5542338
78172,1,8.4917345,1.3241527
166518,1,8.155371,0.17672852
99218,0,-3.403108,-8.483065
113984,0,-3.4483676,-7.2648277
136967,3,-2.5103738,-3.6449041
179127,3,-2.4667602,-2.1855798
81787,2,-3.736675,2.16484
23803,2,-4.6205983,2.8846726
22467,0,-3.6664522,-7.0871797
10419,1,5.59698,-4.9840946
97522,0,-3.8783045,-8.204182
166618,2,-4.3063374,2.6333227
9074,1,8.791747,0.75402683
86624,1,8.151185,-0.14587292
166482,1,8.102607,0.10122557
48832,2,-4.365476,2.2397645
17744,3,-3.593826,-2.0733323
100092,0,-3.748943,-8.537444
181881,4,-4.5154915,4.000395
135885,0,-3.2465138,-6.5264463
165529,2,-4.459048,2.702075
73303,4,-4.140323,3.9637547
26160,2,-5.0349817,2.4028988
18810,0,-3.2895887,-7.0687118
160013,2,-4.3058996,2.5189102
18360,1,8.761572,1.206418
166500,1,8.269991,0.19185326
60284,0,-3.1639256,-6.523261
13173,1,8.800189,1.1939627
67602,3,-2.4310539,-2.8362935
22360,1,5.982702,-5.1973014
27379,4,-4.359295,3.6378312
108981,0,-3.448079,-7.4208446
136443,0,-2.9213717,-7.1396995
149503,1,8.54676,1.2467978
88075,1,8.75074,0.054569107
842,0,-2.835593,-6.3075027
159278,1,8.447948,-0.2446134
95410,2,-4.432409,2.6620598
72659,3,-2.6880205,-2.2280228
95580,4,-4.3393955,3.808226
98205,1,6.5082707,-1.7582676
154414,1,8.161508,-0.04936625
151478,1,8.44364,0.2645314
107906,0,-3.0617268,-8.448204
188700,1,6.13627,-4.306656
92884,0,-3.4145472,-7.4541407
157590,4,-4.2628794,3.9186656
32987,4,-4.5536275,3.8546765
16108,0,-3.4384665,-7.447882
23000,1,8.303697,0.50752836
112969,0,-3.0683079,-8.1872
182271,2,-4.043964,2.5771255
2502,1,8.69742,1.3234705
29198,4,-4.3546495,3.6980839
116863,4,-4.376977,3.8735414
185373,4,-4.287655,3.5123882
155535,4,-4.212622,3.6797972
83030,1,8.8970585,1.1218027
160703,4,-4.336248,3.9491665
73534,0,-3.0054421,-6.517996
12198,1,8.971383,0.79685515
161934,1,8.999017,1.1782486
60173,1,8.190171,-0.25288075
88952,4,-4.290737,3.982874
176618,1,8.868833,1.174949
10008,2,-4.310669,2.422018
123748,3,-2.8737094,-1.1698349
40792,0,-3.5189645,-8.530404
31544,2,-4.3738647,2.6379564
86950,4,-4.516479,3.4428558
21475,4,-4.334196,4.248677
15015,1,8.692446,1.1455263
107403,3,-2.344984,-2.065634
93415,1,8.109826,0.2570752
77065,3,-2.7553685,-2.9769442
169752,4,-4.2643733,3.73631
85046,4,-4.577677,4.2300105
93410,1,8.226377,0.22748692
163598,1,8.649228,1.1026248
180975,0,-3.3819227,-8.513905
42041,1,8.588115,1.3171098
26569,4,-4.5842695,3.991045
160146,2,-4.471984,2.3765893
10374,4,-4.247246,3.8166804
182215,2,-3.790192,1.993969
73533,0,-3.2305954,-6.560876
26759,0,-3.6753035,-8.959872
93611,3,-2.7802012,-1.016382
111737,2,-4.4097195,2.46134
40751,4,-4.429113,4.074274
12197,2,-4.744157,2.6600087
48026,1,8.154987,0.7364305
89105,4,-4.3146534,3.9958358
88232,4,-4.4414396,3.94067
44795,0,-3.513821,-7.5730166
73296,1,8.684511,1.0774242
149443,4,-4.141462,3.9470973
160068,2,-4.258661,2.5170722
90772,1,8.575042,0.56376487
9370,3,-2.7169523,-1.0109845
70352,4,-4.301757,4.027429
105601,4,-4.3870487,4.2653804
11969,1,8.758439,0.7832001
14833,2,-4.1156435,2.9085243
94187,3,-2.6550157,-3.8824463
79535,1,8.926673,1.2150136
97455,0,-3.666702,-9.109464
79390,4,-4.075064,4.0254936
182371,0,-3.6522405,-8.780769
187344,1,8.826329,0.8697645
85876,1,8.254977,-0.038932037
187448,4,-4.329772,4.086254
8008,1,8.505615,1.3757923
15062,1,8.700702,1.1908828
48854,4,-4.6068473,4.0454745
15003,4,-4.3959584,3.777325
26153,4,-4.592847,4.195385
30552,4,-4.374942,3.5439382
83841,4,-5.325822,3.6344419
5832,1,8.8752985,1.2633682
185613,0,-3.4520762,-7.4140315
82410,1,8.863447,1.0648774
165841,2,-3.934974,3.1314175
110115,0,-3.3786163,-7.499025
104913,4,-4.503474,4.2024164
25938,0,-3.4733784,-8.627556
188621,3,-2.646805,-2.331725
179432,2,-4.667846,2.2544832
79584,2,-4.2905793,2.425706
134647,3,-2.2956781,-3.5269585
8711,1,8.811576,1.21524
32097,2,-4.541048,3.1473558
64263,0,-3.293791,-6.631584
141191,4,-4.3276424,4.025501
2373,1,8.659275,1.2660313
110534,1,8.339056,0.34768167
166790,4,-4.3365107,4.0350437
29407,0,-3.6225054,-7.638559
108444,0,-3.4212034,-7.536157
104158,0,-3.4866872,-7.4310613
12187,1,8.581577,0.08117612
187309,1,8.718745,1.2521093
165428,4,-4.5208697,3.728379
145204,1,8.699599,1.3005157
5910,1,8.790043,1.0208646
101461,0,-3.2961662,-7.2397346
127934,4,-4.2480693,3.666189
44871,0,-3.6420147,-8.481742
8998,0,-3.1883254,-6.72162
183192,1,8.772383,1.3144697
113158,0,-3.7454956,-9.00689
169616,4,-4.5805087,4.1202264
33129,0,-3.375932,-7.548953
61387,1,8.20812,-0.028690476
161433,1,8.358458,0.100182064
122230,3,-2.4331126,-2.6135309
30465,1,8.61418,1.2229999
62571,0,-3.8741117,-6.583437
102988,4,-4.3644214,3.5653687
80198,4,-4.2173734,3.718135
147747,1,8.291823,0.1680719
114240,0,-3.426625,-8.17175
37263,1,8.685304,0.3041467
7908,4,-4.1993356,3.8100204
166384,4,-4.302511,3.7542577
2251,1,8.766093,1.2224882
185355,1,8.26422,0.15439339
187919,4,-4.4595017,3.7615144
28893,4,-4.2790694,3.3755994
157821,1,8.37664,-0.33170986
188549,3,-2.6756597,-2.355001
153681,1,7.9573755,-0.06478919
82242,1,8.820443,1.2566397
96190,1,8.473825,0.52353436
7845,1,8.802488,1.1797848
98319,4,-4.4893856,4.1859655
175797,1,8.945718,1.1323493
100724,0,-3.7389064,-8.572678
78392,4,-4.160847,3.4662986
161127,1,8.7537365,1.0295731
80177,3,-2.3276672,-2.480773
103612,0,-3.5659394,-9.057705
61150,3,-2.9833775,-3.137976
187312,4,-4.3539786,3.9504685
44531,0,-3.55506,-7.2683744
43180,1,5.997949,-5.2552795
49203,4,-4.274465,3.7346604
14905,1,8.234366,0.61892414
145179,1,8.610519,1.1463288
81692,3,-3.0024643,-1.8732526
108834,1,8.884423,0.80421793
79211,1,8.772669,0.81163573
86369,1,8.488905,1.1584169
170402,1,8.2288265,0.04508796
108236,2,-4.2570395,2.515319
190784,2,-4.359275,2.4100215
31561,1,8.385391,0.1245257
53958,3,-3.1219044,-2.7457871
98096,4,-4.420445,3.7445428
35172,1,8.333305,0.23387277
88253,4,-4.6235366,3.94981
33054,0,-3.40016,-7.648271
150545,3,-2.7192886,-2.2646544
60732,4,-4.0465837,3.818236
20052,2,-4.5974097,2.5125237
60429,0,-3.9586263,-6.6232157
12331,1,8.602008,0.82045114
155953,1,8.720996,1.4120802
53943,3,-2.8802538,-2.9337387
87201,4,-4.3605547,4.1861534
11972,4,-4.5144744,4.0681667
161345,2,-4.30037,2.687662
164092,1,6.4416556,-1.8272622
21008,4,-4.586774,3.8458514
149506,2,-4.3420124,3.1288378
184341,4,-4.381388,3.7275841
184876,1,8.270476,1.1141833
149926,4,-4.3878007,4.0658236
93038,4,-4.488923,3.9514117
13723,3,-3.0794168,-3.3469028
167269,1,8.85332,1.2029002
178477,2,-4.615853,3.0335329
175779,2,-4.534678,2.673154
42192,1,8.750545,0.7717657
51496,1,8.692391,1.03959
49471,1,8.7117605,0.45631883
21542,2,-4.3932652,2.714314
145007,1,8.470506,1.0753038
42205,2,-4.609579,2.489868
19126,3,-2.756811,-1.3362269
59912,0,-3.3171303,-6.5287943
11838,2,-4.6177025,2.7814052
47896,3,-2.431757,-3.1486552
155664,1,8.508563,0.72508895
18368,2,-4.5903234,2.9903147
99503,0,-3.5172703,-7.761398
113968,0,-3.053519,-7.1451106
111909,2,-4.422497,2.9352841
173154,4,-4.560236,4.0696235
79461,3,-2.6471653,-2.2495062
156513,4,-4.0310836,3.8559437
169420,1,8.23581,0.102555186
32166,2,-4.528798,2.5617101
182367,0,-3.7395618,-8.552069
41978,2,-4.5900373,2.5482583
10965,2,-4.163844,2.666365
147475,1,8.516615,-0.25759017
113396,0,-3.1560578,-8.267312
114007,0,-3.3239977,-7.6689286
38313,0,-3.1523564,-8.085217
81937,1,8.93252,1.1339513
103767,4,-4.473109,3.97014
137115,3,-2.7267904,-2.5132413
25462,3,-2.5185778,-2.7280731
18786,0,-3.2771206,-7.9457316
50589,1,8.021992,0.10405276
11160,1,8.832644,1.2351077
178804,2,-4.668865,3.0883355
85770,4,-4.4073706,3.9575996
29685,1,8.575327,0.6431999
14495,2,-4.570968,2.9200327
14417,1,8.683472,0.8412242
185222,1,8.436174,1.5119064
177186,4,-4.569133,3.899878
99529,0,-3.4790854,-7.6636863
168080,4,-4.578458,4.0934014
18703,4,-4.503212,3.8666453
90810,1,8.986056,0.95090145
17115,0,-3.1832964,-7.536162
113693,1,8.825336,0.84501535
163550,1,8.924784,1.0849323
92559,0,-3.4440784,-7.5184965
173145,1,8.924516,1.2039981
191048,2,-4.240537,2.3365633
37895,3,-1.8048946,-1.5825149
174770,1,8.649566,-0.058325727
96823,2,-4.404234,2.7428267
177951,4,-4.534792,3.7864585
15460,4,-4.492231,4.17799
168130,2,-4.4460344,3.4368165
11362,2,-4.323903,3.2162378
86975,1,8.706388,0.9979001
62801,0,-3.3769653,-5.5532074
18364,1,8.445659,0.27979594
175823,1,8.359581,-0.015836162
77185,1,7.8186684,0.00060303824
21560,4,-4.409241,4.111179
143921,1,8.751672,1.2667222
8432,1,8.435494,1.1883525
27326,1,8.832998,1.1704204
74091,3,-2.6415107,-2.1439328
33163,0,-3.8038208,-8.523308
147487,1,8.524762,1.3108829
25334,3,-2.975524,-3.6505702
35278,0,-3.543191,-9.280567
161431,1,8.214097,-0.01723203
23888,4,-4.7044215,4.181392
88491,4,-4.692419,4.091155
80410,3,-2.3004742,-2.013314
119929,3,-2.9804642,-3.0348594
18003,1,8.45881,-0.11972374
101557,1,6.171661,-2.6690917
149399,1,8.572284,1.1378268
36895,4,-4.0166793,3.6125717
177299,2,-4.540215,2.3546247
116596,2,-4.252077,3.3593717
180980,0,-3.7585018,-8.480321
28868,1,8.576122,1.3228002
165962,3,-2.6106071,-1.1336819
190898,4,-4.047489,3.8992558
162825,4,-4.476124,3.9426606
29471,0,-3.498829,-7.684686
78828,3,-2.962939,-3.5477848
38103,1,8.48515,1.0131272
97629,1,8.54542,1.3186729
97481,0,-3.4850266,-8.798388
26401,1,8.304805,0.23117389
172017,4,-4.3963757,4.3818035
20890,1,8.783163,1.2787449
167216,2,-4.6311264,2.702804
50193,2,-4.5167255,2.586695
119046,2,-4.0353813,2.4925315
154898,2,-4.2125015,2.4339154
1832,1,8.689949,1.3065801
171561,1,8.543608,1.4409832
157292,1,9.018597,1.0694219
162725,2,-4.50829,2.4674366
22150,4,-4.6183734,3.782785
15961,2,-4.427394,2.857566
162764,2,-4.669764,3.212403
87912,4,-4.527199,3.9916966
142944,1,8.189511,-0.22746496
28299,0,-3.1826441,-7.292718
32986,4,-4.5124955,3.7337077
103575,4,-4.728064,4.0493374
88790,1,8.689794,1.3596274
191417,4,-4.3230085,4.277428
45520,2,-4.30863,2.4500353
147963,4,-4.35926,3.8758423
108885,0,-3.4102194,-7.3028936
113593,0,-3.4163003,-7.7674303
35535,1,8.383415,0.5908902
64262,0,-3.277744,-6.4916787
100830,2,-4.5112796,2.6858041
100730,0,-3.6373398,-8.617905
99222,0,-3.2656455,-7.716843
28104,2,-4.664405,3.300342
60576,4,-4.316775,3.654985
27460,2,-5.3641634,2.3810053
183658,1,8.4208,1.0204803
166351,2,-4.6354294,2.7067595
111954,0,-3.71209,-8.644058
180255,1,8.754939,1.2856132
94308,1,8.766519,1.2173672
144948,3,-1.9024737,-3.6258245
187781,0,-3.8856273,-8.190692
161284,1,8.537939,0.31396738
35907,1,8.862994,1.1060878
33535,0,-3.613366,-8.604293
181460,0,-3.6178417,-8.727689
3996,1,8.82391,0.6446297
108318,0,-3.3437724,-7.783383
92179,1,8.582413,1.1201841
97396,4,-4.5618033,3.9825213
104537,4,-4.4984655,4.162486
5194,1,8.575253,1.1520556
191515,1,8.616978,0.65529156
146988,1,8.572207,-0.33406863
17380,0,-3.0746143,-7.3210397
111403,3,-2.8629005,-2.3026242
116970,1,8.633754,1.1565884
156755,4,-4.2450504,3.6062734
192489,3,-2.3869436,-3.841242
43177,2,-4.02639,2.7834585
92945,0,-3.3522372,-7.3161345
29322,2,-4.533035,2.7382953
87591,4,-4.5651054,3.838024
185028,1,8.454058,0.36392015
32170,2,-4.4315753,2.4476342
141107,4,-4.3499966,3.9404755
18017,1,8.311896,0.03929317
115990,1,8.65753,1.1020178
47158,4,-4.478205,3.8152764
18038,1,8.83093,1.0785621
192608,4,-4.154028,3.6667006
148042,4,-4.207974,3.657875
176893,4,-4.64453,4.110753
162818,1,9.032138,0.78226626
172072,3,-2.753526,-2.6909945
68227,3,-2.851856,-3.1933806
104796,4,-4.4393277,4.2776427
26165,4,-4.631757,4.19447
164055,1,6.502835,-1.8178035
50647,0,-2.8386562,-5.1964874
157800,1,8.549475,1.0551786
90170,2,-4.4452705,2.7485168
33286,4,-4.6582627,4.158172
6420,1,8.473294,0.84779334
157596,4,-4.4219255,4.102583
113364,0,-3.744346,-8.6119995
161572,1,8.563066,1.0012692
98209,1,6.5683866,-1.5164529
91891,1,8.559707,-0.24938944
189888,4,-4.432267,4.0746875
176687,3,-2.7999842,-2.949341
64227,0,-3.4247594,-6.460565
168425,1,8.676065,1.4139049
110309,2,-4.56977,2.7080972
22206,0,-3.3291311,-7.4616094
162108,1,8.684401,0.77779895
50518,3,-2.444997,-2.2931192
147987,2,-4.340694,2.7709277
60583,2,-4.269825,2.2296424
102018,4,-4.5282054,3.9292512
104302,4,-4.299134,3.888864
8816,1,8.393993,0.9564652
10402,1,5.325502,-3.6609652
38200,0,-3.4991233,-8.74498
178627,2,-4.365969,2.3795257
141273,3,-2.704348,-2.6527112
111835,4,-5.086249,3.6852295
19917,2,-4.5447283,2.5116057
107571,1,6.7056794,-1.9125319
8536,4,-4.3116612,4.0342054
16885,3,-2.638182,-1.6413589
175509,4,-4.558864,3.6983287
60403,0,-3.1813607,-6.4888544
24930,2,-4.532424,2.9839385
110667,4,-4.159792,3.077772
114190,0,-3.1600451,-7.0119443
25687,3,-2.557059,-3.016437
90076,2,-4.485268,2.4928207
57225,2,-4.230944,2.3232672
22965,1,8.622107,0.5176941
178281,4,-4.6422677,4.0902863
155151,4,-4.4447665,3.6325846
172035,4,-4.3664584,4.268501
86946,4,-4.5950418,4.094323
79637,1,8.153807,1.0072258
24044,1,8.7438545,1.2319205
34578,0,-3.5411024,-8.456475
186036,0,-3.6537864,-8.582298
96017,3,-2.748257,-2.3021789
91561,4,-4.36441,4.148099
119928,3,-2.8386154,-2.9908566
177361,2,-4.596141,2.4261768
24272,3,-2.6448321,-2.8177562
38449,4,-4.4596953,4.001168
143904,1,8.813514,1.2599343
119529,4,-4.40461,3.925613
98070,1,6.6938343,-1.9435673
30011,0,-3.6156206,-8.697913
38286,0,-3.2121923,-7.2629223
157950,1,8.32364,1.2113216
45021,0,-3.3959424,-7.41135
79765,1,8.313151,0.9525297
131170,0,-3.1952193,-6.9002466
124123,1,8.384638,1.1942343
94338,1,8.87967,1.152459
21012,1,8.223472,0.16262513
154881,1,8.370455,1.3728529
185646,1,8.467652,0.39734927
91620,1,5.9758825,-3.6389277
155405,1,8.474045,0.71935576
187414,1,8.432361,-0.42623624
104301,1,8.650919,0.6784711
167438,2,-4.37523,2.9558976
149079,4,-4.4370327,3.8409982
179874,4,-4.66908,4.018576
17654,3,-2.7282562,-1.1464874
24975,4,-4.349279,3.4442627
179812,0,-3.5647986,-8.869271
92758,1,8.69963,0.19843124
32451,1,5.4935308,-4.8350754
147325,1,8.0906,-0.079763554
18159,2,-4.114214,2.4889166
161614,1,8.241766,-0.08993776
19577,1,8.297217,-0.036912836
41891,1,6.1129556,-2.79836
15497,4,-4.3848433,3.417873
187516,0,-3.6576703,-8.334996
122207,1,7.9148636,0.19017044
30970,2,-4.5885477,2.4570723
115860,0,-3.4145837,-8.361244
23646,1,6.47806,-1.4404726
102002,1,8.490652,1.3005823
19115,1,8.232178,0.93713224
181759,0,-3.639038,-8.28382
14055,4,-4.4219995,4.20657
24800,2,-4.4575677,3.0011017
113272,4,-3.9636197,3.6314638
179918,4,-4.7304616,3.6179764
21459,1,8.263376,0.5497394
96042,1,8.814914,1.0846591
161586,3,-2.6531332,-1.1904687
114223,0,-3.6352654,-8.593622
192467,3,-2.337374,-3.2168305
154792,4,-4.377137,4.148327
114358,1,8.700451,0.91636217
27021,0,-3.4487944,-7.517818
106388,4,-4.6314297,3.5866506
120826,2,-3.78323,2.0864787
174471,4,-4.0564675,3.5767286
49777,0,-2.9949443,-7.6760507
156464,4,-4.3656993,3.7956018
50182,1,8.040493,0.012051611
47907,3,-2.4345946,-3.1379588
187066,2,-4.021007,2.3982892
5960,1,8.507522,0.071241215
48314,0,-3.5675337,-7.1506
166791,4,-4.272571,4.0077972
30784,1,8.395984,0.12874368
102794,2,-4.4295726,2.5349452
84737,3,-2.6943502,-2.7139468
82322,2,-4.312227,2.5611582
112890,3,-2.6599042,-1.1021402
80848,4,-4.2151937,3.8311954
88654,4,-4.58056,3.7606556
102790,3,-2.840687,-2.340225
111698,2,-4.4546604,2.222959
110139,0,-3.3739545,-7.461307
175412,1,6.0647335,-4.0497193
16827,0,-3.3596702,-7.5394983
8366,2,-4.3705125,2.4658358
87349,0,-3.528346,-8.4064455
114298,3,-3.1246042,-2.9134645
79596,3,-2.9782495,-1.0390419
13503,2,-4.419296,2.7039232
91881,1,8.641719,1.2367821
162202,2,-4.2278023,2.6340685
186238,2,-4.486586,2.8241017
88210,1,8.805154,1.1973401
97146,0,-3.533553,-8.788658
97074,0,-3.6126914,-8.733157
45941,4,-5.1121697,3.52449
113487,4,-4.542653,3.6475296
98364,4,-4.558156,4.2521424
35128,2,-4.3527646,3.106272
80406,2,-4.3263907,2.8919241
12766,1,8.915498,1.1579487
32236,2,-4.2135344,2.669222
161959,1,8.694976,1.2628461
185060,1,8.641653,1.2240577
80357,1,8.424859,0.43225968
112298,0,-2.948961,-8.294231
176644,4,-4.18272,3.6384237
114680,0,-3.4122584,-7.30977
48179,1,8.668229,1.2198853
90469,1,8.939879,1.0328629
148011,1,8.586776,1.0886898
92549,1,8.267624,0.0047579
12224,1,8.637059,0.78324455
88567,4,-4.6179132,4.0726166
162841,3,-2.2862914,-1.8755816
99011,4,-4.4934416,4.128552
91650,3,-2.7830102,-3.3676002
12856,4,-4.49713,3.6588821
41531,2,-4.968464,2.473661
181504,0,-3.707313,-8.5791025
24578,2,-3.9786735,2.988763
179927,4,-4.5702934,3.9899511
24252,4,-4.423497,3.618764
37134,4,-4.15034,3.7902524
45888,2,-4.543589,2.5000982
84048,4,-4.0364704,4.185391
38989,2,-4.5367465,3.129811
109039,2,-4.228882,2.585556
174844,4,-4.648999,4.1763864
175124,2,-4.4898133,2.7417893
41853,0,-3.5338361,-8.325305
169508,4,-4.5684037,4.0826178
165311,1,8.774906,1.1758758
31004,4,-4.5034275,3.5584075
5280,2,-4.01411,2.4896066
159427,4,-4.4490485,4.142602
92199,1,8.632921,1.0554365
103800,4,-4.386411,4.0011864
114573,2,-4.3836555,2.4125152
106827,1,8.689338,0.85030234
31874,1,8.807189,1.2923245
184034,4,-4.513991,4.1056066
159786,1,8.865014,1.1966039
102781,4,-4.3786426,4.122511
90615,2,-4.5472054,2.4292736
107596,3,-3.083798,-4.702471
83085,1,8.408252,-0.16723394
152609,1,8.467302,1.5963558
149959,2,-4.7901006,2.165623
175024,3,-3.0041792,-2.466103
8292,1,8.691904,1.1825869
93414,2,-4.416601,2.5678437
147016,1,8.801035,0.6928372
88901,3,-2.2529159,-1.6815351
49481,1,8.694363,1.1009701
182655,2,-4.214757,2.5932355
180713,0,-3.6588244,-8.5657215
5197,4,-4.1548233,3.8136964
14527,2,-4.3058357,3.2242963
112292,0,-2.8726542,-8.265416
28931,2,-5.1311493,2.3892467
48289,0,-3.6191885,-8.8869295
112966,0,-3.1752381,-8.045061
80037,4,-4.349767,4.012272
92670,2,-4.292818,2.4596198
32150,3,-2.5515459,-1.3960161
148995,3,-2.7724702,-2.1194897
101017,4,-4.490858,3.9440718
173152,4,-4.584016,4.238309
147969,4,-4.2432437,3.7310007
48720,0,-2.8614047,-7.2561355
134537,3,-2.4019175,-2.8558872
35250,1,8.185399,0.19687235
27544,4,-4.4122834,3.4031951
41248,0,-2.8967404,-7.5840364
18033,1,8.732024,0.8966343
128887,0,-3.9623842,-6.3997297
113967,0,-3.09079,-7.0065684
159841,1,8.927514,0.9357352
109952,1,8.238978,0.19434227
95587,2,-4.488049,2.9497604
185779,0,-3.6567779,-8.5916605
164530,1,8.596664,0.94604886
181775,0,-3.8301747,-8.296286
36572,0,-3.4596956,-7.584138
34591,0,-3.4120903,-8.390262
75553,2,-5.1478176,2.2233818
8031,2,-4.235181,2.4534714
30612,4,-4.798855,3.6004121
105658,1,8.247761,-0.027051242
149577,4,-4.5363245,4.1331873
162828,3,-2.674403,-2.206172
22056,1,8.476846,0.55564344
21802,0,-3.3932815,-8.053276
19105,1,8.7749405,1.013663
5650,4,-4.299968,3.9687338
137656,4,-4.4495993,3.8349698
105011,4,-4.3964667,4.1578016
36117,1,5.814279,-4.894236
18890,0,-3.54157,-8.894967
14892,0,-2.7252452,-7.0468354
186169,2,-4.1869726,2.6980407
156709,4,-4.2606564,4.0388956
48856,4,-4.4897714,3.9283946
22927,2,-4.643918,2.7997186
61260,4,-3.6301675,3.156924
150379,3,-2.8029048,-3.4590166
30656,4,-4.2491155,3.761892
155232,4,-4.2650943,3.5685718
27588,2,-4.426499,2.3791685
14238,1,8.942527,1.0669255
32560,1,8.614047,1.217077
21678,1,8.574112,0.9167684
179875,4,-4.6291156,3.9869986
174402,4,-4.4916906,3.9914424
96229,2,-4.4698563,3.3618553
44878,0,-3.661836,-8.726523
116435,2,-4.4106436,2.9204924
177927,4,-4.505487,3.9796677
19343,1,8.616065,0.7565327
161895,1,8.836798,0.2979442
3628,4,-4.3955684,3.4629009
172110,0,-3.4166744,-8.904058
86873,4,-4.511955,3.734403
25116,4,-4.340397,3.8894813
8296,1,8.590071,0.5891541
82513,3,-2.7638648,-2.3347316
150140,1,8.528499,1.2240363
178772,4,-4.3711267,3.7251148
153175,1,8.726114,1.2211593
74467,1,5.9778953,-3.4998648
156721,2,-4.4193373,2.3875358
174636,4,-4.2430673,4.1035633
95937,3,-2.5556383,-4.0097694
45050,0,-3.2413912,-7.9281907
90831,4,-4.2165766,4.054863
22000,1,8.237907,0.08427275
18263,3,-3.4727414,-1.3871701
184216,1,8.23023,0.12350932
38627,2,-4.402734,2.727914
92092,4,-4.47573,3.7906458
60466,0,-4.0128536,-6.75671
150225,1,8.694411,1.2503563
7594,1,8.592869,1.3460906
20765,0,-3.5632572,-7.057574
171591,4,-4.5046597,3.7329183
93687,2,-4.626646,2.7553298
25280,1,8.596213,1.10151
176291,2,-4.472967,2.7158234
99241,1,8.294527,0.3410718
149524,4,-4.263162,3.7895083
21695,1,7.4017305,-0.73181516
93656,2,-4.495971,2.3380563
11093,1,8.334481,1.1608102
85659,1,8.301379,-0.09928924
110406,2,-4.545363,2.6972916
97917,0,-3.6839905,-9.099286
174301,2,-4.5139856,2.615652
86704,2,-4.1015363,2.252544
39950,2,-4.615145,2.8625882
159762,1,8.810968,1.1862078
108890,0,-3.4711704,-7.2144647
60025,0,-2.9937115,-5.817481
22521,1,5.2557664,-5.4527497
165531,2,-4.4497356,3.1938703
14975,1,8.580039,0.702843
113631,0,-2.8690028,-7.0451374
85901,4,-4.455906,3.818772
153667,1,8.463389,0.5202055
45901,4,-4.4451594,4.039133
34471,0,-3.4372756,-8.970968
157439,3,-2.8881693,-2.5692964
19255,1,8.604007,0.9869796
44473,0,-3.6000736,-8.691899
56729,3,-1.7727282,-3.4183772
7875,4,-4.462982,3.8952968
3171,3,-2.1686747,-3.2025597
161271,2,-4.327633,2.4610848
73322,4,-4.3435264,4.0921736
190732,2,-3.8320992,2.1394026
49862,1,8.76788,1.0028116
46588,2,-4.1511507,2.3449888
85673,1,8.525289,0.9666508
15795,1,8.307742,-0.14044149
115957,1,8.227956,0.6516962
73327,1,8.751419,1.1408479
1504,3,-2.6049268,-1.8901758
85024,4,-4.302051,3.785273
103432,1,8.747573,1.2171261
166411,1,8.41425,0.973983
82501,1,8.608977,1.1495905
169911,2,-3.631699,2.4081092
149273,1,8.671712,1.3982501
116491,3,-2.7842205,-2.4290295
32250,1,5.27031,-5.492399
186084,1,8.484537,1.0046701
29593,2,-4.467215,2.4524994
77850,3,-3.6693919,-3.1051502
88007,2,-4.3067837,3.1360993
152916,1,8.803814,1.3211486
101799,3,-2.4829748,-1.9888408
76916,3,-3.4756892,-3.8580122
50697,4,-4.267225,3.4810731
121612,4,-4.5406666,3.7496912
28977,0,-3.7403464,-8.793665
26375,0,-3.57098,-8.946999
186211,1,8.656153,0.7871901
18891,0,-3.634808,-8.748817
19545,4,-4.644044,3.6901746
26402,1,8.590285,1.3337406
179556,0,-3.2852287,-6.618221
100754,0,-3.216313,-8.224145
49477,2,-4.445815,2.5350306
184343,2,-4.5020647,2.1944242
26693,4,-4.4945846,4.0146346
117330,4,-4.162434,3.626081
118401,2,-4.0756016,2.123437
155207,4,-4.3673043,4.1297684
104830,4,-4.3052793,4.09035
8249,1,8.628653,0.89184976
34600,0,-3.4324024,-8.957591
181131,2,-4.0435762,2.2668264
155548,1,8.202221,0.038770005
20616,0,-3.634509,-8.3554535
9419,2,-4.241605,2.8058157
92169,4,-4.3592715,3.9403145
108192,2,-4.430503,2.8767285
10536,1,8.4578905,0.98397064
73094,1,8.092363,-0.029580968
32485,1,8.633818,0.32662576
67274,1,5.7198515,-4.6389375
136459,0,-2.9817452,-7.0042367
62747,0,-3.337653,-5.569394
51685,1,8.238067,-0.11028979
169047,2,-4.1549644,2.7204535
182965,0,-3.367825,-7.2928843
77537,3,-2.544166,-2.6656117
100987,4,-4.5319033,3.6877055
38336,0,-3.7726417,-8.6862
123574,4,-4.088043,3.570555
86544,4,-4.3930373,3.8554702
19901,4,-4.654478,3.9994986
103203,1,8.160033,0.25576138
111987,0,-3.7942224,-8.930074
171530,1,8.579616,1.310191
151346,2,-4.1998625,2.306296
18335,3,-3.3576803,-1.1654075
96954,4,-4.24205,3.4106278
189587,4,-4.339757,3.9022508
10687,1,8.6278105,1.0276845
177318,4,-4.6515183,3.7330985
166477,2,-4.0408425,2.4366434
91886,4,-4.3162303,4.0492
27053,0,-3.6424084,-8.612191
80518,4,-4.297363,3.8263602
91357,4,-4.3122253,3.6786664
79767,3,-2.5836878,-1.1566658
22126,2,-4.6987276,2.8802667
105050,4,-4.3463283,4.1509857
38298,0,-3.1116135,-6.933107
184123,2,-4.5370007,3.0688741
17379,0,-3.5420372,-7.544563
105150,4,-4.4453244,4.03632
149578,4,-4.5043883,4.147579
149948,1,8.536489,1.2463477
161217,1,8.710972,0.91069037
86599,1,8.9578085,0.737705
34454,0,-3.5073397,-8.796244
80414,4,-4.4416575,3.8574898
10266,3,-2.888982,-4.6721163
189898,1,8.720337,0.8888738
1472,4,-4.5354524,4.154178
14274,1,8.552195,-0.021884302
97594,1,8.850556,1.2034452
115840,0,-2.9300413,-7.2628045
38655,1,8.667643,1.085206
25452,3,-2.5796888,-3.0846765
60841,2,-4.0626917,2.0519469
174955,1,5.1048913,-5.1935987
164008,3,-2.6343951,-1.5436661
86425,3,-2.7002914,-2.72852
11175,1,8.156636,0.979023
26841,0,-3.5333111,-7.332929
90390,0,-2.8017094,-7.2569237
36459,0,-3.3026898,-7.647636
21806,0,-3.3421063,-7.5072737
96722,0,-3.5721192,-8.644487
149244,4,-4.335115,4.0328674
21822,0,-3.4488304,-7.404799
43263,0,-3.0382702,-7.3097286
11516,1,5.289675,-5.4610643
145214,2,-4.27353,2.2555845
186225,1,8.593803,0.73716784
19654,2,-4.5557423,3.4176733
25271,1,8.195815,0.7565037
99739,0,-3.1018474,-7.1582403
7942,1,8.6728325,1.2039583
161860,1,8.238993,0.078435145
149312,1,8.751586,1.1134864
9822,2,-4.457533,2.6321485
44511,0,-3.7350366,-8.486953
103297,1,5.8502364,-2.3181102
83021,1,8.856736,1.1074812
181752,0,-3.5953717,-8.604091
176919,4,-4.594141,4.190875
82753,1,8.218937,0.17901748
92328,1,8.473647,0.3236961
4634,1,8.906338,1.0234501
32939,2,-4.515138,2.62427
174956,1,5.6195207,-5.1653557
145277,4,-4.159599,3.076563
179474,2,-4.5484643,2.7070203
134660,3,-2.418285,-3.3762944
183735,2,-4.4409423,2.5392287
165402,2,-4.121786,2.5807762
188343,2,-4.637268,2.460603
88889,3,-2.5010996,-2.170897
27525,4,-4.5396905,3.985983
27118,0,-3.6091695,-8.692933
108222,0,-3.5524209,-8.936209
157647,2,-3.9964473,2.2212245
7666,1,8.223051,0.07410341
52688,1,8.0493555,0.15765172
50681,1,8.02182,0.20419079
8225,3,-2.5578632,-2.0554354
42080,4,-4.489647,4.0485516
50390,4,-4.418093,3.7587512
6217,2,-4.515607,2.8748965
55145,3,-3.0057752,-3.9419415
154664,4,-4.389467,3.8799148
102538,2,-4.5107813,2.4758832
36516,0,-2.968141,-7.196899
98337,4,-4.41866,4.118492
40327,1,8.750952,1.037069
36540,0,-3.6245642,-6.9919844
81645,4,-4.0725303,3.5326855
108530,4,-4.5641236,4.2339106
103270,2,-4.1826835,2.651967
36752,4,-4.372081,3.80265
145283,1,8.197482,0.99867034
173793,4,-4.459454,3.6769383
144946,2,-4.323468,2.4795973
10886,1,8.438281,-0.10767276
35349,4,-4.5755215,4.062203
131200,0,-3.9776645,-6.3620152
159920,4,-4.5728374,4.300264
13676,1,8.353305,1.1163375
66595,2,-3.0805244,2.7670662
16387,4,-4.498584,3.556437
38946,4,-4.40186,3.796772
5372,1,8.571311,0.45396522
113148,0,-3.4428477,-8.494151
161950,1,8.637449,1.1859984
28440,1,8.617792,0.62396955
74478,0,-2.3104832,-5.099602
8873,1,8.267326,0.49499676
153930,1,8.25521,0.73017216
151029,4,-4.2392244,3.7335818
94625,2,-4.6001844,2.785308
4532,1,8.636022,1.1623958
155173,2,-4.299378,3.0779672
83654,4,-4.2350707,3.9277873
146989,1,8.977024,0.77790487
82972,1,8.59159,-0.030971723
104519,4,-4.3174105,4.1946583
184813,4,-4.5332155,4.0833154
155419,4,-4.3193927,4.017008
159972,1,8.895121,1.4349834
102856,1,6.1980057,-2.677903
47240,1,5.8300443,-5.192432
21609,4,-4.1857276,3.4191325
154694,4,-4.560856,4.1045494
21740,4,-4.3730464,3.1628377
26731,4,-4.3699975,4.000632
11751,2,-4.477316,2.4412858
87806,4,-4.321902,3.4217987
84307,3,-2.4294498,-1.9280707
85011,4,-4.389363,4.073366
48715,1,8.23478,0.063763
2342,1,8.808176,1.244353
159296,1,8.564577,0.9596055
80500,1,8.377897,0.40413326
3624,1,8.192368,0.33103824
43863,2,-4.1750674,2.5459852
79560,3,-2.7777734,-2.0808523
37094,1,6.582162,-3.0272295
17647,3,-2.7564776,-1.1192635
85860,1,8.4510145,-0.18384528
93902,1,8.530965,0.95842904
93621,2,-4.2271323,2.26359
176305,4,-4.3300443,3.9299657
88912,4,-4.353604,3.9201944
157344,3,-2.526877,-1.7452197
17639,3,-2.7196498,-1.0989836
87490,1,8.935737,0.8827629
38102,2,-4.4310145,2.4932005
13338,1,8.647641,0.98447096
62338,0,-3.3503268,-6.3937144
35144,1,8.639511,1.3073224
85020,1,8.771656,0.7295511
171177,2,-4.634716,2.6641183
152899,1,8.711812,1.2399254
24971,4,-4.2278686,3.7676237
100671,0,-3.3404791,-7.703651
179795,0,-3.6569815,-8.541705
43910,4,-4.302857,3.9818487
109143,4,-4.563256,3.7514615
183846,0,-3.318831,-7.2109065
164560,2,-3.5982268,2.8340948
109048,4,-4.295322,3.644712
92171,2,-4.519876,2.7067077
108226,4,-4.704496,4.127632
151940,4,-4.400601,3.7697968
32849,1,8.779371,1.1883943
188882,3,-2.3432224,-3.1480188
114215,0,-3.5725272,-7.250114
20445,0,-3.4778745,-7.183903
83720,4,-4.44892,4.085165
12453,4,-4.4686866,4.0043964
88780,1,8.403169,0.32670462
129391,0,-3.1676655,-6.49766
30026,0,-3.460254,-7.3885403
167682,2,-5.248493,2.213971
18783,0,-3.483715,-8.423883
111966,0,-2.9786603,-7.3586516
156465,4,-4.0547442,3.9672601
120675,3,-2.7084835,-2.6282396
149608,4,-4.3463674,3.9336677
149437,1,8.665372,1.1042259
7505,1,8.282962,0.035875846
99716,0,-3.0417342,-7.232133
172434,0,-3.5683582,-7.2101398
29421,0,-3.5449831,-7.546298
176913,1,8.88709,1.1168406
162006,1,8.608039,0.94009316
169406,4,-4.4087486,3.8225214
7252,2,-4.194588,2.4405067
18407,3,-3.3106356,-2.9211564
14964,1,8.42909,0.33963713
82835,0,-3.3261595,-8.486947
175212,2,-4.5151114,2.3446221
18547,0,-3.5486228,-7.552958
29799,2,-4.5393806,2.8242202
180624,2,-4.3853335,2.9998534
154080,1,8.105373,0.058119964
90686,1,8.982244,0.8524912
43116,1,5.433376,-3.696829
62539,0,-3.0107963,-6.4242496
38821,0,-3.5582318,-8.908884
83907,1,8.54156,1.0642132
173368,4,-5.174586,3.908798
37008,0,-3.784634,-8.564729
12215,1,8.619466,0.53549016
86511,0,-2.7058573,-8.318062
30457,4,-4.654296,3.663745
136456,0,-2.9831617,-6.992617
25477,0,-3.2794209,-8.905141
49998,3,-2.3731863,-3.0286732
23249,3,-2.8369868,-3.8624675
90966,2,-4.415283,2.4975193
141060,3,-2.5801668,-2.4738367
131520,0,-4.117416,-6.72427
18978,1,8.851665,0.79495233
50213,1,8.355402,-0.095033266
155594,1,8.818248,1.1802776
185760,0,-3.675959,-8.910629
108974,0,-3.6182854,-8.541603
44757,0,-3.5294323,-8.850896
159711,2,-4.2441897,2.7363734
50944,1,8.377037,1.3111928
82690,2,-4.093314,2.2494767
159463,4,-4.399703,4.171901
49618,4,-4.3528304,3.706007
159413,4,-4.5039816,4.130757
27768,1,8.593323,0.922277
109811,0,-3.4390602,-7.4116664
11390,4,-4.1095576,3.943241
30418,0,-3.4270794,-7.0102797
150623,3,-2.712692,-3.4088867
175631,2,-4.6344914,3.1036615
185022,2,-4.3278594,2.5391433
111979,0,-3.6034591,-8.849642
162164,3,-2.865311,-1.9854629
7380,1,8.730507,1.3372138
13151,2,-4.631595,2.5534565
33292,4,-4.4590917,3.6379614
82935,3,-2.6344955,-1.3797498
86607,1,8.840177,0.9346957
153149,4,-4.1438193,3.4653907
119526,2,-4.3705153,2.3601027
186830,0,-3.5383441,-8.391726
104759,1,8.741954,0.9725525
88321,0,-3.461217,-8.427195
153810,1,8.194352,0.43692178
88292,0,-3.1864915,-8.249331
155152,2,-4.497425,2.2939558
9802,1,8.506088,-0.064069845
181769,0,-3.8897235,-8.248443
137182,3,-2.825907,-2.71626
182239,4,-4.242254,3.9325466
3141,3,-2.358543,-1.930018
118910,1,8.380044,0.7998542
159363,1,8.739387,1.3129743
190652,2,-4.288824,2.4021034
177789,2,-4.5453773,2.8223999
84407,1,8.303045,-0.043229982
107917,0,-3.0732749,-8.284992
179478,4,-4.6543345,3.9179893
14169,1,8.523517,0.7882159
177657,2,-4.2075057,2.0301914
40628,4,-4.4425077,4.13811
49579,4,-4.4548364,4.2191987
91281,2,-4.259135,2.3533762
79853,1,8.389958,-0.03568285
49525,1,8.729197,1.0945942
97558,1,8.924335,1.1240197
18327,1,8.756242,1.2958502
92081,1,8.9346075,0.7746817
169611,4,-4.5778995,4.042676
72923,3,-2.55582,-1.6138965
102601,1,8.512426,1.1876258
108464,2,-4.2858386,2.3938572
174318,4,-4.5970545,4.1842775
191082,4,-4.459051,4.0454946
28266,1,8.864858,1.2408655
97217,0,-3.3784382,-8.687788
27472,1,8.442956,0.6456067
45601,0,-3.6045039,-8.635669
42301,1,8.700766,1.085876
43587,0,-3.0272746,-7.313412
31632,3,-3.0551438,-2.0909042
117069,1,8.461283,-0.0043040253
16440,1,8.208029,0.040658284
104746,4,-4.4267764,3.6742637
158318,3,-2.767964,-4.247971
159295,4,-5.035173,3.7820115
69840,1,8.324757,-0.30132198
88209,3,-2.5824497,-1.3018622
39010,1,8.253085,0.09693851
50424,2,-3.68186,2.8747637
9162,3,-2.9245448,-3.1593482
84340,2,-4.359017,2.8890274
8035,4,-4.371654,3.3131487
86436,2,-4.3525057,2.9198763
9302,1,8.619036,1.4219126
28040,4,-4.681346,3.9646301
37891,0,-3.5333824,-8.950855
93040,4,-4.4997993,3.9953945
102413,2,-4.2514486,2.3117533
16157,0,-3.6781964,-8.356157
168619,1,8.149732,0.03110502
81025,3,-3.578287,-3.6192908
22007,1,8.6638775,1.187364
91557,2,-4.3195567,3.001408
177057,2,-4.6210933,2.4561958
178076,4,-4.5114913,3.9266872
61245,3,-2.6518545,-2.8600357
10748,2,-4.416901,2.6623938
7775,1,8.545607,1.2848623
111754,1,8.588896,-0.30831003
39027,1,8.635555,0.666009
57612,3,-2.6508625,-3.6920657
152613,1,8.757067,1.4552407
86514,0,-3.430833,-8.566759
97641,4,-5.271301,3.7143264
109807,0,-3.41217,-7.3682237
181964,1,8.149194,0.111481875
159950,1,8.951115,1.359121
83854,1,8.281087,-0.13296694
33627,4,-5.0274606,3.6805632
35754,0,-3.501073,-7.2885275
173639,2,-4.473697,2.422246
42107,1,8.009584,0.053457122
10723,1,8.628751,1.1709619
15599,1,6.625008,-2.6842782
91880,1,8.700476,1.0941771
110726,1,8.867101,1.0369503
111868,4,-4.5811195,4.022475
157855,1,8.85388,0.8985309
174874,4,-4.554875,4.065101
95266,4,-4.3248706,4.0559564
68664,1,8.424785,0.57454836
93645,4,-4.177295,3.6321146
15199,4,-4.4716253,3.9582505
101987,1,8.532579,1.0601263
155400,4,-5.0120597,3.264169
88744,1,8.774674,1.1621261
22647,4,-4.177878,3.6026683
123468,3,-2.5101137,-2.4648445
83716,2,-4.3158665,2.584226
18812,0,-3.586181,-8.031502
180597,2,-4.453853,2.5388958
183663,1,8.267902,0.05773636
108876,0,-3.4638727,-7.3731112
156338,1,8.567466,0.8929966
175864,1,8.388672,-0.19621593
105545,2,-4.834484,3.4551082
180380,0,-3.6620684,-8.605791
77281,2,-4.3003845,2.510375
42630,0,-3.6161342,-7.0108066
151121,4,-4.475051,3.8742807
180993,0,-3.6183014,-8.563553
38550,1,8.712314,0.352343
110638,1,8.812616,1.0124309
105151,4,-4.5354853,4.1215544
108416,0,-3.6123178,-8.966327
149175,4,-4.297889,4.094936
165383,2,-5.08926,2.371636
103646,4,-4.5936055,4.0722256
107726,4,-4.662363,3.6583283
17641,3,-2.798485,-1.12246
114496,2,-4.5465426,2.8185203
110014,4,-4.3160367,3.9720917
129248,0,-2.8921638,-5.769149
49858,4,-4.3171105,3.4795616
177540,2,-4.177787,2.4260335
62810,0,-3.3175056,-5.541366
41222,0,-3.0116003,-7.279484
91392,3,-2.348612,-1.6087728
153177,1,8.534713,1.3874539
99212,0,-2.9881537,-7.2037754
15952,2,-4.292119,2.4761302
62508,0,-3.329615,-6.4542685
83821,4,-5.3460927,3.6754022
110937,1,8.285535,1.1679531
117061,2,-3.983175,2.568966
101218,0,-3.4518294,-8.857614
123804,3,-2.811387,-3.1472166
165685,1,8.7804785,1.0876764
83623,1,8.479283,-0.21465854
149239,1,8.797252,0.9373656
14523,1,8.379545,0.007433141
11710,1,8.402072,0.24447139
25719,3,-2.7763073,-3.083414
149501,3,-2.6201313,-1.6651407
135233,1,7.780773,-0.045611594
81797,2,-4.3783493,2.7079937
50553,0,-2.9646692,-7.521887
51504,1,8.69169,1.2807899
81073,1,8.821637,1.1910005
15525,4,-4.2185025,4.024146
149591,2,-3.9969656,2.7502222
67,4,-4.2989764,3.692488
113423,2,-4.542366,2.8041384
76962,1,8.999921,0.7892645
18284,1,8.472793,0.80947816
108361,0,-3.1918979,-8.229666
127957,4,-4.286713,3.7826054
162645,1,8.967776,1.1134803
136439,0,-3.4844224,-7.122317
30961,2,-4.478524,2.9999642
97792,4,-4.487737,4.1409445
35559,4,-4.36543,3.6626766
156402,3,-3.0245705,-3.5483665
182967,0,-3.456788,-8.610972
40233,0,-3.0053234,-7.32076
161825,1,8.298787,0.048568554
106502,4,-4.177121,3.391605
174455,4,-4.550871,3.6859012
78194,1,8.375649,1.0315849
157490,2,-4.297674,2.4538538
90395,0,-3.3705862,-7.352778
14283,1,8.429895,-0.24567632
85303,1,8.097264,0.24443549
34470,0,-3.5173607,-8.816869
7453,2,-4.2330556,2.5696518
25546,3,-2.9333258,-3.8254545
179922,4,-4.4620275,3.7537262
161504,1,8.982188,1.0314065
17080,0,-3.0152216,-7.488148
114231,0,-3.788623,-8.494269
17030,0,-3.3995805,-7.8893275
20961,4,-4.391767,4.0059147
12226,1,8.693313,0.8523003
149405,1,8.8902445,1.1330411
51142,2,-4.3621774,2.6301382
167232,4,-4.577773,4.280787
77616,4,-4.2880926,4.012575
108684,1,6.3960214,-3.0686681
155148,4,-4.5016456,3.941521
116530,2,-4.8671436,2.200078
64926,1,5.599996,-4.8125
150401,3,-2.745471,-3.5335364
159751,1,8.787116,1.2205645
27524,2,-4.537538,3.090059
79322,1,8.410161,1.3728281
168280,1,8.519563,1.3615844
4434,2,-4.3967338,3.0421634
91912,1,8.665833,-0.19380349
60329,0,-3.135092,-6.583602
183936,1,8.434733,0.039663143
160841,1,8.705081,0.8707559
190906,4,-3.8147588,3.7093475
8320,1,8.411441,0.9410881
85705,3,-3.9495106,-4.8178945
8453,4,-4.4454737,3.342929
176310,4,-4.228585,3.6796339
11047,1,8.170038,1.0057281
23421,1,8.805877,1.0849646
153191,1,8.71041,1.2147197
19007,1,8.574258,-0.16764212
26422,2,-4.4404883,2.4596639
154882,1,8.420455,1.451638
23941,1,8.633039,0.041524675
159124,1,8.650504,1.2575061
75114,1,8.721568,1.1621472
190267,2,-3.673829,2.2093148
102031,2,-4.535173,2.8994665
156377,4,-4.4075027,3.9828336
93366,1,8.209986,0.077549845
108541,4,-4.409632,3.5747817
60397,0,-3.1279364,-6.4148183
94662,4,-4.388777,4.23042
26831,0,-2.9504507,-7.3209085
159927,1,8.942857,1.3633089
169644,1,8.881754,1.2271097
19372,4,-4.498079,4.2286725
88793,4,-4.209126,3.9992156
164156,1,8.907563,0.987002
33827,1,5.9475236,-2.4211357
147816,1,8.692924,0.98919743
23468,2,-4.3287582,2.244634
31247,4,-4.26006,4.04272
144804,2,-4.266167,2.2402995
96059,4,-4.405853,4.0291557
29217,3,-2.6005723,-2.5059087
91652,1,8.609732,1.1671903
162093,4,-4.364557,4.069104
19973,0,-3.354043,-7.707726
86491,1,8.672423,0.6316757
53766,3,-3.4581826,-3.4643207
47000,1,8.766276,-0.21704029
52749,2,-4.1986423,2.9540575
178242,2,-4.472774,2.275713
25949,0,-3.6353626,-8.784702
80969,1,8.523448,1.030308
111424,3,-2.4475205,-2.2773924
47139,4,-4.3877816,3.8036878
158753,4,-4.33658,3.8295095
17039,0,-3.4217198,-7.9503145
155045,2,-4.2980475,2.2952175
92160,4,-4.325975,3.9804182
174181,1,8.510713,0.9094747
25298,4,-4.615459,3.7391975
62332,0,-3.2902231,-6.387095
60378,0,-3.3469584,-6.5914173
124144,2,-4.0600758,2.0222316
102763,1,8.671858,0.88435507
45795,4,-4.3025928,4.1021304
163286,1,8.546796,1.2802165
114630,1,8.120452,0.24063508
99462,0,-3.5881467,-7.467863
108128,2,-4.579439,3.225894
107150,2,-4.7219696,3.125421
77304,4,-4.133842,3.884853
4857,3,-2.6054504,-1.0784981
93638,1,8.479513,1.3395863
189649,1,8.507638,1.1834384
53704,3,-3.545932,-4.4953
120559,3,-2.7536366,-3.7097456
11069,1,8.403925,0.049068816
173103,4,-4.5584207,3.933543
97479,0,-3.2538414,-8.6374035
7588,2,-4.2802444,2.55274
169767,2,-4.549272,2.7030687
178704,1,8.334035,0.5191355
154822,4,-4.45382,3.9640021
49893,4,-4.3331084,3.6921744
107020,4,-4.495221,4.319584
110967,1,8.388827,0.07903756
15042,1,8.7525015,1.1977018
147834,4,-4.167513,3.9019945
23545,2,-4.398136,2.9146264
149735,3,-2.7712028,-1.1821941
163033,2,-4.06754,2.899895
162686,4,-4.522721,4.035383
159198,3,-3.0942633,-1.6088957
174835,2,-4.6096907,2.6014407
24262,1,8.495807,1.1176256
70289,1,8.736915,1.1734935
102376,2,-4.216456,2.4165392
146812,4,-4.272025,3.604818
165007,2,-4.124065,2.3932374
181966,2,-4.6392684,2.692314
29221,4,-4.603585,3.9170253
111634,4,-4.5494914,4.111563
120248,0,-2.814965,-4.8403783
106968,2,-4.4645615,2.4590106
147903,1,8.495697,1.043689
163287,2,-4.4260836,2.5220885
87895,1,8.716715,1.4044536
13960,1,8.146676,0.33114702
44799,0,-3.3970249,-7.269579
147557,1,8.606983,1.1417664
80435,1,8.747316,1.1512306
87320,4,-5.432437,3.7750764
146838,1,8.687532,0.96386147
85903,2,-4.447016,2.2941961
11103,1,8.171152,1.1212105
100608,0,-3.4754543,-7.656745
159679,1,8.752302,1.2177382
180308,4,-4.199629,3.593863
79490,1,5.578787,-2.056094
19501,1,8.552488,0.64083457
17230,2,-4.3661294,3.3783057
108458,1,8.856361,0.26354003
41840,0,-3.2270043,-8.378061
29842,2,-4.43278,2.5109143
159339,1,8.777617,1.270016
47625,1,5.2056184,-5.245949
167372,1,8.684487,0.3972529
147978,3,-2.6147244,-1.2479626
171525,1,8.268627,0.4873199
41363,0,-3.4297628,-7.6074786
112356,2,-4.179702,2.8326006
153834,3,-2.711274,-2.0632591
97895,0,-3.8990154,-8.175193
157719,1,8.5902195,1.0655282
7745,2,-4.41433,3.2027385
158869,1,8.584599,1.5511258
98381,4,-4.4800887,4.0635138
11792,1,8.822034,1.408039
64268,0,-3.1317625,-6.5381274
7592,1,8.60166,1.3278745
10704,3,-3.021193,-3.5472195
161977,1,8.933508,1.1996642
176246,2,-4.661235,2.4818194
16278,1,8.536289,1.4692206
34612,0,-3.6246114,-8.727156
25641,3,-2.782072,-2.2462296
177825,4,-4.461036,3.7660887
29435,0,-3.3849795,-7.5749335
174736,1,8.402909,0.9497379
169501,4,-4.351272,4.1414933
48006,3,-2.5666735,-2.6451457
100975,0,-3.106405,-7.9526277
115964,2,-4.320678,2.4488864
101978,1,8.272471,0.19357905
149306,1,8.781774,1.0730182
7695,1,8.551242,1.0483668
170520,0,-3.1062622,-7.2900896
30978,2,-4.3396053,2.5148172
90600,1,8.988852,0.8550756
7909,4,-4.356958,4.0129604
29998,0,-3.9028432,-8.311284
33130,0,-3.4075992,-7.833223
60722,4,-4.1775966,3.8549447
10502,1,8.414643,-0.101575434
77120,1,8.721488,0.96405184
86667,1,8.320531,0.24245569
174990,1,6.2535744,-4.9769506
99680,0,-3.3125558,-7.2772737
168329,3,-2.9871166,-3.817981
43702,0,-3.8122132,-8.223997
27029,0,-3.2002442,-7.883753
86012,4,-4.3604007,3.807523
94349,1,8.878612,1.1913356
82227,1,8.862141,1.2223479
180253,1,8.78266,1.3717428
22024,1,8.931004,1.0681171
42237,4,-4.4876604,4.0535197
90504,2,-4.419541,2.945962
150159,1,8.533797,0.25745842
104298,3,-2.5005183,-2.0068939
12153,4,-4.5114913,3.4290583
108989,0,-3.433624,-7.394209
161222,1,8.330477,-0.17497844
36109,1,5.939863,-4.86989
77173,1,8.788449,0.82443374
183621,2,-4.569293,2.6747959
20480,2,-4.3759966,2.2426157
165899,3,-2.831122,-3.0336468
165491,2,-4.349633,2.5005856
86804,1,8.596055,0.5143016
26023,1,8.549174,1.4006342
103727,1,8.695433,0.15634473
23450,4,-4.5008903,4.1985726
120986,3,-2.765301,-2.492575
39226,4,-5.172219,3.759605
105645,4,-4.672503,4.127842
156050,4,-4.54447,3.9696405
94476,2,-4.310191,2.344792
79563,4,-4.371043,4.082744
5876,1,8.836019,1.0276173
94813,4,-4.630406,4.2075057
99883,0,-3.5542667,-7.599641
30530,2,-4.307236,2.450608
11698,1,8.295908,0.067096174
11524,1,5.8666377,-5.100874
18059,1,8.512267,1.0924658
151756,1,8.849831,1.0366843
95181,4,-4.4750643,4.052359
91330,4,-4.043243,3.670917
13240,1,8.72278,1.2352883
181779,0,-3.5741274,-8.372041
186385,0,-3.73102,-8.621747
91832,1,6.344934,-2.984311
186559,2,-3.7635212,2.219972
43593,1,5.8635616,-2.666812
182537,0,-3.6672168,-8.565855
4625,4,-4.342575,3.3155189
166341,3,-2.4697561,-1.5494812
79677,1,8.212216,0.76814884
144821,4,-4.351683,3.7300072
149906,1,8.746548,0.96834266
72021,2,-4.0815034,2.4365098
19034,1,8.723721,1.1614674
15286,1,8.471372,0.05252969
161426,1,8.728677,1.4518278
83335,4,-4.6215034,4.046292
148054,2,-4.234567,2.3940926
17299,1,6.1621976,-4.7208605
85433,2,-4.4774637,2.8085299
57169,1,8.035973,-0.20703726
110709,4,-4.6326675,4.2027345
154624,1,8.403356,0.045854375
112519,3,-2.8276827,-3.5337963
19055,1,8.409356,-0.0044358023
84457,2,-4.51227,3.064888
143635,1,8.736769,0.99255
124071,3,-2.8283172,-2.4587286
122412,1,8.399324,1.1481519
37832,0,-3.5543563,-7.4075656
174641,4,-4.2146964,4.1375766
148329,2,-3.6588767,1.0489342
13688,3,-3.0967138,-2.6346219
29420,0,-3.4498184,-7.6544547
114818,4,-4.6718736,3.996253
4522,1,8.507736,1.0528716
41590,2,-4.2969117,3.20627
167262,4,-4.5254607,4.0742717
161021,2,-4.4358983,2.4279628
107021,2,-4.227787,2.8805473
158014,4,-4.3022566,4.0493107
36818,0,-3.7725575,-8.553096
183847,0,-3.3309522,-7.17457
112972,0,-3.2141528,-8.080092
176422,1,8.780175,1.0667124
60326,0,-3.1521435,-6.54576
22289,0,-3.3770661,-7.3594637
47836,3,-2.6520116,-4.8117156
116910,4,-4.5652857,4.155673
119848,1,8.784826,1.195782
3969,1,8.185307,-0.07609113
166318,4,-4.3726225,3.8554697
15387,3,-2.649583,-2.1996562
81020,3,-3.2029607,-3.2517695
154854,4,-4.437573,4.0822597
49692,4,-4.447305,4.0945673
14306,4,-4.41861,4.0416226
162373,4,-4.549481,4.1625495
92544,3,-2.712413,-2.99298
80884,2,-4.1409326,2.5103142
149385,1,8.499149,-0.06495322
90533,1,8.825078,1.140144
164385,1,8.762708,1.06151
151282,4,-4.187618,4.06864
49630,4,-4.271318,3.8980286
191703,4,-4.2153387,3.6179225
79688,3,-2.746347,-2.3416674
86496,1,8.8066435,0.925078
82426,3,-3.322167,-3.5549498
137195,3,-2.465918,-3.2396343
181963,4,-4.571293,3.917054
187507,0,-3.849637,-8.374829
164696,1,8.820725,0.8071157
173227,2,-4.370158,2.3741016
114025,4,-4.372992,3.7437713
68153,3,-2.5257976,-3.1092584
129332,0,-3.1457705,-6.5443387
20879,1,8.571022,1.3043208
12356,1,6.204454,-4.7674184
120196,2,-4.092987,2.0763206
152278,4,-5.1749835,3.646978
189889,4,-4.506805,4.1415205
112482,3,-2.8591697,-2.4747343
97162,0,-3.698224,-8.605634
175328,4,-4.554061,4.2956676
7614,2,-4.1862125,2.6192687
30710,4,-4.4707074,4.3360486
104747,4,-4.3841805,3.8705225
9140,1,8.666963,1.0094012
7782,1,8.688201,0.92766184
87239,1,9.051425,1.0954052
149203,1,8.563099,1.3749081
86372,1,8.285793,0.0009012207
73304,4,-4.376618,4.0624623
191090,1,8.885336,0.90507764
153587,1,8.638524,1.6773798
62547,0,-3.217674,-6.3105774
113368,0,-3.2173867,-8.059206
106781,1,6.2831697,-2.848823
95177,4,-4.562906,4.201724
5388,1,8.656767,0.7567342
2457,1,8.804472,1.2276218
118607,4,-4.4102182,3.687683
90482,1,8.947665,0.8329997
159142,4,-4.4681935,4.0778475
8574,1,8.80256,1.2249032
3591,1,8.2903185,1.1009401
96419,3,-2.9172893,-4.5833664
31574,4,-3.9384298,3.6595423
164377,1,8.461372,0.31432438
93593,2,-4.273094,2.6944838
41812,4,-4.502469,4.139344
8571,4,-4.411565,3.8118834
159741,2,-4.387911,2.4669302
35759,0,-3.2611494,-7.7270474
176955,4,-4.5762815,4.1260715
169499,1,8.651078,1.1716534
185041,4,-4.509744,4.0723815
176991,2,-4.600214,2.5937395
180754,0,-3.65219,-8.505879
175812,4,-4.4928837,4.1335554
32869,1,8.769999,1.1577271
104501,4,-4.336816,4.1301565
9940,4,-4.7846417,3.870706
12366,2,-4.5828133,2.588018
60694,4,-4.251345,3.7936625
176977,4,-4.6769185,4.1377854
144549,4,-4.191824,4.0840187
84810,2,-4.3655744,2.372837
175768,4,-4.428692,4.0762553
108839,2,-4.1966014,2.3940623
19805,1,8.857555,0.90303034
29196,1,8.728549,1.2170066
86595,1,8.618217,-0.4406278
87913,4,-4.52313,3.9835076
25638,2,-4.6132417,3.2155087
42059,2,-3.9745097,2.0495474
100779,0,-3.2659,-7.974745
26017,1,8.113531,0.32896495
102707,2,-4.446534,2.5114067
177457,2,-4.3320336,2.500627
177496,4,-4.2130194,3.651522
33142,0,-3.4423656,-7.706597
28903,4,-4.5793104,3.674213
50393,4,-4.411177,3.7524557
19029,1,8.043842,0.0052630473
81268,4,-4.3802676,3.6107686
166542,4,-4.3914037,3.8210704
20899,1,8.637701,1.438166
186974,4,-4.437681,3.8796575
192335,3,-2.3659573,-3.3977776
167462,4,-4.446922,3.7063758
147880,2,-4.196157,2.1725173
18872,0,-3.5604742,-8.522242
5224,1,8.728309,1.0108582
147681,1,8.145939,0.076106645
49986,2,-4.373959,2.830794
60193,0,-3.026607,-6.4391875
93584,0,-3.461706,-8.720945
33120,0,-3.2086768,-7.858048
113042,4,-4.424274,3.8849761
83010,4,-4.4314923,3.4821365
103200,1,8.4252615,-0.2454532
22907,1,8.357416,0.034204908
71615,3,-2.6321447,-4.0559764
79507,3,-2.7924922,-1.1708534
80474,3,-2.7600625,-1.1594583
174101,1,8.743306,0.24951766
169749,3,-2.9388843,-2.0206945
177920,2,-4.548774,2.6826518
149311,2,-4.3259025,2.56172
46386,3,-3.756326,-3.6424828
179586,0,-3.664465,-8.366061
108405,0,-3.7061524,-8.676642
75110,1,8.851444,1.301216
97528,0,-3.7439656,-8.8441305
186920,0,-3.8478806,-8.288905
22975,4,-4.3699603,3.640987
19576,4,-4.5304046,4.240465
153670,1,8.361579,0.9932785
13527,3,-2.2272065,-1.868014
190610,1,7.9343457,-0.080444805
41540,1,8.194508,-0.17172131
177469,1,8.365281,0.3754196
167782,4,-5.323826,3.9124851
171667,2,-3.4716618,2.2631364
97663,1,8.568033,1.0744913
104997,4,-4.4408345,4.24553
17428,0,-3.496218,-8.382937
10581,1,8.696468,1.1886127
149201,1,8.726885,1.5050467
49168,4,-4.465557,4.036384
162599,1,8.755642,1.2275532
147919,2,-4.066518,2.0076375
59915,0,-3.0132804,-6.384422
86090,1,8.7018385,1.2549381
146809,1,8.475095,0.820576
108895,0,-3.6934443,-7.0374293
122256,1,7.9167957,0.14217278
164406,1,8.793267,0.8235382
136715,3,-2.3878787,-3.558953
88651,1,8.678915,0.90043914
7331,4,-4.358549,3.6126702
48269,0,-3.553514,-8.668655
10774,3,-2.5674274,-2.5621414
93480,1,8.537374,1.3434198
157703,2,-4.504449,2.962377
30037,0,-2.991176,-7.1470394
98185,4,-4.289598,3.920422
109920,0,-3.36132,-7.3559647
91268,1,8.5270195,0.29466602
79385,1,8.020892,0.12213663
87844,4,-4.4065866,3.9372804
151794,1,8.548283,0.6188465
90265,1,8.637685,-0.09138355
86120,3,-2.9841404,-4.724757
60666,2,-4.324174,2.3061905
110132,0,-3.7114658,-6.989762
14260,2,-4.5394645,2.5831838
188764,4,-4.0689445,3.5682359
174603,1,8.33514,0.33108258
86352,2,-4.615954,2.9146152
135899,0,-3.3470416,-6.6872277
107911,0,-3.1027348,-8.289692
150965,2,-4.1085343,2.1509006
160957,4,-4.3695126,3.9871824
97637,1,8.143897,-0.0046358877
169093,4,-4.503205,3.7773242
159964,1,8.916432,1.3992379
168384,4,-4.577599,3.9933996
147430,2,-4.2391143,2.4825044
147788,4,-4.002425,3.7556043
149824,2,-4.154964,2.3678167
4235,4,-4.428196,3.5281482
14021,1,8.579791,-0.051564004
110744,4,-4.4796853,3.8926327
20876,1,8.097918,0.2174383
108315,0,-3.3986368,-7.707807
147093,2,-4.1661263,2.320366
107912,0,-3.0021043,-8.516932
77905,3,-2.9037783,-2.635342
161132,4,-4.4124894,4.0049696
79417,4,-4.295107,4.0096564
99685,1,8.622559,0.8686409
32843,1,5.886384,-4.0213194
37499,4,-4.338553,3.8755577
108944,0,-2.9528959,-7.3319345
8612,1,8.637378,1.1532651
82600,3,-2.8025324,-2.299912
146804,1,8.590308,0.8238307
85271,4,-4.3192973,3.811241
187433,2,-4.472364,3.3978238
8383,1,5.479542,-4.72861
105108,4,-4.4208436,4.202382
1175,2,-4.2621517,2.5546496
73000,4,-4.2750835,4.1522117
136961,3,-2.2214217,-3.9616725
180216,1,8.233793,0.3428059
62615,0,-3.8622365,-6.638072
18136,0,-3.121813,-7.296873
36729,4,-4.317566,3.6051462
17083,0,-3.4614418,-8.725206
100758,0,-3.091082,-8.210862
44226,0,-3.3016768,-7.9654427
85231,1,8.7530155,0.9981193
77924,2,-4.2440586,2.1636882
160601,1,8.101043,-0.16494128
180901,3,-2.9935372,-2.5452554
94358,3,-2.6627507,-1.2416867
98448,2,-4.698759,2.762326
20031,4,-4.431162,4.007584
143406,0,-2.8127396,-3.8812842
46323,2,-4.49892,2.3151305
116621,1,5.9147315,-5.1636715
159840,4,-4.3274965,3.767528
159957,1,8.858255,1.3146044
176916,1,8.905659,1.2210768
177639,1,8.19675,0.093981296
174959,1,5.470547,-5.3272305
183207,4,-4.2710524,3.9708834
179250,3,-2.6735837,-3.1468282
169845,2,-4.6079054,2.9740856
88921,4,-4.3472514,3.8380425
81261,3,-2.5380938,-1.2379903
113260,1,8.480523,0.43350184
14445,2,-4.6799445,3.044255
39567,4,-4.473219,3.7893806
129348,0,-2.82474,-6.365439
32405,1,8.991456,1.0357397
155540,3,-2.777373,-4.1447988
109169,2,-4.558447,3.15129
91717,3,-2.6354861,-3.8925245
44437,0,-3.583034,-8.964096
170802,1,8.554903,-0.035715032
26388,2,-3.7954092,2.89106
152,4,-4.3462205,3.9641995
14841,0,-3.4297793,-8.834063
61743,4,-4.2255416,3.786751
72442,3,-2.730523,-2.1801708
111825,4,-4.4538817,3.7773798
11098,1,8.313807,1.2489703
7395,1,8.397576,1.1417291
185188,3,-2.445921,-2.6900249
180717,0,-3.4939966,-8.645642
167951,1,8.293467,0.11634818
46085,4,-4.3822927,3.7494082
172436,0,-3.4472575,-7.8225465
166184,1,8.729602,0.92099947
69857,1,8.586217,1.0715642
2959,1,8.923513,0.46295616
27052,0,-3.0906985,-8.35157
38362,0,-3.6122375,-8.860613
22014,4,-4.370187,4.008583
8052,1,8.033575,0.15625177
82233,1,8.84945,1.2040466
118864,3,-2.8998716,-4.6797843
51757,3,-2.7003956,-3.5878124
13620,1,8.762053,1.4282836
148951,1,8.202011,0.23168682
90780,4,-4.341276,4.1322703
37579,1,8.046173,0.13776796
97642,4,-5.243929,3.784
26690,4,-4.531658,3.9955614
48287,0,-3.5858643,-8.729679
164415,1,7.980044,0.605539
169511,4,-4.4686437,3.8105311
83725,1,8.935666,1.2209182
155042,4,-4.609246,4.0456896
60671,4,-4.1984487,3.849206
77359,4,-4.457613,4.09066
84191,1,8.310124,0.76914275
41674,0,-3.018183,-7.0440483
176201,4,-4.6250725,3.7705119
14293,1,8.749719,1.3059003
14457,1,8.508266,-0.0046743713
169326,3,-3.1051106,-1.7695621
154878,1,8.432653,1.4390402
173263,4,-4.452901,4.138425
32861,1,8.5470705,1.1737969
164083,1,8.670446,1.1953783
20253,4,-4.548806,3.6179016
179365,3,-3.0022004,-3.2878587
156950,3,-2.845427,-1.8468417
73001,1,8.557932,0.68520474
24741,1,7.6133766,0.4135159
174878,2,-4.6337533,3.167344
45766,4,-4.309212,4.0790462
79529,1,8.571329,0.9896641
17959,4,-3.9193249,4.0150714
182785,1,8.756594,1.160478
30591,3,-2.8570244,-3.3486218
37735,1,8.285991,-0.023504512
91578,4,-4.165179,3.910234
91942,2,-4.517283,2.7774565
84171,4,-4.350274,4.2201467
5908,2,-4.347699,2.4361832
35793,0,-3.75967,-8.908908
109123,1,8.3067665,-0.053068183
152399,2,-4.575152,2.4333105
167996,2,-4.424059,2.4781077
95883,3,-3.0885127,-2.8631566
40662,0,-3.6417732,-8.768153
87817,3,-2.923027,-2.0805564
167417,1,8.457847,1.2334292
22032,4,-4.5573883,4.1388836
87040,1,8.727877,1.0000676
92338,0,-3.5109303,-8.597782
159276,1,8.560296,0.8204466
88689,2,-4.3023252,2.3913002
81171,2,-4.3389487,2.676225
102785,2,-4.418628,2.5317717
116274,4,-4.213363,3.9866362
114929,2,-3.9933891,2.095859
113153,0,-3.4787471,-7.693895
178023,1,8.37422,0.759795
166435,3,-2.7581608,-1.7337977
98225,4,-4.287313,3.8026447
90787,2,-4.3172545,3.3535862
11979,4,-4.4815736,4.1207805
163297,2,-4.4154277,2.2089067
153791,1,8.520742,1.2424535
24475,4,-4.2946615,3.526199
169662,4,-4.5378466,3.9923632
11723,3,-2.8245902,-1.2650268
173172,1,8.771898,1.2039038
171726,2,-4.263429,2.5517447
42030,1,8.511718,1.1580251
104373,1,8.733133,1.462793
102765,4,-4.451874,4.142729
153240,4,-4.3098526,3.8406625
153430,3,-2.810123,-3.5463078
163932,4,-4.360742,3.6712897
87541,1,8.622724,1.3213903
176416,1,8.6472435,0.54213196
164122,1,8.204052,-0.063234486
7812,1,8.343303,1.3970652
100296,1,8.569756,-0.17044608
156442,4,-4.240111,3.9793851
39568,1,8.659491,1.015735
156499,3,-2.9369612,-3.194205
150996,2,-4.1718073,2.156888
28383,1,8.5626135,1.110627
5845,1,8.048527,0.14814234
20275,4,-4.467404,4.077119
161492,4,-4.340218,4.0747223
181513,0,-3.505114,-7.3347683
98724,1,8.099174,-0.14755887
182139,2,-5.324718,2.6422222
34672,2,-4.3763366,2.4556513
33247,2,-4.5297074,2.5845134
30586,4,-4.3876505,4.1592135
179855,4,-4.687537,3.9060414
5215,1,8.8099785,1.0543213
16760,1,5.830097,-4.3621197
183926,3,-2.7720702,-3.0740058
6639,4,-4.3644123,3.9176688
20056,1,8.680764,1.0913416
40780,1,8.373709,0.022449039
3090,1,8.609309,1.3697186
2181,4,-4.3779397,3.865124
19219,1,8.167261,0.15532564
123851,3,-2.9946816,-3.0340254
154916,3,-3.3350203,-3.5920131
187323,4,-4.385748,4.0314507
61685,1,6.0077667,-4.5572085
116276,4,-4.1900887,3.958008
171272,1,8.618506,1.4350243
184888,4,-4.59349,3.7381837
119177,1,5.93871,-2.5687642
182728,1,5.849547,-4.075889
78563,1,8.616405,-0.07768445
15930,1,8.039299,-0.14196116
150967,4,-4.412843,3.9661176
159050,1,8.719971,0.9814636
48501,4,-4.279199,3.6999
101269,0,-3.2974315,-7.272207
48281,0,-3.50636,-8.869196
166381,4,-4.451467,3.7398531
123455,4,-4.3954453,3.8656945
180904,2,-4.519707,2.479835
101426,0,-3.3435996,-8.476395
13138,2,-4.512834,2.4200847
156486,1,8.832602,0.8204687
1486,4,-4.417352,4.1749325
187578,0,-3.5508115,-7.499942
58122,3,-2.708408,-2.8551755
79736,3,-2.7245872,-1.4466649
93767,2,-4.557817,3.4474876
79582,1,7.912532,0.15329231
13607,4,-4.27718,4.0127435
42775,3,-2.6589882,-2.4099364
44972,1,5.9100213,-5.140997
108124,2,-4.2519717,2.551709
99165,4,-4.4348345,4.092648
124888,2,-4.265295,2.2552192
14034,1,8.878496,1.1574599
32321,0,-3.1142855,-8.29468
177097,3,-2.8363914,-3.944825
192603,4,-4.0491176,3.5762098
99749,0,-3.1984766,-8.290116
59342,0,-3.0389688,-6.0703297
85968,3,-2.731083,-1.3909926
166310,1,8.5541115,1.1603544
92121,1,8.550121,1.3585479
91857,0,-3.5504367,-8.911851
99892,1,8.639323,1.0879037
159544,4,-3.9488006,3.733144
112509,3,-2.7046373,-2.9370735
89249,4,-4.50279,4.033011
42736,1,8.630341,1.163075
71902,3,-2.5531871,-2.756384
162274,3,-2.4687333,-1.6469375
183878,0,-3.308458,-7.754164
155126,4,-4.647419,4.025455
88150,2,-4.4453607,3.049552
35299,0,-3.4984865,-8.229995
157466,1,7.7808604,-0.2547479
160765,4,-4.309652,4.10774
17616,1,8.342575,-0.51952523
180101,2,-4.318018,2.5012345
98937,2,-4.758238,3.2285352
111462,3,-2.641974,-2.7184136
4017,1,8.142817,0.015256094
80791,3,-2.8194258,-1.2211152
100184,2,-4.5213447,3.2153375
155137,4,-4.4339623,3.8088593
101429,0,-3.658576,-7.0952086
103899,4,-4.4822245,3.8126736
156690,4,-4.2377067,4.045001
149134,1,7.953409,0.10742404
64883,0,-3.9932466,-6.4153757
5543,4,-4.2742434,3.483297
26226,4,-4.376569,3.6353886
176027,1,8.300774,0.09731594
93640,4,-4.2749643,3.5639539
150042,2,-5.0563583,2.1469824
100197,2,-4.4928355,3.1369135
181242,0,-3.5137339,-8.363225
43167,1,5.909942,-5.3010325
69666,3,-2.0205343,-2.921513
103949,2,-4.6022296,2.6935952
99240,2,-4.3000073,3.076394
173309,1,8.800125,0.86777604
21049,1,8.734992,1.1505854
111723,4,-4.401638,3.8937833
175359,2,-4.666822,2.3487155
30789,1,8.66869,0.45825335
186168,1,8.637731,0.10041211
94272,3,-2.5290842,-3.6321166
91385,1,8.64247,0.6695789
173281,4,-4.5674796,3.8071053
44523,0,-3.023646,-7.1891522
38916,1,8.728668,1.2499322
25939,0,-3.6185696,-8.9668865
175512,2,-4.3535924,2.4747405
49006,2,-3.9627254,3.0730166
68219,3,-2.8922496,-3.3181202
153157,1,8.39153,-0.16359988
161599,4,-4.398305,3.5186844
141088,4,-4.508781,4.0485215
26917,1,5.592148,-3.883526
173211,1,8.504327,-0.12118759
23904,1,8.844156,1.3917043
182678,1,8.599018,1.3019345
102976,4,-4.4700894,3.9162846
6473,1,8.77685,1.2642401
4070,1,8.778418,1.1873662
90286,2,-4.4816337,3.2909248
155627,1,8.296899,-0.22148947
83352,3,-2.3528001,-1.885842
45375,0,-3.0856051,-8.067481
90693,1,9.014354,0.900248
177202,4,-4.490937,3.7887695
97337,2,-4.114172,2.2092702
136890,3,-1.8323691,-2.9320984
149391,1,8.40321,0.39836094
48296,0,-3.5070298,-9.148619
72652,4,-4.109657,3.4337182
35910,1,8.866828,1.196291
20179,2,-4.7431426,3.4058535
104983,4,-4.4298964,4.138019
161534,1,8.11001,0.0922275
35003,1,8.385942,0.2624803
7835,1,8.558798,0.52584195
151137,4,-4.5689282,3.8735385
80724,2,-4.487855,3.1304433
141070,4,-4.360779,4.0335073
11808,4,-4.4370346,3.9810069
90924,0,-3.5435264,-8.228399
42271,1,7.974956,-0.064489685
143890,1,8.635596,1.4065022
23651,1,8.443649,1.3419983
173999,3,-2.8264384,-2.3411305
109742,0,-3.6357315,-8.690551
5402,4,-4.631672,4.0366178
108968,0,-3.385802,-8.266617
13678,0,-3.578058,-8.885032
86886,1,8.770614,0.18321903
165924,1,8.640713,0.92495453
99496,0,-3.360851,-7.6092935
13112,0,-3.4149976,-8.418518
82114,2,-4.4548473,2.8504434
44516,0,-3.8723586,-8.541089
10290,1,5.396896,-4.744039
181947,2,-4.5403657,2.5368443
86527,1,8.478643,0.57111526
83239,3,-2.5648472,-1.7741787
30990,4,-4.3954988,3.6374357
119981,3,-2.807195,-3.0066078
84540,4,-4.2684126,3.798759
190226,1,8.570226,1.2625377
157175,1,8.606813,1.3482059
179136,3,-2.6340451,-2.0719898
185754,0,-3.1141198,-8.288414
143879,1,8.694906,1.1442548
159988,1,8.810525,1.3264983
40793,0,-3.4071722,-8.693669
96914,3,-3.6815972,-3.4546392
14383,2,-4.3343596,2.1810293
16193,1,5.416706,-4.107614
30817,1,8.768093,1.3527445
161507,1,8.999899,1.0777158
30299,1,6.215342,-2.7438993
159592,4,-3.785382,2.6921706
17216,1,5.7019296,-3.5752413
113653,0,-3.0754988,-8.266283
30842,1,8.63836,1.1790376
187800,0,-3.6535745,-8.579958
176899,4,-4.6295476,4.122676
93189,4,-4.3783827,3.7138176
32103,1,8.924266,1.2349277
93936,3,-3.0156145,-2.8389661
33078,0,-2.967993,-8.283419
38930,1,8.6284075,1.0577375
156877,2,-4.404233,3.2664843
24278,1,8.402061,0.104505554
192520,3,-2.4155035,-3.5906932
92109,1,8.458368,0.24747187
35748,0,-3.6372766,-7.2808433
168961,1,8.629982,1.1961901
80975,3,-2.4524918,-1.2417146
144544,4,-4.211151,4.0952373
29448,0,-3.424798,-7.4628925
161894,1,8.818986,1.2894936
77387,1,8.721454,1.0994531
143908,2,-4.25808,2.332569
162643,4,-4.59148,4.0510592
153997,3,-2.6596985,-1.1196666
27520,2,-4.463103,2.4059763
86026,4,-4.4768877,3.875938
154901,4,-4.426873,4.1325817
41240,0,-3.2934952,-8.229076
159911,1,8.609273,-0.12595764
90840,4,-4.2672634,3.9931655
81568,1,5.621641,-2.221532
102782,4,-4.337422,3.9022317
7876,4,-4.459375,3.9719775
137391,3,-2.837378,-3.109342
20260,4,-4.503911,4.3693433
37813,0,-3.356422,-7.6466165
152601,1,8.100028,0.27313635
172403,0,-3.3791778,-7.314179
178840,2,-4.2714815,2.5397966
29004,0,-3.049555,-8.083992
15055,1,8.769663,0.71106404
25243,4,-3.9885187,3.6917744
45504,1,5.948619,-5.1976256
91401,4,-4.3900895,3.9004116
75048,1,8.110954,-0.045737077
62750,0,-2.6656168,-5.758603
167150,1,8.614893,0.05032268
17900,0,-2.997394,-7.3426957
29152,1,8.803986,-0.018368471
179475,4,-4.6251154,3.9376445
37426,0,-3.274237,-7.1495748
7418,1,8.457415,1.3620396
83003,1,8.488419,0.59444714
79671,4,-4.268115,3.5416486
111352,4,-4.408695,3.6442327
113661,0,-2.9558117,-7.1938114
110381,2,-4.0733824,2.5082304
84374,4,-4.574652,3.9370325
83017,4,-4.43987,4.0412383
86919,1,8.242594,-0.14957517
80728,3,-3.0523736,-1.7066367
14506,1,8.736036,0.872817
177009,4,-4.4616227,3.266887
161375,4,-4.389632,3.9361126
163875,4,-4.422137,3.8428588
108483,2,-4.3226776,2.34658
186287,1,7.989599,0.090388946
85334,2,-4.4188695,2.4762635
153620,1,8.440697,1.0604162
154244,3,-3.0100453,-3.5468864
53215,2,-4.2299075,2.7043817
168618,1,8.379102,0.3715645
15589,2,-4.1798844,2.3228633
27264,1,8.799925,1.2635447
125150,3,-2.3992214,-4.761277
123537,4,-4.226137,4.0551896
78205,1,8.451677,1.6134318
103090,1,6.49722,-1.4678771
104758,4,-4.3814178,4.0177097
37183,4,-4.27144,3.389769
88212,2,-4.156723,2.8958082
188833,3,-3.0652604,-2.5249455
161244,1,8.376181,0.9191383
32863,1,8.50757,0.8818862
60371,0,-4.021852,-6.719327
182710,2,-5.4659405,2.724652
186593,4,-4.2645164,3.6287434
82667,4,-4.181031,4.0144353
50930,1,8.044246,0.35779375
5988,4,-4.320618,3.9548914
161048,4,-4.439166,3.9979792
166770,4,-4.5002594,4.0478535
10772,3,-3.0044258,-2.5845363
43068,4,-4.511609,3.8244176
110240,0,-3.6404035,-8.595401
91669,1,8.5074,0.27230933
8775,1,8.165896,0.32782966
27902,4,-4.467332,3.7720506
24909,1,8.4677,0.10772514
55087,3,-3.3436618,-2.774753
88825,1,8.513684,1.2263123
61723,4,-4.1173463,3.413587
180603,2,-4.3890452,2.5185328
25445,4,-4.257061,4.217602
15136,3,-2.6771438,-1.3602046
92093,4,-4.47261,3.9012637
107652,1,8.156892,0.2391267
141067,4,-4.40363,3.9942148
184037,4,-4.407434,4.0227714
10741,4,-4.172796,3.9001436
188708,1,8.727324,1.2463322
154156,3,-2.686908,-2.9952197
167146,2,-4.4052906,3.147192
15752,1,8.509731,0.8388371
113637,0,-3.306805,-8.429747
37012,0,-3.592189,-8.764349
162680,4,-4.4763575,4.0370483
177665,1,8.58095,1.0354296
30808,1,8.699666,1.2533615
29691,1,8.59837,1.5213091
73282,1,8.686542,0.8747453
36309,0,-3.2736983,-8.13263
19006,1,8.822658,0.60191905
17051,2,-4.751355,3.3513496
102797,4,-4.4204435,4.1772013
30480,2,-4.479122,2.4001706
189766,1,8.873637,1.0490053
32478,2,-4.5144744,2.1191397
137316,3,-2.7862015,-3.6872084
41539,4,-5.077538,3.7574828
79875,1,8.194971,0.9967334
53924,2,-4.728283,1.8686951
82604,2,-4.4507117,3.2805243
75716,1,8.404913,-0.1449965
16206,1,8.701946,1.1080389
78593,1,8.70061,1.0977615
83445,4,-4.3561034,4.120153
185910,4,-4.4688168,3.6283445
165914,1,8.278096,0.26265436
17841,4,-4.2794013,4.029344
171554,4,-4.474241,3.77535
16295,1,8.734037,1.0239724
9596,0,-3.6834316,-8.473201
14112,1,8.734859,1.2722723
167336,1,8.587062,1.275887
7138,1,8.196771,0.03383023
18475,2,-4.1797614,2.6772811
141063,4,-4.36133,4.126311
48959,1,8.420152,0.019290403
25646,4,-4.4591646,4.031799
93634,1,8.484023,1.2258478
161279,2,-4.421218,2.4333062
99430,0,-3.4982362,-8.872812
42963,0,-3.267841,-7.7613263
183540,0,-3.338028,-7.3013997
30055,0,-2.9996521,-7.317737
61114,4,-4.328869,3.6521595
171552,1,8.62653,1.4629077
181608,1,8.881409,1.1728567
187450,4,-4.3287644,4.025919
80852,2,-4.4072943,3.4057333
156374,1,8.831967,0.97537756
163108,1,8.484746,1.3065009
111738,4,-4.6729655,4.1215177
100021,2,-4.317282,2.2237031
24698,1,8.61702,1.2251909
113399,0,-3.0397992,-8.222771
51520,1,8.654119,1.2513301
62749,0,-3.3527496,-5.5342956
104769,2,-4.4645967,3.1334682
181962,4,-4.6084785,3.9358974
96725,0,-3.3196013,-8.832459
82910,3,-2.7605488,-1.5174649
29575,3,-2.7319171,-2.043819
6136,1,8.541391,0.34198472
103917,4,-4.436387,4.1197433
111337,4,-4.6885476,4.044038
97787,4,-4.6192555,4.2386193
24296,1,8.778057,1.351582
171697,4,-4.1275215,3.6032052
105619,4,-4.448288,4.3212
165826,1,8.471808,0.26627725
169135,1,8.484259,1.2651358
136430,0,-2.9753284,-6.9873476
94290,1,8.970197,1.164353
96938,2,-4.7144246,2.5379837
186209,1,8.670135,0.68118924
148015,4,-4.3420115,3.6151912
108413,0,-3.0293252,-8.325182
59345,0,-3.2254262,-5.697253
171600,4,-4.298501,4.1067386
49080,2,-4.4318275,2.3285632
104870,4,-4.5392027,4.0330434
177191,2,-4.5710626,2.9247136
171685,1,8.325743,0.11829561
48966,4,-4.4698496,4.188585
168626,1,8.668124,1.2242008
121632,4,-4.4024196,3.7513382
103377,2,-4.5952044,2.6968923
109918,0,-2.8553321,-7.3144193
80781,1,8.334728,1.1732373
94353,4,-4.4505677,3.7919278
77067,3,-2.877629,-2.589664
92213,3,-2.9644809,-2.8418286
151758,1,8.691391,0.8061997
156490,2,-4.461834,2.4445448
35433,1,8.563463,1.3662156
21545,0,-3.1894538,-6.663759
84413,4,-4.2579927,4.1486897
35757,0,-3.2045758,-7.824135
174838,2,-4.524739,2.6412334
28144,2,-4.5756884,2.7423055
27380,3,-2.8389425,-2.7561333
144589,1,8.065453,0.20292673
65147,0,-2.9515636,-6.634901
33618,1,8.592808,1.3405269
18702,1,8.033719,0.1515623
168651,1,7.9950414,0.3709884
16915,1,8.956592,0.85863143
180282,2,-4.424903,2.6871676
107841,0,-3.4787009,-8.955273
160631,4,-4.576872,4.0995417
23979,2,-4.5866537,2.3213882
15723,0,-3.3999245,-7.3333764
77027,1,8.373235,-0.0629618
123454,4,-4.3383512,3.706951
85835,1,8.200582,0.17089747
92087,2,-4.51786,2.5416956
5949,1,8.896483,1.0362397
162697,2,-4.4232154,3.0625863
166670,4,-4.387554,3.915257
32847,1,8.8119335,1.093421
123821,3,-2.8693717,-3.1617906
174727,1,8.334962,0.47674766
166045,3,-2.684546,-1.1840953
162901,2,-4.0259614,3.0000844
5391,1,8.72295,0.9704787
14580,1,8.914653,0.7981962
36585,0,-3.2900972,-6.782798
184230,4,-4.6738214,4.18267
43409,4,-4.6038117,3.982867
5155,1,8.530876,0.43682972
159284,1,8.368643,-0.08714546
102775,4,-4.5638447,4.252772
18219,1,8.675756,1.4594604
155660,1,8.390458,-0.15712282
161439,1,8.689369,0.9471724
10234,1,8.467713,0.0011858846
36622,0,-3.662434,-8.357963
80473,1,8.39616,0.47300008
158018,4,-4.2026033,3.9234326
144559,1,8.722613,1.3222771
19853,0,-3.8034518,-8.234364
91909,1,8.476311,-0.06448996
118157,1,7.980398,-0.007927073
50022,2,-4.282457,2.3775134
97810,0,-3.5818074,-8.712678
24647,3,-2.785384,-3.8458762
187941,1,8.897423,0.6777569
14862,0,-3.6014996,-8.154967
169887,0,-3.1952431,-7.6808558
21551,1,8.290574,0.18950747
90975,1,6.1051,-3.227995
26297,4,-4.543564,4.1947384
165448,2,-4.4882593,2.672837
156507,4,-4.193421,3.819477
47781,1,5.3104386,-5.120789
161635,3,-2.7880154,-1.1815921
99479,0,-3.4725451,-7.743815
177667,4,-4.267847,3.7184978
88734,3,-2.689358,-1.3946376
32858,1,8.311868,0.19961062
111693,2,-4.3689957,2.4224992
49505,1,8.793209,1.1638255
43908,4,-4.3337035,4.0980825
92414,2,-4.287406,2.8673174
8011,1,8.701472,1.3417878
95065,1,8.600891,1.1153846
12182,1,8.869137,0.93687963
79526,4,-4.303054,3.8955069
29791,4,-4.412601,4.0213027
103129,2,-3.9924588,2.3608165
28463,1,8.706942,1.1039152
27810,0,-3.136391,-8.009131
113651,0,-3.2631476,-7.221771
27276,1,8.457749,0.017422715
147386,1,8.449559,-0.061160102
24073,4,-4.3434496,3.571596
101104,0,-3.3135004,-7.3507805
44691,3,-2.3600395,-3.3048935
186697,1,8.6579,0.90863097
92635,1,8.369033,0.098742954
107495,2,-4.4627,3.132815
187995,0,-3.2569118,-7.9188247
24269,1,8.045391,0.26273748
178176,2,-4.4337544,2.1828632
76938,1,8.390066,0.93336046
73517,0,-3.0651977,-6.621289
124464,3,-2.5500145,-3.7284412
164146,1,8.699625,0.9588644
5313,4,-4.1541705,3.9096668
145171,4,-4.363609,3.7773123
187319,1,8.8915415,0.93650573
14069,1,8.774825,0.9167305
154807,1,7.88583,0.7266343
163458,1,8.678701,-0.34098893
32994,4,-4.4423866,3.6108522
13741,4,-4.372891,3.9980075
96526,2,-4.5131884,3.3429997
24707,4,-4.101943,3.5372462
168118,2,-4.4714622,3.0603044
101129,0,-3.308888,-7.662228
5284,1,8.814631,0.6618269
45968,0,-3.2168188,-7.9341307
181521,0,-3.4210372,-7.2811
92187,4,-4.471624,3.9588828
180555,1,8.450689,1.2955486
94586,1,8.745486,1.3949686
40402,3,-3.0921588,-1.668073
21305,0,-3.5478206,-7.5079837
164379,2,-4.544366,3.1894424
109365,4,-4.326682,4.0082707
35287,0,-3.6359367,-8.879329
165299,1,8.82331,1.1917592
88009,1,8.128068,-0.11999874
25267,4,-4.2860594,3.2499177
88962,4,-5.06766,3.4303567
9235,3,-2.90293,-1.4637244
66810,3,-2.7456763,-2.7346196
14217,1,8.806221,1.1855984
104958,2,-4.5704074,3.317918
21482,2,-4.376431,3.4012709
39090,1,9.017232,1.0538626
168926,3,-2.8002586,-2.5024185
22034,1,8.905148,1.1063961
166605,3,-2.8457272,-3.6281228
180991,0,-3.3711796,-8.885048
109478,0,-3.5494807,-8.71375
15578,2,-4.400901,2.4858184
113560,0,-3.4741914,-8.938433
19503,2,-4.470759,2.282637
87289,1,8.95774,0.92540497
166044,2,-4.427771,2.5080512
162695,4,-4.4644804,4.0096893
45686,3,-2.1570313,-3.9711778
30574,4,-4.423813,4.1108413
110771,4,-4.5662856,4.1487184
29538,0,-3.4572675,-7.401515
19955,1,8.558122,0.10502157
98658,1,7.945613,0.037537333
159584,2,-4.027222,2.4952443
102664,4,-4.5389886,4.2614117
186901,0,-3.5204575,-8.666339
99766,0,-3.6870425,-8.429305
32980,4,-4.513631,3.7799504
17842,4,-4.335525,4.000383
36972,2,-4.1172314,3.0393722
90797,4,-4.3739796,4.1953077
53921,3,-3.0054657,-2.9410987
35464,4,-4.3494444,4.001865
88206,3,-2.4440672,-1.7325151
175400,4,-4.4810567,3.7563555
170515,2,-4.5370474,2.5287702
3736,4,-4.448021,4.120769
100924,0,-3.2762976,-7.9605865
11393,4,-4.112337,4.0322576
21013,4,-4.5169473,3.7119064
161044,4,-4.396344,3.7410736
88277,1,8.603186,0.11724617
154789,1,8.3862505,1.1427774
25547,2,-4.661586,3.0860035
36442,0,-3.3543146,-7.6369042
156399,4,-4.266222,3.2268467
27829,0,-3.561717,-8.44624
41494,1,8.736215,1.1145446
36592,0,-3.2206595,-7.7969394
49221,1,8.409646,-0.34094962
149753,2,-4.262361,3.0365777
118061,3,-2.9403427,-4.7326107
8430,1,8.307967,0.6226551
137758,2,-4.149818,2.1346056
91947,2,-4.29174,2.991108
149204,2,-4.3390207,2.5294716
100066,0,-3.72007,-8.583343
90741,1,6.166739,-3.4216921
152413,4,-4.5035567,4.0163517
111088,4,-4.3950615,4.046439
108560,1,8.773671,0.81517816
101575,0,-3.2876394,-7.3823943
27481,4,-4.32984,4.035708
104365,1,8.262405,-0.3023344
156358,1,8.383294,0.48480424
116105,4,-3.9530926,3.954593
92157,3,-2.8210983,-1.1029965
8771,1,8.515888,1.3248158
15563,4,-4.262367,3.8895352
35749,0,-3.3029437,-7.7162194
149733,4,-4.3191676,4.0828705
181025,0,-3.7131965,-8.498148
37468,1,8.462358,-0.004388305
93616,4,-4.339778,4.0625906
127896,3,-2.4988573,-1.6551235
183544,0,-3.4734578,-7.2416787
12446,2,-4.685711,3.3228157
191415,2,-4.264938,2.5277705
161205,1,8.995803,1.0161996
73103,1,8.405531,1.0591637
29814,4,-4.4184976,3.6615734
104455,4,-4.678923,4.1706614
121598,1,8.725763,1.1363574
99541,0,-3.074111,-7.1322055
15359,4,-4.428897,3.998056
177107,1,8.357272,0.3348037
113268,1,8.548286,0.95005375
38690,1,8.564116,0.73348635
23489,2,-4.3670917,3.0673616
7844,4,-4.409143,3.828532
159565,2,-3.874448,2.408937
70198,0,-2.8125298,-4.7712817
80385,1,7.8857503,0.21848528
127906,4,-4.1832027,3.5858994
96202,4,-4.7231417,3.8387
166736,4,-4.6749306,4.0498586
94367,1,8.807996,1.2778939
23408,2,-4.4629865,3.027088
144580,4,-4.1584587,4.105601
115439,1,8.22303,1.2618617
103654,4,-4.560189,4.103121
180675,1,8.300775,0.20745376
30537,1,8.623514,0.9846876
86687,4,-4.5853887,4.1318145
161209,1,8.885616,1.13054
149865,1,8.823593,1.2136116
190351,1,8.558961,0.81089985
47068,1,5.9771376,-5.0875683
189543,1,8.300458,-0.10431491
24902,4,-4.362552,4.056724
129345,0,-2.6357763,-5.929051
124894,4,-4.377158,3.648608
85754,1,5.79438,-4.215854
34459,0,-3.6161778,-8.970338
75043,2,-4.227624,2.4115522
93772,4,-4.602274,4.289648
96654,3,-2.9170609,-3.5154188
87270,1,8.749337,-0.009326226
189869,2,-4.438488,2.5998414
43392,2,-4.77429,2.643889
49179,2,-4.267153,1.9564987
168972,4,-4.073774,3.4701056
188491,4,-4.3180213,3.664534
36890,0,-3.2643378,-8.481466
161463,1,8.992377,1.1567756
96084,0,-2.812062,-7.061419
112301,0,-3.0928648,-8.131419
185558,0,-3.3993142,-8.494268
84039,4,-4.3395653,3.5800924
22458,1,5.778504,-5.188457
21994,4,-4.582326,3.6825237
19353,4,-4.2842035,4.1247344
48468,4,-4.4330025,3.8827689
185769,0,-3.6995864,-8.63041
25390,1,8.69856,0.3046494
175484,4,-4.6802583,3.9556007
159263,4,-4.2936606,4.146973
185561,0,-3.6675315,-8.936084
45764,4,-4.306968,3.9643395
168359,2,-4.041819,2.4311063
36213,1,5.9043927,-5.31334
192604,3,-2.877468,-3.4979866
29450,0,-3.469147,-7.654908
156261,4,-4.3685718,3.9146857
164171,2,-4.2435875,2.5098238
189939,2,-4.209016,2.5511053
153488,2,-3.7883167,2.2960167
144590,2,-4.1384845,2.343654
159307,4,-4.180862,3.8822615
18962,0,-3.617895,-8.667889
183613,0,-2.58603,-5.0463676
181004,0,-3.5511932,-7.274287
38536,2,-4.3970103,3.1731045
98363,4,-4.548845,4.210278
156267,3,-3.462517,-3.7451403
157794,1,8.409199,0.6090141
49881,4,-4.3027325,3.5849822
111679,3,-2.9737103,-2.1083198
36551,0,-3.3784182,-6.9268003
14272,1,8.5905695,0.53568244
107889,0,-3.4933822,-9.02598
109540,0,-3.6191924,-8.805691
168083,2,-4.810273,2.170257
157601,4,-4.0561996,3.8176734
80980,1,8.595748,0.88245714
94583,1,8.746502,1.2876793
86524,4,-4.1780777,3.5719113
111817,4,-4.4586253,3.9373577
191593,1,8.673937,0.8439822
17301,1,5.472144,-5.481102
183021,0,-3.6623547,-8.43076
20081,1,8.712773,0.7402121
174851,2,-4.879985,2.2540402
13568,1,8.768745,1.3719208
30511,1,8.836349,1.1980034
86087,1,8.671286,1.2052311
166163,4,-4.3654075,3.9423575
156275,2,-4.2423024,2.33993
176443,1,8.747248,1.063034
169809,2,-4.2750688,2.7210343
107724,1,7.967865,0.035050143
28098,2,-4.690013,2.556458
99460,0,-3.4660027,-7.8138504
90815,1,8.975037,0.9423245
17634,3,-2.8844678,-1.1495125
4002,1,8.853839,1.0873352
156537,1,8.436364,1.1970341
182744,4,-4.1957707,3.7398055
93440,2,-4.5269523,3.1217701
174415,1,8.469347,-0.21056218
14559,1,8.555126,0.9307044
161951,1,8.939525,1.1605318
73031,4,-4.352103,4.0120077
91064,1,8.119952,-0.035991322
165980,3,-3.2576628,-0.96105915
11739,2,-4.550491,2.6634905
62335,0,-2.8582048,-6.2900915
24284,4,-4.549223,3.8914263
75099,1,8.355863,-0.26519665
183889,0,-3.3338263,-7.731176
15756,4,-4.5416646,3.960787
98136,1,8.384576,-0.22915696
29017,0,-3.4973285,-7.3532186
10718,1,8.588465,1.0337559
106634,1,8.12119,0.20436873
155177,4,-4.476065,3.9100358
33430,1,8.2158165,-0.047161203
49513,4,-4.6458507,4.204676
144303,4,-4.2667003,4.1480346
105037,4,-4.46624,4.186034
167778,4,-5.2146683,3.8158946
15292,3,-2.6386333,-4.156392
14947,0,-3.2953458,-7.5790462
7849,1,8.729929,1.1665348
114011,0,-3.1710796,-7.250877
162279,3,-2.6774216,-1.4879711
35808,0,-2.90788,-7.192462
18593,1,8.520125,-0.15971251
104453,4,-4.6760397,4.153682
8555,1,8.769675,1.3366321
111019,0,-3.2488205,-7.8058095
151028,4,-4.2676387,3.8511615
93768,4,-4.551693,4.204416
92655,2,-3.424473,2.3747542
24369,4,-4.5244217,4.1204066
22916,2,-4.5508127,2.6156478
18170,2,-4.498197,2.80554
6095,2,-4.328757,3.1436844
40725,1,8.61453,0.6635607
99621,4,-4.4849715,3.6728406
166126,1,8.574881,1.3869718
115651,1,8.560711,1.1803561
51217,1,8.521522,1.0329804
150740,4,-4.281958,3.9243174
50526,1,8.36017,0.6149788
79738,4,-4.263454,3.6493926
48885,2,-4.3869705,2.3566482
23957,4,-4.5629168,3.9811556
42732,4,-4.3450933,3.906029
38654,4,-4.380962,3.5505028
38270,0,-3.5469308,-8.607647
173140,1,8.687928,0.41725302
179590,0,-3.6104708,-8.659183
166743,4,-4.5248466,3.900106
100208,4,-4.3601594,4.1344852
95757,3,-2.7186646,-2.7127914
15965,1,8.791828,0.93384093
80982,1,8.5718355,0.8434891
22375,0,-3.4472952,-7.3637385
100772,0,-3.8490913,-8.383137
84425,1,8.003806,-0.0049772225
180236,1,8.766647,1.2328278
174643,4,-4.186081,4.0842
32502,1,8.8823805,1.0122626
81952,4,-4.3985014,4.0784245
99863,0,-3.510678,-7.476695
60111,1,8.295965,0.9350489
105081,4,-4.338711,4.106425
114628,2,-4.3975306,2.7875638
14730,1,8.761745,0.38270062
35744,0,-3.6614368,-7.25732
27202,4,-4.4448905,4.039001
30628,1,8.311864,0.9187742
72995,1,8.502895,1.4686909
116111,1,8.357152,0.6848038
86718,3,-2.7308617,-1.2918727
184855,4,-4.3732505,3.5322714
44807,0,-3.7184865,-8.307312
7840,1,8.58877,0.7938138
27381,4,-4.4570293,3.8614697
12253,1,8.344736,0.23118001
51393,1,8.120515,1.0804182
81905,3,-2.5894527,-1.6467984
100180,0,-3.3698397,-7.9789824
14747,1,8.68649,1.020241
44773,0,-3.7435093,-8.404938
110102,0,-3.3049726,-7.545848
110496,2,-4.134503,2.279367
111580,4,-4.5106745,3.7233388
119784,2,-4.542165,2.4997604
154812,1,8.225041,0.81197065
19647,1,8.419702,0.06437536
117981,3,-2.9346936,-4.517572
86082,3,-2.7422218,-1.3513253
11382,4,-4.3184447,4.0307965
88205,4,-4.357686,3.90901
58090,3,-2.7116575,-2.7546604
118760,4,-4.7610154,3.4542677
7355,1,7.854427,0.3129817
162749,4,-4.4870105,3.748915
5479,2,-4.5089364,2.4597805
170430,4,-4.516787,3.979964
35394,1,8.639835,1.4429163
144778,1,8.329486,-0.038226977
48933,1,6.4836807,-2.0044982
79653,3,-2.744783,-1.6501753
95574,2,-4.3813367,2.6064224
87424,3,-2.6570928,-1.6674361
25643,4,-4.602301,4.1526637
80529,1,8.474194,1.1458436
87873,4,-4.3610816,3.874097
118067,3,-2.7117438,-4.33279
27546,1,8.329455,-0.016924005
73291,1,8.771588,1.0955282
59833,0,-3.3476663,-6.48927
98124,1,6.525826,-2.93723
150906,4,-3.7108579,2.8523505
97187,0,-3.532506,-9.043517
181527,0,-3.7852135,-8.924237
43829,4,-4.637843,3.9245353
169355,1,8.505595,0.72962576
148067,1,8.801285,0.80055606
88591,0,-3.5667038,-8.655396
111907,4,-4.4505053,3.904348
20229,1,8.678445,0.94255096
18540,0,-3.3124278,-7.7569537
27227,4,-4.349886,4.1631293
49635,2,-4.4498134,2.5957556
153812,1,8.658168,1.052805
108779,3,-2.4566646,-1.6258148
110783,3,-2.9780848,-4.16092
149450,1,8.816497,1.1350433
149769,2,-4.124953,2.5738983
179417,2,-4.2855115,2.0985687
19856,1,8.183073,0.06057021
48869,4,-4.3768735,3.695351
190234,2,-4.4977655,2.4307501
105613,4,-4.5379224,4.309571
178170,4,-4.489657,4.4025617
25429,1,8.878049,1.2039078
92037,3,-2.8308578,-4.445807
21436,2,-4.3679385,2.781709
112031,0,-3.7698035,-8.58221
89026,4,-3.9219217,4.145077
123969,3,-2.8526978,-3.2359018
91276,2,-4.352648,2.800638
83323,4,-4.657909,4.028951
104544,4,-4.482826,4.1304426
108429,0,-3.7423763,-8.665681
75692,1,8.328835,0.5510308
103058,1,5.805037,-2.1580153
17656,3,-2.7461708,-1.1145161
168861,2,-4.397965,2.215788
110092,0,-3.4529638,-7.4091806
35753,0,-3.283882,-7.6930366
94704,2,-4.29829,2.687178
114716,0,-3.1188467,-8.201355
97875,0,-3.7240856,-8.733558
15025,1,8.754129,1.3053966
163344,1,8.548979,0.31120187
80462,1,5.9999843,-2.2600834
27064,0,-3.4122295,-7.6679845
17085,0,-3.0093143,-8.090842
84574,3,-2.736258,-3.781779
23617,1,8.556499,0.10293097
118337,0,-3.5838826,-5.382111
149434,1,8.287392,-0.04680515
176897,4,-4.6380467,4.141294
80782,1,8.516688,1.473338
62649,0,-3.8724446,-6.5823007
86357,3,-2.973981,-4.4359517
182640,3,-2.889494,-2.4633029
42235,4,-4.4338226,3.905481
23023,4,-4.500259,3.9213078
102080,4,-4.6790776,4.196141
181122,4,-4.139218,3.9949052
161688,4,-4.369372,3.9810424
16035,1,8.201172,0.070681825
51416,3,-2.6132855,-3.690175
147373,1,8.609066,1.0789183
38038,4,-4.6018195,4.0718145
17162,3,-2.5923579,-3.8178084
161955,1,8.945546,1.2172241
157412,1,8.629022,0.08178465
4011,1,8.691395,0.7703294
163704,3,-2.942464,-2.9143496
86168,1,8.740041,0.49709198
156387,2,-4.2779236,2.3294373
102076,1,8.323005,-0.010559439
145070,2,-5.0443745,2.1515756
118103,1,8.547997,1.1367894
90433,1,8.408627,-0.02417544
5836,1,8.831497,1.3038744
79511,3,-2.9389014,-1.216747
21783,0,-3.62374,-7.1029153
25542,4,-4.3926625,3.8513727
20252,2,-4.533315,2.8367453
111742,2,-4.6032763,3.2193327
26276,4,-4.522776,4.2517176
185477,4,-3.9849732,3.5673182
29025,0,-3.4849372,-8.444449
191017,2,-4.260397,2.49255
102666,4,-4.416235,4.3517313
27312,4,-4.291578,3.7981648
113220,4,-3.6825533,3.35557
153931,1,8.547147,1.7030219
76917,1,8.236358,0.053912252
31603,1,8.457605,0.32566085
147846,2,-4.2284703,2.0466976
106308,2,-4.5833235,3.3991892
103209,2,-4.8481283,2.3786726
18294,2,-4.4850826,2.9199681
29295,1,8.659717,0.8392021
145193,4,-4.3781867,3.994187
11117,3,-2.6690135,-1.4576685
12454,4,-4.359744,3.8269718
41600,4,-4.8551965,3.3598063
117172,1,8.688327,0.8106141
158284,1,8.3029785,0.3770228
106959,1,6.1750793,-4.828791
15304,2,-4.2851033,2.5814764
183178,1,8.67919,0.89227223
84228,1,8.566631,0.37901825
26430,1,8.673152,1.3433636
152035,1,8.161251,0.020733787
28460,4,-4.5277348,3.864816
156725,1,8.660916,0.9063411
37279,4,-4.3446393,3.6016822
155268,3,-2.930214,-3.449667
36113,1,5.3648715,-5.572197
183598,4,-4.2149053,3.7234254
26820,0,-3.1695352,-8.226676
62610,0,-3.8460748,-6.582067
24676,3,-2.6694925,-2.9188817
8242,2,-4.496312,2.6169975
180375,0,-3.8314412,-8.4279585
7872,2,-4.4071293,2.5593345
90462,1,9.003282,1.0445093
168302,1,8.534802,1.3436294
7636,2,-4.254074,2.4369767
116952,2,-4.283591,2.2979023
151042,4,-4.1778607,3.517015
9464,3,-2.737269,-1.8073332
14259,2,-4.659288,3.0468197
44063,3,-2.4112413,-3.3422868
167155,0,-3.0273402,-8.411632
172119,0,-3.5239704,-8.475497
18899,0,-3.6365232,-8.427998
43714,0,-3.5328689,-7.3224716
29392,1,5.8092656,-5.217575
177966,3,-2.742442,-1.2147528
159903,1,8.7066555,1.1862884
157457,1,8.641732,1.1020656
9,4,-4.2820153,3.5205195
113353,0,-3.839377,-8.11554
15114,4,-4.443693,4.0516677
35,4,-4.39202,4.0235333
161529,3,-3.0460892,-1.8822856
79519,3,-2.9024696,-1.1983362
80735,1,8.480558,1.2568667
37868,0,-3.765564,-8.661768
162811,1,8.920166,0.6861088
9105,3,-2.7790701,-3.4217598
191583,1,8.610136,0.72421825
80494,1,8.683733,1.3803396
165717,2,-4.6103787,3.2101896
21017,1,8.475917,-0.17499128
24681,3,-2.6772442,-2.9208422
80481,2,-4.358154,2.475413
192693,3,-2.3125336,-3.1066215
163553,1,8.834047,1.0861574
9943,2,-4.5363665,2.4317963
30029,0,-3.080644,-6.954332
88743,1,8.77367,1.1610279
51741,1,8.251647,-0.11961413
52780,4,-4.346405,3.8129961
73246,3,-2.1279938,-1.9211799
181063,2,-4.5333924,2.8585083
181751,0,-3.4119046,-7.3713927
152903,1,8.646217,1.0899159
180972,0,-3.8127768,-8.399549
163606,1,5.5975947,-4.65298
76948,1,9.079593,1.0843692
168345,2,-4.480367,2.9253712
111346,4,-4.4361196,3.7061136
68237,3,-2.8886082,-3.6882548
83253,2,-4.5590086,3.194482
83508,3,-2.2136464,-1.9213263
162836,1,8.792996,0.44824886
121862,3,-2.3617456,-1.7193788
20653,1,8.666942,1.2728348
14220,1,8.813422,1.3306806
23036,4,-4.522133,4.1299033
53941,3,-2.8298712,-3.3264167
186831,0,-3.6494653,-8.663999
176856,4,-4.7450953,4.1718326
25942,0,-3.5170112,-8.584605
177389,4,-4.4242463,3.402817
49067,4,-4.2745147,4.0141354
75502,2,-4.6668367,2.0688586
11983,4,-4.6235,4.028896
79212,4,-4.505699,4.03849
8100,1,8.229283,1.0579349
3684,4,-4.2783294,3.526016
175719,1,8.4054575,0.4598914
184971,1,8.247881,0.022171246
7768,1,8.853387,1.2062587
162257,3,-2.54877,-1.469606
115281,0,-3.5696223,-8.339603
176020,4,-4.381449,4.0771213
114948,2,-4.268205,2.6459126
164617,4,-4.156203,3.713426
53759,3,-3.4831727,-3.5100007
177060,2,-4.437588,2.513006
9135,1,8.530505,0.72082955
42597,0,-3.373782,-8.520945
89080,1,8.817918,1.1667161
61144,3,-2.5196276,-3.0074875
27709,2,-4.430858,2.703925
45598,0,-3.1962826,-7.9274664
23107,1,8.313133,0.29959026
127558,1,6.199669,-3.0532281
92247,2,-4.505353,2.5985756
112448,3,-3.0430477,-3.443592
113401,0,-3.2156134,-8.06274
48964,4,-4.4509397,4.081206
183862,0,-3.8456216,-8.306724
29880,4,-4.4409432,3.891022
72412,1,8.325527,1.4555427
186198,1,8.765101,0.879976
178067,4,-4.529874,3.7112248
150715,4,-4.2714972,4.005137
178806,1,8.313571,0.46767956
15477,4,-4.4888935,4.243434
99742,0,-3.4131777,-7.328027
37189,2,-4.311581,2.8369238
47631,1,5.2835383,-5.2671986
93671,4,-4.5449677,3.4195013
183552,0,-3.4781446,-7.3470163
53506,1,8.719428,1.0522255
24943,2,-4.3583713,2.9448266
137718,0,-3.7353435,-6.9705915
87337,2,-4.457597,3.3303933
91917,4,-4.415643,3.9884887
29606,2,-4.5680056,2.4656363
44003,0,-3.5646348,-7.205279
132204,0,-3.3046353,-7.294544
6257,1,8.731504,1.1614571
180028,0,-3.7583497,-8.545271
143785,2,-4.2694116,2.2935865
103393,1,8.366137,-0.016344136
48980,4,-4.4211,4.0325365
99585,0,-3.2598264,-7.5537677
154814,1,8.463571,0.39526477
137673,4,-4.4343944,3.8386285
81931,4,-4.324948,4.1912746
82552,2,-4.274861,2.4006195
104968,4,-4.469222,4.2634974
45323,0,-3.7555692,-8.339062
168253,1,8.316131,0.29672524
183511,0,-3.5298471,-6.9996653
3909,4,-4.3299274,3.6259904
8418,1,8.3650255,0.5041342
26460,4,-4.5231886,3.8209238
184767,4,-4.2645636,3.5782444
48816,4,-4.3930926,4.04965
20519,1,8.806232,1.2252861
108917,2,-4.3512654,2.754043
164487,1,8.41139,-0.16491531
111543,3,-2.802173,-3.1384108
87300,1,8.910661,0.9104773
152099,2,-4.216285,3.0287168
32517,4,-4.62644,4.068706
102682,1,8.489573,1.1532067
95695,3,-2.9015243,-2.6685061
31324,4,-4.457235,4.0713463
185339,1,8.5406885,1.0809267
115275,0,-3.214658,-7.8671265
35902,1,8.527972,-0.004607094
90649,1,9.004467,0.8605857
154334,1,8.4829855,1.5313351
36755,0,-3.563704,-8.893206
149348,1,8.997195,1.1404783
78232,1,8.5384445,1.3925531
82881,3,-2.8167343,-2.8555143
180211,4,-4.60175,3.9675846
79110,2,-4.4287596,2.5020778
147832,4,-4.1376348,3.9356441
31341,4,-4.060246,3.6482353
108525,4,-4.5234528,4.186571
43926,3,-2.6297126,-3.073721
174921,3,-3.1359246,-3.1061325
156226,4,-4.3378897,3.5711615
26188,1,8.694633,1.1429416
112887,4,-4.4816217,3.6695967
177936,2,-4.64159,2.6700215
104507,4,-4.4997935,3.902711
83066,3,-2.8720999,-2.213575
165833,4,-4.288699,3.8575258
97156,0,-3.3165205,-8.641439
159976,1,8.856981,1.4022609
29016,0,-3.444142,-7.406938
31391,2,-4.48902,2.9541268
19845,0,-3.5616355,-8.418521
131538,0,-3.16564,-6.454256
21578,2,-4.528385,3.1111872
86610,4,-4.5491343,3.9567378
90647,4,-4.6050177,3.7611086
114346,4,-4.319517,3.9326034
9796,3,-3.3376122,-3.5504851
44435,3,-2.2411978,-3.0368779
103876,4,-4.55399,4.028481
180132,1,8.821567,1.3229367
164206,4,-4.3293376,3.8158755
42304,1,8.687493,1.0951914
13704,4,-4.376034,3.8817122
190017,3,-2.942676,-4.5811067
39565,1,8.733527,1.3753488
107071,1,6.1312585,-4.529743
177100,2,-4.432388,2.9334757
82843,1,8.666042,0.54902005
6005,4,-4.1292515,3.3660233
20157,1,8.540675,0.05652361
18328,4,-4.5192904,3.6698978
167547,4,-4.412109,3.886641
38958,2,-4.4896436,2.6017265
186972,2,-4.382656,2.373758
156441,4,-4.308221,3.9890666
45761,4,-4.328274,4.116352
135723,0,-3.310016,-6.50432
16254,1,8.207848,-0.25986624
48889,1,8.573687,1.1057599
153655,1,8.406541,0.8265839
86903,4,-5.0426536,3.6513
20790,0,-3.2373626,-8.427252
189607,4,-4.260278,3.914675
82268,3,-3.0853794,-3.229881
164398,1,8.448603,0.34225047
20197,1,8.669589,0.839263
161923,1,8.878277,1.1451789
77723,4,-5.1307344,3.5864499
75254,2,-4.1699696,2.5628307
28881,2,-3.8786104,3.1974092
14476,1,8.90379,1.2818989
157382,3,-2.613207,-1.2280586
52797,1,7.962552,-0.086654015
40165,0,-3.6066408,-8.98011
36640,0,-3.5558674,-8.912033
191039,1,8.4677105,-0.11265374
25871,3,-2.4827533,-3.12927
86833,2,-4.475557,2.6019964
99223,0,-3.2725067,-7.7015653
99705,0,-3.140538,-6.9862113
48753,1,8.463123,-0.20397231
101549,0,-3.29723,-7.3035145
21820,0,-3.313835,-7.231033
181003,0,-3.5794454,-8.361174
146835,1,8.771887,0.79940456
82250,4,-3.959158,4.063026
9143,1,8.424814,1.024305
155134,4,-4.5107937,4.230248
50536,2,-3.9893203,2.2225018
146822,1,8.36802,-0.30374476
29649,4,-4.606104,4.1275005
14713,2,-4.487714,2.4850008
160929,2,-4.26635,2.2115002
186940,4,-4.5383124,3.949837
166399,4,-4.5556293,4.2041163
147661,2,-4.164208,2.3361485
150048,3,-2.6357427,-3.0900981
163402,1,8.818953,1.0468833
119325,2,-4.444145,2.5148728
86966,4,-5.11374,3.8165724
45858,4,-4.424152,3.948949
168295,2,-4.4105716,2.9041045
111339,4,-4.422894,3.845183
1483,3,-2.848556,-1.3021563
89556,2,-4.465876,3.0743487
98321,1,8.66885,0.78463364
82373,3,-2.7779186,-1.1658714
167033,1,8.813801,1.3877766
86442,3,-2.7923644,-3.0167954
107887,0,-3.56583,-8.907306
134082,0,-2.776691,-5.7671742
177068,4,-4.4552507,3.8908858
149347,1,8.599008,-0.07446383
88014,2,-4.376733,3.0659387
108215,0,-3.723048,-8.685472
35455,4,-4.38963,4.0720506
163547,1,8.848076,1.1192652
152900,1,8.661782,1.192086
26237,1,6.09764,-5.2182364
171608,4,-4.2986436,3.9357579
179671,2,-5.456908,3.1459858
149526,3,-2.7338512,-1.0646926
141212,4,-3.8340855,3.4369185
13505,2,-4.623426,2.6054654
20233,4,-4.538057,3.7817948
97696,1,8.74496,1.0699044
98497,4,-4.6666994,3.747489
185863,1,8.679261,0.94772786
30242,1,8.491896,-0.14139147
165893,3,-2.7695832,-2.742403
48178,4,-4.4810147,3.5254338
83806,1,8.325568,-0.4257136
23795,4,-4.4241695,4.0160284
177899,3,-2.506008,-1.451613
53946,3,-3.1442523,-2.6866322
150541,4,-4.4662933,3.9737704
159182,4,-4.7294326,3.783598
51349,1,8.380974,1.1380913
156514,2,-4.4770517,2.6080043
123738,3,-2.6273441,-1.5437517
163127,1,8.549572,1.3633207
15604,1,8.749296,0.946897
83337,3,-2.643177,-1.9527316
165391,4,-4.1351266,4.058633
30462,4,-4.5518436,4.044735
39610,4,-4.5577736,3.999715
41247,0,-3.278754,-7.283943
95889,3,-3.252574,-3.4583478
103532,2,-4.487637,2.7403867
103285,1,8.270753,-0.082662374
100417,4,-5.0011835,3.533362
88256,1,8.51182,-0.00079766964
150679,1,8.234024,0.21728176
167514,2,-4.429441,2.711081
83425,2,-4.1458573,3.2783365
97627,1,8.615569,1.5055493
24745,1,8.300187,0.313041
162501,3,-2.8279169,-2.6415164
105652,4,-4.58301,3.9878972
150668,2,-3.69123,2.8391707
82248,1,8.786151,1.2667688
12250,1,9.01402,1.1856878
152907,2,-4.287779,2.5419478
171745,4,-4.2993507,3.9969325
104259,2,-4.5465045,2.5513265
20500,1,8.392307,-0.014914443
70465,4,-4.2730045,3.6727612
102202,1,8.346257,0.10517161
28478,4,-4.091897,3.964335
175109,1,6.093554,-5.2462535
28099,4,-4.792123,4.073498
70361,4,-4.263421,4.0868883
176023,4,-4.481426,4.126511
22996,4,-4.5877876,3.5361087
112233,3,-2.852166,-3.430625
156007,1,7.906682,-0.1167832
159084,1,8.62423,1.1234834
144576,1,8.623445,1.346245
150729,3,-2.40846,-1.2889423
33272,4,-5.1842346,3.995464
106244,1,8.681794,0.87744457
177969,4,-4.517703,3.940301
149614,2,-4.2380104,2.4615989
92124,4,-4.4984193,3.7833107
121239,0,-3.1940067,-7.544392
101940,4,-4.3132157,3.7721014
20504,4,-4.6504455,3.8702824
36591,0,-3.4711351,-8.706084
43843,3,-2.8051355,-2.617478
94329,1,8.6964245,1.1617377
113988,0,-3.4235094,-8.257954
154725,4,-4.2403946,4.0604563
46197,0,-3.2985184,-7.6862044
25364,3,-2.8607671,-3.1171448
85012,1,8.916255,0.81316584
22591,1,6.1375556,-5.344316
89733,1,8.030475,0.021014404
29301,2,-4.4780188,2.2390604
144307,4,-4.3224134,3.7814817
93605,1,8.382848,0.7340492
81125,1,8.43611,0.5244123
161896,1,9.024029,1.1409465
18803,0,-3.239485,-7.0467734
174648,1,8.438407,0.96582454
123465,3,-2.3650587,-3.2805343
101455,0,-3.3720925,-7.437549
95512,1,8.547957,0.81916535
96738,0,-3.3217292,-8.794588
15380,1,8.68324,1.3957487
10746,4,-4.105711,3.8036656
111627,4,-4.608127,4.2484946
113244,4,-4.2924604,3.8760166
84778,2,-4.1716495,2.5174274
103556,0,-3.059635,-8.553712
27972,1,8.790241,0.8794805
98847,4,-4.583407,3.7877338
152264,1,8.950516,1.1761851
184611,1,8.357434,0.467543
5377,1,8.673025,0.6983313
151500,4,-4.408954,3.8771536
173716,3,-2.7961593,-2.627909
62531,0,-2.8388638,-6.549978
31594,1,8.721323,1.094338
41370,0,-3.43191,-7.360389
167736,2,-4.5191374,3.173526
173294,4,-4.687267,3.871804
80726,1,8.256764,-0.1318657
123828,3,-3.1161952,-3.0180497
27851,1,8.597762,1.1231817
161628,4,-4.4239073,3.8383842
33233,4,-4.546476,4.0633216
21472,4,-4.339045,4.244007
12621,2,-4.6833305,3.2459805
96849,4,-4.4069886,3.855378
176990,2,-4.7164474,3.0617924
174325,1,8.265952,0.3314158
166323,4,-4.4231405,4.1560674
188892,4,-4.3592935,3.7160318
100793,2,-4.459282,2.5140183
17036,0,-3.3915462,-8.00133
162197,3,-2.6530733,-1.3858205
21697,1,8.143289,0.41284725
105604,4,-4.452006,4.2401366
20491,4,-4.5342097,3.7843115
3825,1,8.601749,0.80247146
7600,1,8.563573,1.363687
38338,0,-3.6692846,-8.699586
43073,4,-4.3793154,4.185074
70316,3,-2.3323808,-1.9367411
33225,1,8.940571,1.19247
32404,4,-4.6190376,4.163577
30484,4,-4.232944,4.102704
150224,4,-4.368147,3.9127705
162267,3,-2.5804732,-1.3888166
147687,4,-4.242689,3.5810444
190897,4,-4.038148,3.9207091
144922,4,-4.185662,3.819997
118071,3,-2.8119674,-4.503844
109016,0,-3.4984603,-7.424256
84705,4,-4.2289095,3.9245915
168664,1,8.452628,1.2485954
180376,0,-3.6857636,-8.39163
168821,1,8.494938,1.3849578
192468,3,-2.392395,-2.9610171
10093,1,8.568928,1.0091891
16196,1,8.672008,0.95721704
158529,3,-2.725015,-2.734905
100214,2,-4.5850425,3.0887265
107915,0,-3.677491,-8.93436
11421,4,-3.849339,3.121572
154657,1,8.850551,1.0775256
100974,0,-3.173794,-8.129478
115749,4,-4.353361,3.7813218
36854,0,-3.6470687,-8.808159
7755,1,8.722333,1.0128324
174700,1,8.314778,0.14810063
131524,0,-3.9676428,-6.414147
89209,3,-2.5864344,-1.5152488
149416,1,8.575101,1.243204
18025,1,8.812621,1.0462712
22513,1,6.0261602,-5.2540874
15141,4,-4.263298,3.8444755
148070,1,8.852412,0.98653007
50385,4,-4.4181433,3.770035
33820,1,8.872511,1.1635691
19461,4,-4.519296,3.7873666
97898,0,-3.51153,-7.5765433
151454,2,-4.1818776,2.5418756
154057,3,-2.2420745,-1.8376166
98031,0,-3.4361508,-8.930528
32252,1,5.9694767,-5.199746
153047,1,7.845476,0.753017
171649,3,-2.744563,-1.1803049
89023,4,-4.118277,4.0727572
181842,4,-4.5560246,4.244095
160501,1,8.709786,0.48549435
102829,3,-2.5730965,-2.57956
154859,4,-4.434524,4.153922
90573,1,8.920461,0.8642593
92429,4,-4.546137,4.0800133
174203,3,-2.7721837,-1.165587
94279,1,8.271717,0.20994832
74134,1,7.9351864,0.0774382
152406,4,-4.607937,4.006443
98069,4,-4.5963874,4.071311
141214,1,8.5991,1.2487366
104847,2,-4.6579747,2.703347
36587,0,-3.5653324,-7.928803
153574,1,8.387478,0.73287266
96547,2,-4.184885,2.4847028
38139,2,-4.3958325,2.5559595
11703,3,-2.6682487,-1.7500262
159329,1,8.742963,1.129765
26668,2,-4.476912,2.5932734
171828,1,5.3373866,-3.9268315
154654,2,-4.310378,2.6827505
79989,3,-2.944481,-3.086219
117334,4,-4.3958426,4.0145044
163348,1,8.472425,0.1915231
171527,4,-4.5466638,3.9048085
14208,1,8.956121,1.0511417
111602,2,-4.4323516,2.4604897
163380,4,-4.403955,4.065622
24879,1,8.762929,1.3612365
32135,2,-4.4761643,2.9442854
97218,0,-3.159404,-8.220954
111725,4,-4.509638,4.0630856
161171,2,-4.4102745,2.4273129
149505,1,8.514862,1.230303
26878,2,-4.389021,2.525319
76914,1,8.507882,-0.3098429
158721,4,-4.2416644,3.7828164
170987,1,8.184992,0.13214788
183668,2,-4.25806,2.4854538
28436,1,8.557945,0.08054035
179423,2,-4.637706,2.3205128
10766,4,-4.2135706,3.5164835
37271,2,-4.0999775,3.040712
15592,2,-4.401381,2.5008419
156288,1,8.525961,1.209445
101002,2,-4.5260696,2.7192693
38902,4,-5.3549423,3.8470423
19096,1,8.531999,1.2207615
83208,4,-4.4798584,4.1001606
115532,0,-3.193228,-8.073546
90980,1,6.0588355,-3.2960958
20839,4,-5.2192817,3.8357038
137419,3,-2.9382913,-3.072235
153588,1,8.599011,1.7291847
149859,4,-4.350284,4.0403323
36826,0,-3.4313247,-7.222958
143290,0,-2.9418435,-3.3225098
81534,1,8.043439,0.045703463
153437,4,-4.3863354,3.6988356
105634,2,-4.4311285,2.5699177
99571,0,-3.3064234,-7.803699
18604,3,-2.611789,-1.9690981
83139,2,-4.38207,2.5393353
91254,0,-3.5147948,-8.714782
28488,3,-2.8138719,-3.3783176
183119,1,8.375524,0.715846
113152,0,-3.8697388,-8.302051
102130,2,-4.4660673,2.298466
162623,1,8.37905,0.3071101
86310,1,8.805929,1.181637
34536,0,-3.6630697,-8.581203
174639,4,-4.155819,3.8842976
186939,2,-4.364833,2.3786094
158760,4,-4.3468256,3.9129224
98564,0,-3.5419595,-7.447139
18531,0,-3.3364916,-7.9837723
87247,1,7.9830666,-0.13398844
82877,1,8.6792,0.9685196
173142,4,-4.5833635,4.0918336
160237,4,-4.5942426,4.060807
117134,2,-4.203164,3.0924528
17574,0,-3.2528803,-8.242742
15463,4,-4.4603977,4.200724
42302,4,-4.4570594,3.9392583
169202,2,-4.6404395,3.0698411
99604,4,-4.637074,3.494886
88647,2,-4.594497,2.3765996
162677,4,-4.600007,4.049048
12116,4,-4.029253,3.9852128
16267,4,-4.572269,3.729704
94017,1,8.840553,1.4170839
12552,1,8.342603,0.15424272
190006,1,5.5432673,-4.6248417
75406,4,-4.3739552,3.937525
83737,1,8.801125,1.0012208
25293,4,-4.6116533,3.7348936
116024,0,-2.9204695,-7.249969
147412,1,8.84207,0.83300984
45337,0,-2.945954,-7.257883
173444,4,-4.3519406,3.71199
60588,4,-4.2470245,3.7604015
84411,1,8.831798,1.1092145
110353,4,-4.4795804,3.9707131
7168,1,8.609831,1.0530152
173165,2,-4.69456,2.5164976
14179,1,8.403577,0.917232
116827,1,8.836903,1.1526952
162786,3,-2.7170708,-1.6861671
29422,0,-3.3417623,-7.7963743
29224,1,8.888038,1.1706563
21026,1,8.513263,0.9715963
159637,1,8.392204,-0.14047296
144799,4,-4.3049855,3.5026987
9739,1,7.862382,-0.119941294
7724,1,8.327601,0.030679505
26846,0,-3.7074728,-8.743221
178948,2,-3.9442909,2.3134682
84966,1,8.305142,0.0011193512
48273,0,-3.478071,-8.984678
13606,4,-4.423584,4.182733
83189,4,-4.5914235,4.0217824
100956,0,-3.7177281,-8.554056
134050,0,-2.916122,-6.3783216
7985,2,-3.98942,2.2678409
3197,4,-4.199294,3.5426047
98953,4,-4.618201,4.0096617
162600,1,8.574865,0.90566915
147991,2,-4.172237,2.3451912
176966,4,-4.7676816,4.243641
39005,4,-4.3426313,3.7666607
113673,1,8.495041,-0.07100461
156943,1,8.632398,1.3243135
97220,0,-3.7228885,-8.749494
98358,1,8.858418,1.1923827
151183,3,-2.606044,-2.5552437
146361,1,8.530614,1.0969725
113154,0,-3.1939797,-8.0466
35625,4,-4.406403,4.0852256
64277,0,-3.2239974,-6.58756
116611,2,-4.702024,2.3409302
177330,4,-4.56476,3.6512864
111955,0,-3.643813,-8.790811
90554,1,9.0536175,0.92657447
57385,0,-3.071948,-6.6168776
24178,4,-4.4848027,3.955624
149900,2,-3.9293947,2.2124066
145138,4,-4.3532376,3.81601
15145,1,8.762003,1.3511237
44544,3,-2.292673,-2.9089568
173117,2,-5.184536,2.2157285
18831,0,-3.656174,-8.594599
115406,4,-4.234959,3.78783
42292,1,8.535727,0.89378715
174616,2,-4.825567,2.1366763
89070,4,-4.3870673,4.0652013
31733,4,-4.5660563,3.6197207
29409,0,-3.4528246,-7.6770716
13001,2,-4.474302,2.5560226
23361,2,-4.6333437,3.0637767
16925,2,-4.185026,2.8857582
11919,4,-4.446322,4.174361
153795,1,8.271341,1.0374315
179528,4,-4.412977,3.89657
114241,0,-3.1921706,-8.216217
30022,0,-3.104175,-6.962872
77402,3,-2.9248705,-2.6792717
163495,1,8.440454,-0.10591245
135812,0,-3.6140504,-6.8075595
150360,2,-4.2987337,2.9183142
117893,3,-3.4856331,-4.1562433
168408,4,-4.4828234,4.0782356
115438,1,7.7080507,0.25261122
29442,0,-3.3391213,-7.730202
93511,4,-4.4420295,3.9844775
85789,3,-2.5746233,-2.156654
17840,4,-4.3424234,4.000761
92189,2,-4.4585323,3.1249049
150997,4,-4.402438,3.896718
92940,1,6.0740705,-3.8512673
51854,2,-4.184657,2.7603586
157953,4,-3.8546543,3.8367262
81324,1,8.512015,1.1606735
109018,0,-3.3800945,-7.58159
189780,2,-4.4324737,2.631465
12960,4,-4.6183,4.0764666
72364,1,8.049864,0.18291809
20770,0,-3.537998,-8.490139
176768,2,-4.5776935,3.1295867
24474,2,-4.755221,3.5223727
175507,4,-4.5721173,3.8249211
159286,4,-4.207813,4.049178
80779,2,-4.2397404,2.3841386
153790,1,8.051806,0.050112635
182811,3,-2.520632,-2.802836
149762,1,8.394888,0.87718064
41235,0,-3.0576837,-7.123515
90392,0,-3.279135,-7.411249
177582,1,8.551321,0.054927543
41402,2,-4.108322,2.480547
100380,4,-4.5521626,4.097413
88786,2,-4.464198,2.353229
39251,4,-4.5297766,3.6859143
44208,0,-3.4440176,-7.5819454
45697,1,8.657246,0.81299853
187447,4,-4.2796497,4.0672565
159168,1,8.550472,1.114204
167279,1,8.781499,1.2497832
91324,4,-3.9842124,3.7020571
12086,1,8.729595,1.1178265
15583,4,-4.4118433,4.1011806
2496,2,-4.162837,2.6454802
90673,1,8.653938,0.28454188
162895,1,8.853264,0.876817
78131,1,8.661529,1.4205409
82376,3,-2.763764,-2.0757556
156580,2,-4.273977,2.2854614
129808,0,-3.09134,-6.593196
75335,4,-4.344913,4.019851
115665,1,8.2556305,0.16610135
183530,0,-3.3118558,-7.205742
49218,4,-4.359955,3.8730693
80706,1,8.455939,0.56797
23806,4,-4.428538,4.1883926
103548,0,-3.627545,-8.957104
190366,1,8.436858,0.797389
103337,4,-4.5297804,4.1422257
21161,0,-3.627095,-8.752976
169300,2,-3.8287396,2.4509718
71612,1,8.732601,0.72373146
41244,0,-3.514808,-7.3640738
154819,4,-4.383601,3.9819217
153182,3,-3.4832644,-3.3265936
131521,0,-4.132493,-6.71543
100660,0,-3.5418317,-7.3772917
91939,2,-4.340111,2.901379
36701,1,8.584685,0.986154
131172,0,-3.2996745,-7.228795
85332,2,-4.552005,3.0432453
21202,0,-3.5979981,-8.891933
9859,4,-4.5516934,4.198504
182247,3,-2.8260899,-2.5893538
43004,0,-3.250519,-7.4152865
79892,2,-4.3636556,3.1282926
22472,1,5.836804,-5.2958555
149581,1,8.451328,0.6126872
119938,2,-4.3107157,2.0574045
17016,0,-3.38075,-7.8429227
88681,4,-4.472582,3.9457173
16622,4,-4.5200825,4.126904
96873,1,8.860231,0.9037153
165737,2,-4.4890575,2.3782055
165222,1,8.60356,0.88498527
103975,2,-4.35392,2.5765443
136464,0,-3.4646275,-7.5445213
80499,1,8.608735,1.3528159
11376,1,8.365647,0.103595175
123545,4,-4.108523,3.9348593
83766,1,8.690293,0.9075021
87510,4,-4.4772143,3.7971249
163538,1,8.954786,1.1812981
13303,4,-4.4329944,3.328241
17290,3,-2.8070252,-3.7758744
60106,0,-2.7989264,-6.5817795
72825,1,8.035453,0.1306719
21457,4,-4.392659,4.2527404
114904,2,-4.2527943,3.1935089
166321,4,-4.5290265,4.149093
10697,1,6.2423434,-3.762193
88875,1,8.547677,1.4441068
122723,1,8.253567,-0.012682195
96503,2,-3.8680887,2.357303
150213,4,-4.5656753,4.023119
160363,2,-4.1504836,2.1950428
37319,4,-4.4530897,4.3099146
146395,4,-4.1690736,3.9525254
79959,1,8.5953665,1.0368153
84114,4,-4.0634027,3.7985568
177683,1,8.823136,0.9281177
191088,1,8.9903,0.9910145
162644,1,8.966628,1.1297805
25073,4,-4.665497,3.7241416
164121,2,-4.3782096,2.753641
9890,1,8.9053545,0.87160647
183531,0,-3.4413195,-7.2832193
14685,2,-4.265852,2.446366
113388,0,-3.6522872,-8.473488
97116,0,-3.5455146,-8.583048
44843,0,-3.463661,-7.427717
174613,1,6.19756,-3.741905
37190,4,-4.0630684,3.8407934
35816,1,6.122084,-4.804301
175584,4,-4.608019,3.6074827
149171,4,-4.2537756,3.9782844
97180,0,-3.3444624,-8.430523
12928,1,6.110599,-2.4489129
5944,4,-4.42063,4.0481606
62549,0,-2.8275492,-6.5715814
112045,0,-3.4644172,-7.8635335
6410,1,8.143015,0.10840106
149840,2,-4.0607023,2.8993838
188732,1,8.725828,0.86579424
45466,1,8.609281,0.89942425
113584,0,-3.5579097,-7.5067263
107858,0,-3.5885234,-8.752641
12705,1,8.267528,0.34203875
94640,4,-4.517276,3.9302456
152408,4,-4.491756,3.951936
99001,1,8.938022,1.0854074
146559,2,-4.2026243,2.0967674
84257,1,8.664137,1.3328984
156316,1,8.513562,-0.40243468
42241,4,-4.434596,3.9202511
18526,0,-3.3592446,-8.026153
47860,4,-4.1345873,3.8621252
15941,1,5.411674,-4.1322684
84036,4,-4.2171636,4.260517
27952,1,8.361524,0.17884558
44804,0,-2.9834995,-7.334102
186102,2,-4.4066358,2.904665
43284,1,6.0096974,-3.624987
149722,2,-4.178382,2.4309533
150460,3,-2.527446,-2.757373
77290,2,-4.252131,2.3639534
82836,3,-2.8929925,-2.3617198
97630,1,8.559098,0.7927011
96467,1,8.139779,0.19894032
147990,4,-4.365408,4.0897684
109820,0,-3.179677,-7.3504257
88915,3,-2.5881953,-1.4798492
13035,1,8.560322,0.5330282
173180,2,-5.2892942,2.4350336
7339,1,8.806729,1.1187739
11104,1,8.078794,1.1431267
186909,0,-3.7193036,-8.701713
110128,0,-3.4030104,-7.310092
111087,2,-4.288952,2.5193832
30146,4,-4.1981826,3.6192067
169063,2,-4.4758377,2.783036
123837,3,-3.1413774,-3.024634
96828,1,8.807062,0.87260675
12256,1,8.266553,-0.077429764
9347,1,8.311981,1.2328652
92071,1,8.708895,-0.02552258
165412,2,-4.211968,2.4875464
95854,1,8.27862,1.1911005
188881,3,-2.123523,-3.1765323
113426,1,8.789821,1.2246208
123565,4,-4.365991,4.0164666
26723,2,-4.3322186,2.5058696
164820,4,-4.565367,4.1475196
42211,1,8.719516,0.9983138
142264,0,-3.345304,-7.3790445
61156,1,8.117746,-0.273763
153416,4,-4.3307533,3.9859893
85175,4,-4.38832,4.091163
167431,1,8.695114,1.0418733
181006,0,-3.7781944,-8.147806
70031,0,-2.7703176,-6.1372
178856,3,-2.6806452,-2.885794
99718,0,-3.328577,-7.1532807
94932,2,-4.3424993,2.5271008
86450,4,-4.573461,3.8828776
76971,1,8.924135,0.7044809
106044,0,-3.4444482,-8.9122095
156728,1,8.082367,-0.035632435
23148,4,-4.5399847,4.212147
137662,2,-4.3044386,2.2656968
112751,4,-4.061692,3.3888197
165693,3,-2.9034142,-2.3518827
27044,0,-3.6681376,-8.58495
35187,1,8.604501,1.499685
189651,4,-4.293795,4.0949283
69660,3,-2.075048,-3.1358533
75161,4,-4.384785,4.2239594
98235,1,8.329311,0.013983519
178884,3,-3.0153923,-2.2354448
119334,2,-4.3712554,2.4931624
145191,4,-4.362432,3.8699865
75545,4,-5.355454,3.949679
112305,0,-3.5040588,-8.699554
148128,4,-4.390216,4.0287175
108815,3,-3.1849957,-4.654903
107392,4,-4.429231,3.6667557
110688,2,-4.5044847,2.4464307
164408,1,8.884439,1.0921938
77364,3,-2.8219402,-1.4367682
112737,1,8.662476,1.2512368
10908,1,8.509571,1.044619
161211,1,8.820644,1.1064813
4891,3,-2.2443573,-1.53233
11029,3,-2.676698,-1.7657582
79481,1,8.741314,1.1457074
150731,4,-4.348861,3.9639556
167382,1,8.281817,0.471707
180893,4,-4.5691133,3.76495
50983,2,-4.2951365,2.2571876
29689,2,-4.6080484,3.2280972
23849,2,-4.5962043,3.3122978
162024,1,8.19348,-0.103034735
57962,3,-2.7307193,-2.96653
57536,3,-3.0913274,-4.366056
12104,1,8.536244,0.7476666
94489,4,-4.2391253,3.425552
52707,4,-4.314456,3.6570024
110448,4,-4.360319,3.6176312
19141,4,-4.2771025,3.6452127
174409,3,-2.9349775,-2.4736013
113613,0,-3.4135232,-7.458188
155668,1,8.662526,1.0999876
24873,1,8.309538,0.83179426
163943,4,-4.4841776,4.0820456
104984,4,-4.397536,4.110304
160629,4,-4.41159,3.9005775
87454,1,8.9272785,0.88416785
49198,4,-4.340879,3.7007632
150890,3,-2.719712,-2.691713
100857,1,6.176898,-4.903712
147689,1,8.103633,-0.052877557
17987,3,-3.732281,-1.6128066
16907,4,-4.7229853,4.0937433
156501,4,-4.0310807,3.85268
156221,1,8.746765,1.1346388
22288,0,-3.3725803,-7.177853
74612,4,-3.8039343,3.1750019
182234,1,8.334029,0.59178627
181884,4,-4.4665804,4.1702957
14237,1,8.796439,0.41606915
177580,1,8.210357,0.23908441
3196,1,8.121391,1.0173131
159837,1,8.683189,0.93206745
29415,0,-3.2427804,-7.761436
187556,0,-3.6480038,-8.550812
51533,1,8.842849,0.9906798
14219,1,8.693423,0.45495108
104752,2,-4.494005,3.1507106
144929,4,-4.168175,3.7962925
191093,1,8.813131,0.94103384
48834,1,8.785131,1.0563202
153584,1,8.661085,1.686694
62391,4,-4.015613,3.5669212
101766,2,-4.126602,2.3837457
36642,2,-5.0136905,2.7788086
162168,1,8.7585,1.3306587
45932,2,-5.1425896,2.198548
169566,1,8.459964,0.61718774
49853,1,8.693243,0.96096104
180734,0,-3.678954,-8.498601
168050,2,-4.3879786,2.4673002
9351,3,-2.947648,-1.2218422
161223,2,-4.3863044,2.700679
27084,0,-2.9347181,-7.23545
19205,4,-4.586008,4.1785865
11855,1,8.641815,1.1243347
1251,4,-4.4745893,3.9176495
16608,4,-4.3700495,4.12477
106513,4,-4.366646,3.5274954
180596,1,8.544181,1.1324685
37284,1,8.574951,0.8631478
103562,0,-3.1866467,-8.471636
14423,1,8.60207,0.72266644
86872,4,-4.380787,3.9049594
137112,3,-2.6706011,-2.4816837
43406,4,-4.5346017,3.9636135
117892,3,-3.4146788,-4.051235
85960,4,-4.4579835,3.8079941
111514,0,-3.6790352,-8.940587
90933,4,-4.457326,4.0442786
87275,1,9.094355,1.061045
137666,4,-4.385174,3.8298645
165884,1,8.452774,0.6296678
178246,4,-4.531185,4.0503383
14160,4,-4.410132,3.7671807
37465,1,8.652122,0.35922575
10714,1,8.794012,1.3095963
29583,0,-3.361082,-7.336689
80817,2,-4.230431,2.5257611
147600,4,-4.2295732,3.3602684
180994,0,-3.7509444,-8.417459
150932,2,-4.3634844,2.9895208
110222,0,-3.618121,-8.4931555
88434,4,-4.30528,3.7524729
169375,4,-4.5457764,4.0253057
183976,1,6.0442357,-3.362683
98058,4,-4.4882765,3.6844475
164825,4,-4.5687084,4.1744246
21016,1,8.448504,1.382658
98917,1,8.812894,0.9276104
83188,4,-4.5134177,3.930413
44752,0,-3.5454702,-8.967587
167557,4,-4.3353267,3.8695471
141948,2,-4.4428325,2.4444697
96728,0,-3.5697842,-8.637698
167974,2,-4.483722,2.5280094
94524,4,-4.460959,4.162014
21749,4,-4.442604,3.7279115
81853,3,-2.7006054,-1.1506466
108933,0,-3.0659766,-7.997466
103382,4,-4.4318514,3.6549864
95725,3,-2.8159385,-2.9194107
26264,1,6.1796207,-4.8955717
149442,1,8.3757305,0.78714234
186041,0,-3.523208,-8.82235
156138,2,-4.101952,2.3964145
96875,1,8.360672,-0.35265118
166019,3,-2.709868,-1.1840988
27506,4,-4.578933,4.165297
27372,3,-2.7640467,-3.0453742
30801,4,-4.5332794,4.213387
106840,4,-4.2957544,4.129525
79941,1,8.147338,0.23018745
18510,0,-3.4504325,-7.896884
157320,1,8.29675,-0.2902869
26101,4,-4.353595,3.6651638
98926,2,-4.487706,2.5933747
182336,0,-3.7216556,-8.600829
157101,1,6.1372213,-2.7411861
94904,3,-3.4955235,-2.770035
14097,1,8.66279,0.69004434
91132,3,-2.4083688,-2.1923509
82379,2,-4.284156,2.4491253
31695,2,-5.195732,2.2605102
48469,1,8.336,0.024559898
113276,1,8.504451,1.1103008
156826,1,8.496708,1.0399103
183656,2,-4.8921456,2.2633379
88811,4,-4.514308,3.6187835
51232,1,5.426939,-4.5296063
95775,1,8.824216,1.3204571
3752,1,8.236479,0.08876704
183195,4,-4.289185,3.967777
149571,4,-4.323341,4.0958714
151015,1,8.7072735,1.268526
90917,0,-3.1574476,-8.142321
153999,4,-4.228759,4.010288
174833,2,-4.6571403,3.3863142
78146,1,7.9842825,-0.020479565
20964,4,-4.3756313,4.0006585
103751,2,-4.2220974,2.596418
18789,0,-3.376982,-7.865913
158709,2,-4.4420767,2.9785233
48742,0,-3.2043655,-8.019294
189918,4,-4.3054976,4.0811186
5808,2,-4.290765,2.6067672
142930,4,-4.009982,3.6471384
154902,4,-4.405671,3.9835072
166180,2,-4.399194,2.56783
82611,3,-2.837384,-1.3283973
17966,0,-3.3004122,-7.5460453
99258,4,-4.2619185,3.7265015
14869,0,-3.377884,-8.87887
90996,1,8.454414,0.07185234
69586,1,5.549875,-3.8076303
101593,1,8.970544,1.118526
161484,1,8.900227,1.0729762
20855,2,-4.175822,3.1309075
69837,1,8.0858135,-0.14328036
93699,4,-4.750915,3.6941335
175346,4,-4.6223392,3.868716
36590,0,-3.5434134,-7.874205
8228,1,8.343809,-0.020277169
137314,0,-3.1576877,-6.333075
80498,1,8.527777,1.189441
80729,1,8.233061,0.15636915
102717,2,-4.3590393,2.5311716
30067,1,8.402635,0.17194104
134,4,-4.0605536,3.3677275
178044,2,-4.547209,2.471236
119984,3,-2.8290854,-2.6358225
25458,2,-4.558609,3.0622385
91047,1,8.429742,0.8494347
43797,1,6.2536316,-3.768574
53964,3,-3.125128,-2.725987
171686,3,-2.9390507,-1.252941
190645,1,8.421229,1.1758873
36926,1,8.173508,0.07741715
92694,1,8.777781,1.3458132
115653,2,-4.5623255,3.0967748
7641,2,-4.3441954,2.3863287
13478,1,8.689229,1.090202
190126,1,8.283286,1.141372
158725,4,-4.3536696,4.0956607
118093,4,-4.404102,3.884574
102063,4,-4.715752,4.092104
2315,1,8.839583,1.1458182
44675,3,-2.339803,-3.1715186
96950,4,-4.399256,4.2717285
148031,3,-2.6131384,-1.6191903
42818,2,-4.178679,2.6114552
38619,1,8.719236,1.0335565
20259,4,-4.58338,4.376677
10571,4,-4.3451157,3.9283838
99481,0,-3.0488565,-7.193394
149676,4,-4.2079597,3.8194005
3809,1,8.965104,1.1260297
86838,2,-5.1987195,2.9031782
11673,4,-4.3907337,4.060875
108644,3,-2.7208276,-2.6235552
115262,0,-3.195367,-8.489922
100411,2,-4.241373,2.6998441
85742,1,8.829229,0.80388033
88158,4,-4.3836493,3.886586
170770,2,-4.3266516,2.3649883
72695,4,-4.350679,3.9691567
72411,1,8.350932,1.5299721
190299,1,7.9083667,0.23178068
183940,2,-4.3540096,2.7709532
25954,0,-3.5934002,-8.891595
180205,2,-4.551576,2.9928966
119475,4,-4.3557777,3.8407187
36541,0,-3.0343947,-8.509784
70237,0,-2.4688475,-4.9927664
148200,4,-4.4634,3.8579755
111499,3,-2.8335066,-3.571477
90609,1,8.998895,0.90999687
118112,4,-4.4345055,3.818426
4056,4,-4.190834,3.8862443
905,4,-4.1473103,4.020081
89504,2,-4.4928164,2.3887825
135811,0,-3.4049082,-7.015525
16877,3,-2.8599591,-2.3252587
176365,3,-2.7160358,-1.9440928
47859,4,-3.7341502,3.1679165
37534,1,8.57204,0.4426194
181323,1,8.578779,1.1469499
115351,2,-4.5634656,2.9722548
82429,4,-4.361107,3.617144
188766,4,-4.259336,3.7609026
188614,3,-2.7361133,-2.968488
176063,2,-4.1808786,2.6353827
174334,2,-4.578778,2.9548175
15200,1,5.901217,-4.232639
173467,4,-4.584839,4.219453
99256,1,8.346814,0.2647077
5291,3,-2.8850143,-2.9195278
168404,4,-4.441809,4.0161166
163117,4,-4.264213,3.7610564
19835,0,-3.6139848,-7.5192294
183231,4,-4.264205,3.9505694
87880,2,-4.5125575,3.0159314
145135,4,-4.5236216,3.9357986
88376,1,8.757977,0.65321827
169664,4,-4.3996177,3.6384914
180606,1,8.448059,1.2292571
51337,2,-4.380665,3.2789702
15423,4,-4.4036846,4.132482
155158,4,-4.485531,3.7824197
154717,4,-4.4561524,4.0897455
112924,2,-4.224805,2.6641045
31243,2,-4.3930774,3.0056963
48342,0,-3.137516,-8.41929
147018,1,8.631448,0.98176205
160733,2,-4.4767785,2.516092
184044,3,-2.761265,-3.1194031
175616,2,-4.0990973,2.5335028
27386,4,-4.4562945,3.8649442
187843,2,-4.423741,3.105019
24935,0,-3.4424665,-9.067931
82601,4,-4.4782724,3.882548
18575,0,-3.0561314,-7.3494244
163686,1,8.332832,0.17020364
35414,1,8.618744,1.2590282
168420,3,-3.3931062,-0.9464076
100838,2,-4.314842,2.456615
32872,2,-3.6651351,2.3836875
79756,3,-2.704073,-2.45399
83562,2,-4.2956114,2.587244
18870,0,-3.559628,-8.747887
112333,3,-2.8364995,-3.061104
182550,0,-3.7097988,-8.706782
160205,1,8.524592,-0.01661898
77523,4,-4.100367,3.7972775
110832,1,8.765037,1.0730098
5153,1,8.517379,0.2863496
61109,4,-4.283308,3.4697332
14404,1,8.817265,0.97987735
175219,2,-4.573304,2.8945026
158712,1,8.79746,1.1393224
156947,2,-3.6644802,2.451508
166394,4,-4.434378,3.5837414
32898,1,8.335251,0.20095423
97198,0,-3.0064604,-8.35151
113297,3,-3.1893096,-3.635571
144309,4,-4.183468,4.1326833
146349,3,-2.800656,-2.0062473
30501,1,8.840003,1.1791474
117004,4,-4.2670536,3.7914555
18809,0,-3.3818867,-8.2919
161760,2,-4.1299,2.517122
32501,1,6.0566273,-3.4304552
115604,0,-3.7105458,-8.463869
72661,1,8.67631,1.0680276
154306,1,8.638819,1.0031409
59326,0,-3.3686597,-7.2986197
34609,0,-3.6318626,-8.712966
81648,4,-4.0511684,3.7173734
63863,0,-4.0244517,-7.077093
92570,1,8.663817,1.0603529
156526,1,8.582709,0.881553
24086,2,-4.3346424,2.1367385
19235,1,8.694317,0.07680168
23597,4,-4.3340354,4.009522
114949,1,8.975209,1.1542563
52664,1,7.91359,-0.03823063
90621,1,8.882693,0.8920355
32568,4,-4.3128347,3.7585623
77721,4,-5.089248,3.336952
25940,0,-3.5263267,-8.911624
149667,2,-4.276368,2.45872
113209,1,8.005299,-0.11289234
98366,4,-4.5688806,4.162489
171646,4,-4.23854,3.94435
42262,1,5.0435576,-4.6193
119469,4,-4.3472033,4.2344704
46482,2,-4.663775,3.2960687
182133,2,-4.487045,2.9463155
13399,1,8.717892,0.88616025
172031,4,-4.419503,4.33109
116842,4,-4.4832363,4.221609
70481,1,8.198919,0.119970165
15373,2,-4.293659,2.544597
15746,2,-4.6455097,3.1613965
84463,1,8.6555195,0.94044363
111569,1,8.432349,0.9177479
112484,3,-2.868034,-3.3574555
150223,3,-2.8218434,-2.9230728
107738,4,-4.6110067,3.557156
92003,1,8.408418,0.4639806
113002,4,-3.6919177,3.36243
49877,3,-2.7195318,-2.476549
190896,4,-4.0192194,3.6707594
83172,2,-4.4928856,2.544254
70319,4,-4.4162426,3.9645228
187313,4,-4.3580136,4.0319495
20112,1,8.802771,0.97237873
100734,0,-2.9945993,-7.349812
141289,2,-4.339762,2.3838773
112117,4,-4.4799914,4.063783
129554,0,-4.123,-6.6477222
86086,1,8.934201,1.0925586
96883,1,8.823806,0.94824815
116027,0,-3.3858294,-7.6278834
161909,1,8.941824,1.154439
24903,1,8.613225,1.4327607
14319,4,-4.487517,4.1265125
168274,1,5.485285,-4.4377394
39153,1,8.798209,1.2627156
104289,2,-4.5331664,2.6428103
169674,3,-3.124672,-2.2306736
61170,4,-4.4949193,3.5932055
46652,1,6.174885,-4.755545
17409,0,-3.2612913,-7.047554
6085,4,-4.5205784,4.225005
41246,0,-3.4849374,-7.6176467
26319,0,-3.5422676,-8.939222
17677,1,8.783398,1.2300223
17749,3,-2.784554,-1.2884191
49151,4,-4.3205986,3.6915991
20142,4,-4.521704,3.7325063
32531,2,-4.148834,2.466893
160563,4,-4.530521,3.9475696
67501,3,-2.585136,-4.7325573
83476,4,-4.38673,4.178073
91287,1,8.379327,0.46241412
180477,0,-3.7449112,-8.686291
17315,1,5.9963484,-5.1046853
20226,4,-4.467076,3.6261683
165974,3,-2.6461804,-1.0728816
166292,1,8.449179,-0.12262605
163940,2,-4.5989895,3.0392973
116825,1,8.72627,0.9024084
85712,1,8.590755,0.7749123
74094,3,-2.8409781,-1.3510997
96085,0,-3.3078935,-7.6426325
120652,3,-2.8174458,-3.5455053
104571,1,8.476913,-0.10167995
92118,1,8.05088,0.10801494
156729,1,8.584123,1.3599182
3942,4,-4.3703976,4.2546134
93659,1,8.404553,1.2541939
118097,4,-4.4676757,3.8405597
159707,4,-4.2093334,3.9034534
21996,4,-4.582809,3.7735028
70507,1,8.665431,1.3816588
94284,1,8.583751,0.13957834
29800,4,-4.4949045,4.108662
97121,0,-3.739966,-8.985984
33777,4,-4.3521743,3.518279
33501,0,-3.4562213,-8.9822
72763,1,8.395904,1.1350604
60999,3,-2.6625988,-3.1950216
17862,4,-4.411825,4.0805764
89507,4,-4.6205373,3.8962166
163682,4,-4.2434516,3.8593202
38232,0,-3.6464622,-8.706588
85045,4,-4.5781255,4.173563
104534,2,-4.446145,2.331965
153120,3,-2.8956916,-1.7737474
90567,1,8.9365425,0.9073851
175983,1,8.764537,1.1527978
146724,1,8.1648655,-0.024761463
187431,2,-4.353458,3.2748642
134133,0,-3.0505087,-6.295951
42044,1,8.364117,0.13747019
98395,1,8.118764,0.17042811
159717,4,-4.3411593,4.1210146
2343,4,-4.208081,4.1418586
175220,4,-4.680089,3.99156
105097,4,-4.456643,4.2307634
155360,4,-5.447412,3.9523122
150218,4,-4.527959,4.0164003
88213,3,-2.403449,-1.4470694
156572,4,-4.397906,3.7581837
44832,0,-3.98704,-8.286263
87325,1,8.961492,0.85163605
137743,2,-4.26862,2.3816519
165437,2,-4.4222164,3.0753632
147409,1,8.467748,1.0016321
185088,4,-4.3409557,4.0312595
32083,1,8.589149,0.36413547
48878,4,-4.3596573,3.7447722
180632,1,8.389573,1.2688829
88935,1,8.718282,0.3557365
98984,4,-4.525392,4.101003
87184,1,8.500086,-0.28510737
15163,1,8.214539,0.03390674
19456,1,8.86429,1.2289921
77046,2,-4.2725105,2.3510385
48974,4,-4.339035,4.137947
38953,1,8.596346,0.30254865
77771,3,-3.804609,-2.832942
27314,2,-4.546623,3.0219407
18914,0,-3.0888128,-7.241463
166100,1,8.414796,0.93198514
87696,0,-3.1163807,-8.283
2349,1,8.771199,1.2269384
181742,0,-3.5531015,-8.486259
111600,2,-4.6161284,3.2980077
43995,0,-3.260098,-7.9828815
38143,4,-4.3793874,3.824811
70490,1,8.402922,1.3731583
7563,4,-4.2549806,3.8896089
119254,3,-2.5230756,-3.9096115
185618,3,-2.9272854,-4.8517427
147630,4,-4.2525797,3.8162048
29734,3,-2.8518815,-2.6969907
21955,4,-4.553114,3.7759545
110768,4,-4.499151,3.903283
9130,1,8.746999,1.2078851
78158,1,8.608584,1.3543662
39758,4,-4.3464484,3.9296212
172420,0,-3.4470577,-7.7752395
188620,3,-2.561651,-2.5741093
92785,1,8.611713,0.37898743
21753,4,-4.3354845,3.5201285
189830,3,-2.7685385,-4.0523195
13164,4,-4.6201982,4.2378106
149650,2,-4.217553,2.2687414
28366,1,8.6764555,0.94984853
98187,1,6.5576525,-1.7918582
33907,1,8.159259,0.032830995
60673,0,-2.7008693,-6.571478
42086,1,8.40408,1.0941288
88405,2,-4.609568,2.8117793
82861,1,8.672057,1.103846
26805,0,-3.333675,-7.466753
82515,1,8.736261,0.9776752
44783,0,-3.7209058,-8.694511
191514,1,8.495416,-0.24268082
127925,2,-3.7445917,2.075311
49061,1,8.30513,0.8760048
115286,0,-3.1231515,-8.063706
95693,4,-4.6244245,4.05046
164015,1,8.823875,1.3396946
24630,4,-4.536114,3.920605
25430,1,8.987436,1.3061179
137443,3,-2.4617682,-3.42147
71966,1,8.059086,-0.038998917
165676,4,-4.5245337,4.1743264
106925,4,-4.3474793,3.3459008
62375,1,8.367535,1.022244
169751,3,-2.8727875,-1.2631962
189545,1,8.383673,1.2220395
23877,4,-4.737125,4.308975
177747,2,-4.480034,2.573554
169507,2,-4.371918,2.6674623
167332,1,8.218367,0.21506421
51140,2,-4.0042877,2.4067454
163366,3,-2.6083229,-1.9511969
153677,1,8.405193,0.9860783
15298,1,8.610714,0.32780504
110784,2,-4.3801827,2.4014463
82473,2,-4.3763375,2.3164227
27248,1,8.712088,0.6387056
119704,2,-4.338948,2.4299562
143705,1,8.077631,0.19228756
82745,0,-3.070653,-8.36907
90507,3,-2.9442773,-1.8794501
5308,3,-2.4150395,-1.3194585
155595,1,8.833848,1.2676772
27994,1,8.725851,1.179218
12949,0,-3.3851607,-8.541096
154938,2,-4.5000725,2.2644272
95190,2,-4.3593287,2.592992
179506,2,-4.5588827,3.1058223
80166,4,-3.6649585,3.0665913
98823,4,-4.6663427,4.0854383
97155,0,-3.3919706,-8.705308
179566,0,-3.6333585,-8.61125
32493,1,5.9676394,-4.127738
48790,1,7.962361,0.03181488
143994,1,8.463667,1.0448447
92023,4,-4.3936887,4.029474
179926,2,-4.5572133,2.697675
17455,0,-3.3796732,-7.560207
14067,4,-4.2140784,4.024509
177965,4,-4.5084214,3.851478
124143,3,-2.7714715,-2.1456878
169488,4,-4.4066715,3.5055034
83884,4,-5.1535716,3.8222654
47144,4,-4.374181,3.7595837
4502,1,8.580926,1.2960343
80748,3,-2.7730472,-1.1447831
36222,0,-3.5731928,-8.90171
14082,2,-4.258283,2.6003609
85892,1,8.609744,1.063502
33948,1,8.449308,-0.38988036
149483,1,8.671862,0.9825255
60130,1,8.23767,0.91801465
48830,4,-4.391294,4.035306
18530,0,-3.3218687,-7.7383494
181217,0,-3.6605804,-8.317489
102841,4,-4.333574,3.7555873
23019,2,-4.3764844,2.609081
171222,4,-4.3704305,3.6827629
25950,0,-3.3830235,-8.738
19559,4,-4.517533,3.6330278
16031,1,8.6134615,1.2386963
160559,4,-4.4751053,4.10366
167120,4,-4.6235743,4.10923
166762,4,-4.4577274,4.0240192
167205,2,-4.7123394,3.2973108
19813,2,-4.6006255,2.7097104
80501,2,-4.369575,3.0747082
115434,1,8.34644,0.24961953
82715,2,-4.314176,3.0546458
80391,1,8.418452,1.3159058
32975,2,-4.424239,2.51013
34259,4,-4.4791245,4.1605787
150229,4,-4.5004463,4.1597347
82712,4,-4.0114994,3.4928663
46760,4,-4.4142094,3.981878
156717,4,-4.094044,3.9567673
91583,1,5.9087386,-3.3002481
186066,1,8.610543,1.3219309
179545,0,-3.635223,-8.621012
189577,1,8.797257,0.9622193
112326,3,-2.9280498,-2.8844414
116349,1,8.706992,0.8508841
112985,1,6.9598513,-1.1586554
155444,3,-2.8073218,-3.1752687
108818,3,-2.9413075,-3.7096715
13738,2,-4.427146,3.357196
164887,3,-3.0476916,-4.9572945
35763,0,-3.416125,-7.429732
176842,1,8.611369,-0.020333055
175169,3,-2.7540832,-2.492496
100821,4,-4.587208,3.8744822
98010,1,8.360318,0.024481522
116396,1,8.122716,0.8793389
113776,2,-4.30823,2.5812848
15744,0,-3.1210763,-8.316346
36207,1,6.0113683,-5.2693706
27065,0,-3.3599977,-7.687801
127877,3,-2.5429664,-1.5875456
98248,1,8.724065,0.48472363
178871,3,-3.0323284,-2.264885
31311,2,-4.6541743,3.0492911
25941,0,-3.5799353,-8.607421
141537,2,-4.3312645,2.3266716
33270,4,-5.192729,3.7687988
24610,2,-4.291211,2.7399442
22622,4,-4.3856187,4.092106
91524,1,8.791146,0.16553567
31860,1,8.710045,0.9357442
110397,4,-4.5327425,4.2745028
83475,4,-4.4001384,4.1420217
39823,3,-2.836095,-2.1055877
92428,4,-4.393556,3.7255645
92095,1,8.571846,0.6503308
148137,4,-4.3885617,3.9620461
77109,1,8.808697,0.91086435
165420,2,-4.385822,2.3312054
28031,1,8.954091,1.0304412
48782,2,-4.5137043,2.5776763
111472,2,-4.59936,3.24017
178018,2,-4.502638,2.3336782
11073,1,5.5476284,-4.6368847
38460,2,-4.659056,3.028512
95764,3,-3.1543617,-1.7811315
160010,1,7.7097273,0.2166292
75046,1,8.242308,0.120446265
108962,0,-3.0140345,-8.289542
181298,1,8.717453,0.95213723
6252,4,-4.1938815,3.6173308
20895,4,-4.39508,4.1073837
81033,4,-4.580715,3.1565259
78204,1,8.437371,1.5793437
105607,4,-4.497527,4.326467
102305,0,-3.3896768,-8.659767
177445,2,-4.4949493,2.870524
174304,4,-4.4099584,3.9376476
44863,0,-3.4641135,-8.751213
165385,4,-5.1624165,3.563609
98199,4,-4.527889,3.9982526
20820,1,8.689012,1.1760507
114473,1,8.247832,0.61599773
30018,0,-2.9714248,-7.1353865
147374,1,8.949723,0.8296329
18238,1,8.831908,1.3670222
13044,2,-4.266306,2.6369812
8993,2,-4.0823436,2.5470576
106062,3,-2.5421915,-3.963418
148188,4,-4.4380865,3.9789832
102010,4,-4.545222,4.07928
189924,1,7.78591,-0.15366073
10891,2,-4.737377,2.2043102
40598,0,-3.6199722,-7.3367057
102805,1,8.725012,1.1959565
24176,2,-4.4719853,3.2827542
115335,2,-4.211098,2.0671673
24753,2,-4.2708697,2.5379164
18920,0,-3.6167896,-7.3635345
14252,2,-4.5697684,3.083488
143882,1,8.646799,1.2751561
118057,0,-2.9983566,-7.5258164
31907,1,5.982466,-4.3292947
184820,1,8.663703,1.1381196
20984,1,8.825588,1.0797664
18856,0,-3.6534295,-8.645172
170497,4,-3.977267,3.2741327
12951,0,-3.6228714,-8.496473
16084,3,-2.625534,-4.015441
151922,4,-4.4147034,4.0576105
191224,2,-4.3980637,2.2791052
59725,0,-2.9334269,-6.8126473
7417,1,8.53078,1.1928563
38075,1,8.848219,0.85703975
91959,1,8.398509,1.1053553
26943,4,-4.527115,4.0823216
36821,0,-3.2187176,-8.255107
123832,3,-3.1796029,-2.891647
32211,4,-4.3175135,3.6337183
99494,0,-3.3228612,-7.8183627
90466,1,8.9615755,0.9108094
29589,2,-4.448498,2.3484123
5917,1,8.695683,0.93470424
38881,2,-5.201923,2.3904524
50068,2,-4.210129,2.2446692
10586,1,8.731212,1.3657217
148114,1,8.246009,0.009722069
71958,3,-2.8634632,-2.9170325
86464,3,-2.6633508,-2.6646392
26189,2,-4.4110203,2.582099
101347,1,8.421534,0.71083105
74598,1,8.130478,0.27087802
3858,1,8.5436,0.5905813
154923,4,-4.2683167,3.653766
80977,3,-2.608473,-3.6853557
185909,2,-4.4560037,2.8248425
11404,2,-4.890532,2.704429
12177,1,8.908017,0.80447924
28639,3,-2.313183,-1.9409615
104568,4,-4.4745574,4.0142307
104794,4,-4.4920206,4.1727786
14302,2,-4.3730526,3.3043437
191068,1,8.936024,0.9755352
176621,2,-4.6312118,2.7403743
8238,1,8.614411,0.72404337
36561,0,-3.3934875,-6.9630494
181973,1,8.565406,1.131235
97976,0,-3.8497982,-8.644746
166168,3,-2.5274997,-3.8996696
97247,2,-4.3921766,3.1522336
112505,3,-2.6964645,-2.9204617
24265,3,-2.756219,-2.4927995
149240,4,-4.456717,4.078988
114198,0,-3.0951967,-7.1486216
102951,1,5.663016,-3.6660378
186822,0,-2.8635952,-7.439549
22298,0,-3.3915231,-7.390837
97388,4,-4.6871595,4.185292
98602,0,-3.4917061,-8.277615
191638,3,-2.3947914,-3.2588422
144308,4,-4.2036133,4.0729327
48672,2,-4.5869813,2.2955306
104407,1,8.792237,1.2481272
104749,4,-3.8637652,3.087306
51212,4,-4.317804,3.972408
12218,4,-4.293504,3.621709
24869,1,8.8029585,1.2586637
80945,1,8.626395,1.3366419
113985,0,-3.4206014,-7.313403
175292,2,-4.654452,2.6880076
90697,1,8.973985,0.80288947
10659,1,6.16456,-3.6714823
176875,4,-4.693315,4.1750093
32329,0,-3.8043427,-8.909503
87776,3,-2.6656249,-2.2811167
84208,2,-4.3355203,2.516476
181134,4,-4.3649087,4.021523
21891,0,-3.1872616,-7.3742924
91581,1,5.951066,-3.1725295
152936,1,8.422022,0.081029765
2501,4,-4.3925405,4.0989475
98959,4,-4.609233,3.9304767
5535,1,8.235007,0.8317951
14214,1,8.929414,1.0462998
97625,1,8.541698,1.285969
86067,1,8.4745,0.7254985
60721,4,-4.1032996,3.8232427
78596,1,8.817993,1.1243856
158003,4,-4.361518,4.0422134
186684,1,8.682556,0.74115556
70374,4,-4.344341,3.8319821
192473,3,-2.3346887,-3.319798
27903,4,-4.587274,3.6947317
92381,1,8.045485,0.09667263
187950,2,-4.5051436,3.4310007
9060,3,-2.5654554,-2.1598306
148215,4,-4.5609164,3.9844627
8881,1,8.519875,1.0963293
176014,2,-4.5084386,2.4353251
60592,3,-2.2905552,-1.9359598
88532,4,-4.303865,3.8471158
86254,3,-3.0410752,-2.109063
113981,0,-3.4831083,-8.855691
92158,4,-4.349943,3.902741
18932,0,-3.146918,-7.279837
87111,1,8.212614,-0.040226452
161988,1,8.912121,1.1715415
81948,4,-4.4418135,4.199723
179685,4,-5.3398848,4.0008807
156414,4,-4.5005836,4.022263
162891,4,-4.478512,3.9955773
22255,1,5.647725,-5.270315
113132,0,-3.0321393,-8.469567
177050,4,-4.6440773,3.8106658
52883,4,-4.2637477,3.9835024
55474,1,8.492153,0.92189425
8899,3,-2.079477,-1.9187286
72688,1,7.9124417,0.27033758
93836,3,-3.032023,-3.1635277
174831,0,-3.1514282,-7.2568645
181044,2,-4.498885,2.538466
113517,2,-4.6126895,3.06991
155133,4,-4.6317735,4.0197983
175047,1,6.1764493,-4.774329
185968,3,-3.2389066,-3.6647353
113646,0,-3.4552262,-7.351516
41997,2,-4.28813,2.4291937
25952,0,-3.5034516,-8.830034
15034,1,8.74984,1.2037847
103807,4,-4.371643,4.0464015
94106,1,6.152001,-5.23713
36210,1,6.2376165,-5.347109
87166,2,-4.452232,2.7790194
153811,1,8.559599,1.1765137
60185,0,-3.3691707,-6.6440144
26594,4,-4.421353,3.920241
157580,2,-4.2526855,2.2045934
108915,0,-3.5130043,-7.1334
7509,1,8.404562,1.5014896
37501,1,8.55984,0.04951232
19653,2,-4.2353,2.5118096
82912,1,8.694298,0.6320359
83487,4,-4.4641986,4.1359396
17157,4,-4.4256196,3.818223
187807,0,-3.9450574,-8.103297
99544,0,-3.344757,-7.816641
87539,4,-4.390432,3.7003253
72425,1,8.286035,1.5574044
112616,3,-2.6711802,-2.9565923
91588,1,5.980379,-3.1507463
111343,4,-4.518589,3.8516223
161444,1,8.370182,-0.08897952
12957,2,-4.39039,2.7387872
44959,1,6.1112003,-5.238931
60408,0,-2.9958024,-6.4463487
42735,4,-4.4032526,3.8729193
190270,2,-3.9358966,2.4707005
149023,1,8.498037,0.82921183
98454,4,-4.570814,4.2502584
14362,1,8.664927,0.73375046
90691,1,8.991241,0.84945476
161394,2,-4.113635,2.4178917
13507,1,8.728414,1.2011665
85171,1,8.704882,0.9383084
149272,1,8.666914,1.3649063
25604,3,-2.903245,-3.2925076
85648,2,-4.5022783,2.623613
12271,1,8.569098,0.79686004
148036,4,-4.3416786,3.819419
109669,0,-3.4979446,-9.109013
15739,0,-3.4689562,-7.300768
87781,3,-2.7879567,-2.1851184
33619,1,8.4767475,1.3194805
81913,4,-4.4888453,4.063816
87401,4,-4.6935782,4.0016017
39390,1,8.841632,0.99599326
182970,0,-3.7582662,-8.184124
21448,4,-4.443466,4.274633
115303,3,-2.585876,-2.1574297
178710,3,-2.9860392,-4.6489015
169104,4,-4.511154,4.035248
86763,4,-4.2478185,3.4499035
150071,3,-2.6987453,-3.0674763
7434,1,8.580862,1.1672715
79402,3,-2.565878,-2.1261275
185357,4,-4.4209657,3.787398
175437,1,6.136067,-3.2640927
3814,1,8.90565,1.080632
17400,0,-3.5536227,-7.649685
187326,4,-4.361566,4.0940337
36756,0,-3.620834,-8.563653
2830,1,8.750221,1.3108332
14133,4,-4.4182177,4.031283
105922,2,-4.2115736,2.4413812
167691,4,-4.582888,4.2622514
3162,3,-2.6765342,-3.83817
143888,1,8.639885,1.4060569
118606,2,-4.338174,2.651138
177017,4,-4.489497,3.418735
42062,1,8.327065,0.104406744
10301,1,9.01037,0.5609957
13578,1,8.892449,1.3375596
185327,3,-2.3720505,-1.7467282
95183,2,-4.4910865,2.554432
113109,0,-3.251455,-7.91799
18303,4,-4.5873013,3.969955
21803,0,-3.394333,-8.031102
188390,2,-4.4590464,2.8812642
24450,4,-4.437969,3.5075
185550,0,-3.499641,-8.804775
85706,1,8.218969,-0.086649805
178583,3,-3.22786,-3.3777182
77570,3,-2.525562,-2.6118913
7978,1,8.437743,0.7766657
34665,4,-4.4230123,3.7652814
106611,4,-4.342534,4.0361567
11240,1,8.696474,0.7093842
90846,1,8.697404,1.2002789
162134,4,-4.3285246,3.5915349
95201,4,-4.4893956,3.8944428
37533,2,-4.41001,2.595192
151811,1,8.768862,0.9075893
187724,3,-2.8210912,-3.1499965
35282,0,-3.5516372,-8.994344
20893,1,8.738123,1.2397573
80018,4,-4.201145,3.7463696
147599,1,8.55276,0.6402372
181002,0,-3.8526938,-8.298431
153941,1,8.564658,1.6770136
110118,0,-3.3440561,-7.3196945
180696,0,-3.6857393,-8.444229
91668,3,-2.9252107,-3.6363661
18164,1,8.314369,0.13528945
50329,2,-4.4370823,2.7089913
190851,4,-4.277834,4.071468
159996,4,-4.268661,4.264593
42726,4,-4.3921375,4.0187416
187327,4,-4.408024,4.0848284
49964,2,-4.578723,2.9914467
52763,4,-4.4341593,3.505119
12909,2,-4.4933596,3.4398963
77549,3,-2.4571965,-2.6099792
109161,2,-3.7810671,2.1668012
96820,1,8.761294,0.96970844
124131,1,7.949222,-0.10061699
7634,1,8.432531,1.1690755
91353,4,-4.376981,3.9811192
43169,1,6.0045853,-5.237724
172058,2,-4.40583,3.1630747
20990,1,8.234415,0.22003837
157595,4,-4.417536,4.105399
38469,4,-4.457735,3.895508
144064,4,-4.0844026,3.7728548
75219,1,8.263976,0.048103377
161754,4,-4.4853487,3.7607775
44017,0,-3.0476408,-8.517975
158418,1,8.3072815,-0.087487854
102060,2,-4.675975,2.671704
153218,3,-2.8305132,-2.1366842
51259,1,8.560004,1.292753
74106,1,8.321139,0.21086003
83435,4,-4.331271,4.2753973
157949,4,-3.9128385,3.862314
131618,0,-3.2065609,-6.672534
75482,4,-4.483965,4.000509
98160,1,8.75114,0.49430647
82063,2,-4.46203,2.7591946
164289,2,-4.3575864,2.8311298
161899,1,8.3666,-0.044926737
91379,3,-2.5405211,-1.6488773
149440,3,-2.6621206,-1.9615604
102270,0,-2.989419,-7.510268
129392,0,-2.867041,-5.9536095
79863,1,8.660952,1.1969975
114424,4,-4.4435096,3.769903
93665,1,8.534105,1.1407676
49459,1,8.451433,-0.41772458
77370,3,-2.6344383,-1.3270257
36994,0,-3.6293938,-7.0751824
154014,4,-4.3929944,4.005997
19851,0,-3.0164201,-7.2344966
190692,4,-4.4592376,3.831708
169099,2,-4.021902,2.5982969
88988,4,-4.3099923,4.115561
18797,0,-3.49427,-8.276341
159564,2,-3.8693264,2.3331459
29389,1,6.110572,-5.282315
96512,2,-5.0394297,2.7196763
74586,1,7.896941,0.061909683
82627,2,-4.2875123,2.4599907
187362,4,-4.380578,4.0770154
92143,2,-4.48883,3.0887165
90152,1,8.466107,1.4925789
167988,4,-4.680211,4.2359695
162634,1,8.900382,1.0990238
23660,2,-4.6506767,2.999794
20449,0,-3.0998583,-7.288891
31303,1,8.653902,0.9404831
82015,4,-4.345621,4.0205045
37988,1,8.638769,0.5875754
155575,4,-4.474171,4.056748
72647,3,-2.7748902,-2.138751
137759,4,-4.3405995,3.5962992
124632,0,-3.1903808,-6.851885
176356,3,-2.8224955,-2.5208402
173191,4,-4.6258726,4.0973825
20496,1,8.461159,0.5773045
102015,4,-4.4184327,4.021529
24447,4,-4.4651756,3.8133783
114221,0,-3.4574108,-7.621311
78538,2,-3.697046,2.229062
162088,1,8.783928,1.4739302
91307,1,8.60773,0.9063219
183023,0,-3.5235198,-7.3409066
181307,1,8.187415,0.05643521
62389,1,8.6162815,0.91957784
24944,4,-4.392091,3.909808
49829,4,-4.3193364,3.798289
141133,1,8.974394,1.0886376
18662,2,-4.4573345,2.3964334
37233,1,8.8484955,1.1745279
93438,2,-4.372402,2.4338493
93899,1,8.816389,0.92840254
180869,2,-4.545683,3.0632381
86920,4,-4.5913544,3.793101
159563,4,-4.047229,3.8930144
147658,4,-4.2648263,3.8267074
180325,0,-3.6367283,-8.512862
85923,3,-2.9768324,-2.15857
88135,4,-3.7882073,3.20265
103793,4,-4.4441915,4.0956697
26920,2,-4.662714,2.8442268
143152,1,8.198617,-0.11337509
178983,3,-3.136809,-1.9664493
49507,4,-4.4685884,4.208996
9290,3,-2.8196783,-1.0396641
16147,2,-4.2827797,3.2704573
191644,4,-3.7789955,3.0742075
25960,0,-3.4223695,-8.597353
136955,3,-2.2440147,-4.278994
82126,2,-4.366323,2.663392
37902,0,-3.1942866,-7.186141
144677,3,-2.676731,-2.391371
27772,0,-3.3039827,-8.019068
96721,0,-3.399072,-8.552983
75483,2,-4.6243343,2.7807627
171616,4,-4.1808505,3.7624896
162689,4,-4.4802155,4.006044
136623,3,-2.400671,-4.3297257
154331,1,7.8728685,0.38479012
36558,0,-3.3837304,-6.9334893
79823,3,-2.7803476,-1.1568189
159758,2,-4.551459,2.4510033
7394,1,8.356987,1.0394986
13622,1,8.735755,1.4241885
117328,4,-4.389208,4.068391
187989,0,-3.4884193,-7.4373903
116371,1,8.771447,0.993219
52721,4,-4.3427453,3.831415
19232,4,-4.3516846,3.809496
170523,0,-3.6579247,-9.147649
49603,2,-4.451238,3.314124
179456,4,-4.487954,3.4213877
112803,4,-4.300149,4.146
5141,1,8.673011,0.6263244
18128,0,-3.2816162,-7.3803277
18274,3,-3.3930678,-1.4246988
165691,2,-4.570253,3.2022798
144574,1,8.610609,1.3729104
114218,0,-3.7118053,-8.65526
14450,4,-4.3885655,3.3518002
188591,3,-2.8892305,-3.4152868
32058,1,8.621632,1.0003983
177997,2,-4.662469,2.611764
44462,0,-3.1944633,-7.115201
99607,1,8.633713,1.4292448
137634,4,-4.5049515,3.8395126
55480,2,-4.3444395,2.225608
26724,4,-4.4392824,3.9574556
101667,4,-4.469763,4.2274346
192683,3,-2.1366577,-3.4076943
94289,1,8.781675,0.8040154
181240,0,-3.75392,-8.39951
29341,2,-4.507293,2.477438
30372,0,-3.3951623,-7.3138847
115271,0,-3.6820886,-8.489838
77561,3,-2.4630125,-2.6068962
18820,0,-3.5055332,-8.857923
26122,1,8.226686,-0.18855733
99720,0,-3.6723723,-8.735074
135058,3,-3.403904,-3.4109035
95061,1,8.403339,0.64831686
93632,4,-4.2004323,3.713614
86209,1,8.316167,-0.1289614
161287,1,8.94327,1.220813
111404,3,-2.649449,-1.4229287
156944,4,-5.1366568,3.6247864
90929,3,-2.3816733,-1.7223872
34135,1,8.68564,1.040739
48069,4,-4.082293,3.74021
1252,4,-4.585069,4.0563445
172163,2,-4.5791616,2.5859675
144808,2,-4.243734,2.2664053
15761,4,-4.5220585,3.541808
95745,3,-2.705102,-2.7591364
116273,4,-4.198469,3.9295685
93522,2,-4.511562,2.6213522
166387,4,-4.4375377,3.8148985
114579,4,-4.2457294,4.0317683
8119,1,8.616835,1.1923206
21353,4,-4.4910817,4.19609
186741,4,-4.3588796,4.045882
190400,1,8.07038,0.084226646
185484,4,-4.3913817,4.0045958
31120,2,-4.5300765,2.6647906
81000,4,-4.1552534,4.0533023
37026,0,-3.7217257,-8.7538595
82754,2,-4.5204544,3.196739
79426,1,7.89833,0.29228866
167831,1,8.284063,0.27056742
29473,0,-3.8100467,-8.735305
7761,1,8.926634,1.2034739
36575,0,-3.3886747,-8.04609
71960,3,-2.8139718,-2.840983
117211,4,-5.0819945,3.4892786
178062,1,8.578407,1.3533278
9505,2,-4.209768,2.6999848
149101,1,8.499851,-0.089278735
27032,0,-3.3013632,-7.4632206
155428,3,-2.8383257,-3.064609
16796,0,-3.053213,-7.339848
175515,2,-4.289224,2.718713
22325,0,-3.4149714,-7.361216
12114,4,-4.334013,3.9754717
26834,0,-3.614343,-7.344504
7365,1,8.192802,0.046060607
16870,1,6.268658,-3.8232942
94596,1,8.682648,1.4719692
189604,2,-4.367495,2.9105425
19250,1,8.7422495,1.282725
187214,0,-3.9248996,-8.172941
49060,4,-4.498438,3.2746408
20869,1,8.308565,-0.019776898
103808,4,-4.3648367,4.1069064
164410,1,8.848065,0.9832988
92433,4,-4.3865037,4.0393367
170526,0,-3.605552,-8.493333
169418,1,8.456951,0.7217043
1484,4,-4.46318,4.1587925
174086,2,-4.6759706,3.1473174
22079,4,-4.745074,3.7789073
158859,1,8.89556,1.313624
42234,4,-4.32129,3.7301
44719,3,-2.3386326,-3.3398056
105918,4,-4.6008945,3.8879526
39843,1,8.515041,0.42158937
124215,3,-2.5390692,-4.201923
84455,1,8.390995,-0.26697588
137629,4,-4.5530825,3.8148777
14088,1,8.600431,0.5170952
91205,1,8.578016,0.67795426
36606,0,-3.5468333,-8.847268
181882,4,-4.558719,4.1259294
118803,3,-2.6513164,-3.3068178
99618,4,-4.604638,3.653703
99220,0,-3.0210967,-7.136782
103851,4,-4.4439425,4.144417
181490,0,-3.51373,-8.5193
136316,0,-3.8655274,-6.824785
178584,3,-3.0865946,-2.462466
97194,0,-3.3543787,-8.838028
111951,0,-3.552805,-8.852186
77587,3,-2.413901,-2.6051447
94282,1,8.662263,0.68643016
46649,1,6.184531,-5.1740026
3060,1,8.587302,1.1859307
91331,2,-4.2644796,2.6806107
34538,4,-4.382583,4.0059357
29193,1,8.948168,0.67602867
9640,1,8.412821,0.22683673
8005,1,8.4859705,1.3084384
7524,1,8.213903,1.0789884
36740,4,-4.5062,4.0659738
75178,1,8.900527,0.9972279
158798,1,8.371357,0.028002128
160777,1,8.765858,1.1133595
178877,3,-2.975771,-2.2697191
178168,2,-4.4569383,2.98563
89083,1,8.787561,1.0785086
115759,4,-4.4362555,3.9361393
185913,3,-3.2848012,-3.9331324
92029,0,-3.6008298,-8.86214
136421,0,-3.1476665,-6.95185
52845,2,-4.2243137,2.50746
189657,4,-4.2811584,3.988721
176943,4,-4.5090394,3.853387
113602,0,-3.132192,-7.1378307
155138,4,-4.536742,4.0245004
5296,1,8.8244705,0.33795637
158036,3,-2.4650273,-2.5960345
179498,3,-2.9989812,-2.4232485
7855,1,8.66213,1.1163893
179189,0,-3.6454165,-8.843116
32175,2,-4.422655,3.0111933
86413,1,8.463819,-0.017104551
155154,4,-4.6760077,3.9165125
106548,1,8.175889,-0.0798735
25161,2,-4.2818666,2.5359616
179798,0,-3.5994573,-8.519221
149909,1,8.778655,1.0224851
102886,2,-4.4513493,2.9014587
51715,4,-4.37801,4.084006
153251,3,-2.7720332,-1.5710688
88221,3,-2.6120071,-1.4447836
149755,4,-4.3885326,3.8747761
182535,0,-3.6759105,-8.312152
83943,1,8.660644,1.0342613
5382,1,8.126308,-0.24085933
169627,1,8.811934,1.0920902
12988,4,-4.2004366,3.4390876
143384,0,-2.9567914,-3.9641232
90876,2,-4.327668,2.615638
37964,1,8.758153,0.8643825
118773,4,-4.3346305,3.9621582
105147,4,-4.5911126,4.0426083
143883,4,-4.170917,4.035425
20833,2,-5.1720824,2.9228494
32670,2,-5.136914,2.1684117
137295,0,-2.9776533,-6.5425644
12511,1,8.35204,-0.017715938
36638,0,-3.603819,-8.026211
174600,1,8.436124,0.68671215
59900,0,-3.0589144,-6.28841
183572,4,-4.610926,4.1498413
146917,2,-4.1608763,2.3707495
42706,4,-4.3822794,3.7263622
93856,4,-3.6905303,2.5540974
110545,0,-3.1048303,-7.3499775
97643,4,-5.2514806,3.7048707
16328,1,8.4187565,0.052436262
135204,3,-2.284794,-3.6384003
119149,1,7.676157,0.2925538
162779,4,-4.5132155,3.7240427
52990,1,4.68092,-4.7425795
15872,1,8.589644,0.73283005
20818,1,8.855743,1.3347281
97974,0,-3.1671236,-8.432363
91984,0,-3.5520961,-8.87028
179577,0,-3.6808636,-7.156195
32516,4,-4.47184,3.855889
18097,1,8.4524145,0.76080483
166348,1,8.8242,0.8127912
14146,1,8.725439,-0.102334745
114709,0,-3.5722647,-7.20834
95991,3,-2.342122,-3.19174
99747,0,-3.2334797,-7.2630477
2344,4,-4.210685,4.1353774
185127,0,-2.9593482,-7.4884343
27050,0,-3.308166,-8.117101
113160,0,-3.556297,-8.464052
160139,1,8.847685,1.0026112
34540,4,-4.51201,4.307193
18243,1,8.745801,1.2355527
42230,1,8.71495,1.1580204
31240,4,-4.31983,4.0894337
84678,2,-4.3958254,3.0871983
104705,4,-4.548835,3.996704
10709,1,8.792937,1.3132244
30594,1,8.73869,0.9776188
86031,2,-4.3987813,2.9010358
31834,2,-4.5234537,2.6411545
17535,1,8.39484,0.2045333
23913,1,8.518433,0.19804594
32344,1,8.67775,0.64565635
162485,3,-3.0116382,-4.6017966
150956,2,-3.9027352,2.1039283
182873,1,8.412912,0.6934273
192475,3,-2.3478272,-3.2299278
24569,0,-3.8426015,-8.436588
110599,4,-4.4512663,3.8607876
28026,1,8.523665,0.16399574
37124,4,-5.1172633,3.8377423
112889,1,8.680428,1.185044
96887,1,8.24215,0.18932596
161946,1,8.695901,1.2205219
21842,0,-3.5480568,-7.4348445
174716,4,-4.5347867,4.0461397
49022,1,8.675745,-0.120110884
8515,1,8.720708,1.3352847
12941,2,-4.323592,2.5466344
89002,3,-2.5173383,-1.3547101
21659,1,8.809083,1.0721997
165461,4,-4.333782,3.7458804
15150,4,-4.291527,3.7857583
177395,2,-4.1475763,2.218467
32386,4,-4.394891,4.003914
86490,1,8.717673,1.295187
27370,1,8.354035,0.1830317
172185,1,8.199928,0.93224955
17635,3,-2.8646655,-1.1048367
27485,4,-4.5053535,4.0291324
15959,1,8.654193,1.0504239
15731,4,-4.4461455,3.5062447
19903,4,-4.5912943,4.012257
59726,0,-3.2381198,-6.6157455
110368,2,-4.5890985,2.7476969
12830,1,8.289149,0.18925883
34472,0,-3.4926724,-8.850182
165932,3,-2.919158,-3.4459589
167125,4,-4.611429,4.062725
162402,3,-2.706249,-3.3342826
86037,3,-2.6049354,-1.4278629
189719,4,-4.083729,3.6116173
90256,4,-4.513308,4.034199
28257,2,-4.6096897,3.438641
102577,4,-4.577494,3.8990488
100167,0,-3.3716302,-8.026177
15556,3,-2.5662558,-1.6494586
47123,1,8.371079,0.12791836
178040,4,-4.616099,4.0624123
106084,1,5.5231347,-4.6860404
21856,0,-3.5537932,-7.325368
177879,4,-4.464066,3.9600809
8592,4,-4.370097,3.6613386
129540,0,-4.057053,-6.6011553
44798,0,-3.5264056,-7.3240156
169817,4,-4.5885057,3.863953
23439,1,8.837056,0.7058368
21823,0,-3.5973024,-8.536458
161046,4,-4.405035,3.8947089
94337,1,8.693334,1.1740663
19603,1,8.545878,0.5964642
178419,2,-4.715599,3.0809822
169658,1,8.219057,0.23687927
87935,1,8.887919,0.9471057
29412,0,-3.4769154,-7.8181677
190845,2,-3.9062982,2.6367157
169484,1,8.805869,1.3492666
150974,4,-4.5056076,4.038761
50758,1,5.8121433,-5.0354023
21610,2,-4.4744825,3.0107017
21332,4,-4.479518,4.273526
27440,0,-3.4625735,-8.3448715
109718,0,-3.5032485,-8.629625
49966,4,-4.404583,3.9274116
13024,4,-4.5851016,3.432278
105706,4,-4.144705,3.2095006
165380,2,-4.2594786,2.4016469
19404,2,-4.516615,2.7762418
27037,0,-3.380353,-7.5056434
42233,1,8.834856,1.244937
21789,0,-3.046288,-8.333427
147159,0,-2.8780677,-5.689238
34577,0,-3.6605952,-8.619646
22046,4,-4.5266056,4.0499372
93667,2,-4.4221344,2.5745556
159281,1,8.706082,1.3888973
21453,4,-4.46089,4.2664304
145278,4,-4.251363,3.5938396
149707,3,-2.5147321,-1.3898648
47810,4,-4.197068,3.7075973
180812,0,-3.5458388,-7.4638653
86463,3,-2.786905,-3.2991703
97036,4,-4.2954907,4.1717963
188552,3,-2.6378708,-2.4135115
100093,0,-3.9646814,-8.327937
106563,2,-3.578096,1.7952502
49990,2,-4.4271398,3.0457752
98371,4,-4.5469384,4.285396
97344,4,-4.308183,3.8804693
86078,1,8.379602,0.18752818
169620,4,-4.5888076,4.0012183
21882,3,-2.328373,-1.3124123
102051,3,-2.985328,-1.7521096
162651,1,8.932498,1.1338066
60891,0,-3.3462481,-6.467449
176133,4,-4.193122,3.819046
107813,0,-3.539691,-8.884262
18210,1,8.500239,-0.07893663
117324,2,-4.476418,2.3835437
7790,1,8.63216,1.0898676
77142,1,8.787636,1.0859494
113719,4,-4.5088544,4.241618
152934,2,-4.375151,2.4703364
93459,1,8.63259,1.2469136
168368,2,-4.0630994,2.470078
173144,1,8.420375,-0.040959425
175154,4,-4.328168,3.6644363
77132,1,8.827155,0.5876769
149694,4,-4.251488,4.009624
43718,0,-3.460535,-7.4614234
111516,0,-3.7915556,-8.483675
37280,1,8.665038,0.9159216
96538,4,-4.525137,4.060641
20090,1,8.809969,0.9161402
41233,0,-3.5900853,-6.991903
10835,4,-4.014768,3.4470353
15204,2,-3.9899237,2.325423
26020,1,8.659241,1.4142096
34613,0,-3.6414802,-8.544936
128155,4,-4.147003,3.9545932
86300,1,8.616742,1.1452649
165851,4,-4.2755756,3.4149795
111411,4,-4.4021063,3.9378777
82733,3,-2.8938925,-2.514598
187083,2,-4.060114,2.6049147
19078,1,8.629706,1.3402419
161706,4,-4.3611236,3.9487145
93716,2,-4.304044,2.997699
79586,2,-4.2012305,2.4322348
166479,4,-4.176569,3.672329
25407,4,-4.362696,3.9532316
82525,4,-4.1306367,3.4810615
89159,4,-4.2190895,3.9089923
31314,4,-4.4909396,4.0918055
178646,2,-4.4504404,2.4934435
25581,3,-2.7491398,-3.253598
102426,3,-2.9778864,-2.5991175
175441,3,-2.6012833,-1.8880523
168413,3,-3.238157,-4.6406803
166767,4,-4.4791207,4.0482073
87897,1,8.506494,1.0113659
102054,1,8.6172495,1.0545782
158005,4,-4.3405285,4.06676
18478,4,-4.3146024,3.9207604
149197,1,8.538449,1.4636083
29181,4,-4.6632543,3.8144383
144809,4,-4.189218,3.5177743
162826,3,-2.5460567,-1.7168261
174901,2,-3.9659212,2.2787592
167944,2,-4.4779053,2.7160811
17863,4,-4.388334,4.039388
104370,2,-4.3432207,3.0694096
83041,3,-2.96201,-2.7495108
25868,3,-2.6238925,-3.6540205
117269,2,-4.477076,2.5195699
50254,1,8.90242,1.1056381
27435,0,-3.6640525,-8.408523
11159,1,8.876225,1.2941295
25690,3,-2.613665,-1.466643
151235,2,-4.457523,2.720504
165937,3,-2.8723092,-3.307523
59835,0,-3.3676755,-6.590196
94998,3,-3.0396311,-1.1780733
157989,4,-4.416781,4.0942726
5559,1,8.47531,0.9425387
85447,3,-2.7777927,-1.9139161
30389,0,-3.403872,-7.396468
175806,4,-4.536305,4.185829
83873,1,8.563603,0.7452388
127954,4,-4.0610766,3.6240222
37475,1,8.679982,0.975847
80755,1,8.562607,1.4603552
18037,3,-2.8263493,-3.558199
88614,0,-3.2901268,-8.333089
5822,2,-4.399676,2.6975155
21045,1,8.480414,0.37036955
60717,4,-4.096549,3.8835378
190074,1,7.904189,0.032719757
14676,1,8.75647,0.45570117
48506,1,8.46786,1.0135845
48460,4,-4.54881,4.0739717
149292,1,8.442881,1.2150103
118114,4,-4.4697022,3.9153755
27549,4,-4.606146,3.9414356
134109,0,-3.0674534,-6.248639
32667,2,-5.2553177,2.5847168
39033,4,-5.198132,3.4826653
24937,2,-4.452723,3.1404123
154566,1,8.567253,0.27623
75180,1,8.77778,1.2859824
72968,1,8.498757,1.4257534
12490,4,-4.5177484,3.9728594
107126,2,-4.325123,3.3596187
114287,3,-3.060105,-3.0589168
15785,0,-3.6258073,-8.548307
79580,4,-3.7090695,3.281903
51522,1,8.5815325,1.2094617
23020,4,-4.4809313,3.9708023
115447,1,8.38249,0.96242565
26190,4,-4.33995,3.8210921
136448,0,-2.878418,-7.1791706
106956,2,-4.484584,2.4596052
4006,1,8.800836,1.2197692
10991,1,8.745312,1.4060751
60619,4,-3.9886374,3.729073
104452,4,-4.597312,4.0224886
12448,1,8.413909,-0.039218765
15664,2,-4.2765064,2.5887759
26727,2,-3.9590673,2.279024
167997,1,8.559035,1.078534
85424,1,8.143619,0.2668076
89330,0,-3.3519824,-7.5766587
180987,0,-3.3752847,-8.766561
8426,1,8.580907,1.0281501
44456,0,-3.5295486,-7.418914
176607,1,8.603915,1.2073126
29723,2,-4.3161697,2.1538787
83902,1,8.415648,0.25282976
48139,4,-4.3583975,3.6494076
113566,0,-3.4735625,-8.684
189605,4,-4.2845325,3.2979739
110912,4,-4.582682,4.13457
11865,1,8.6712475,1.1548254
152343,1,7.8617735,-0.033398066
40285,4,-4.3397837,3.8045158
157124,4,-4.365639,4.047988
154024,1,8.01743,0.15780514
111299,2,-4.4445252,3.2535427
33415,4,-5.093198,3.8145852
20245,4,-4.593717,3.872493
99191,0,-3.2994244,-7.4465694
92527,1,8.93956,1.0696837
103640,2,-4.5832305,2.6896966
94902,3,-2.9504542,-3.443116
9776,1,8.880994,0.80156904
183922,2,-4.5579143,2.6123087
92196,1,8.422524,0.27215487
190759,0,-2.5019262,-4.667837
42839,4,-4.5156035,4.1765833
155014,4,-4.478155,4.002456
113605,0,-3.5426304,-7.3194923
115293,0,-3.041777,-8.142414
1689,4,-4.3784432,3.5251017
46016,4,-4.357296,3.7838335
89794,2,-4.493093,2.5130134
62199,0,-3.0098832,-6.3167734
90964,4,-4.3301654,3.7110958
90624,1,8.9830265,0.8535435
11270,2,-4.4511194,2.5931523
2458,1,8.790249,1.2638223
80507,2,-3.5585837,2.731874
137102,3,-2.7367597,-3.6042743
176680,4,-4.577775,4.120665
171565,4,-4.4935727,3.6827185
85994,1,8.351199,1.101671
91325,1,7.956796,-0.09951814
179177,0,-3.4105687,-8.609073
32458,2,-4.5594,3.1460857
21677,2,-4.703237,3.045198
141218,2,-4.1349463,2.436851
19896,4,-4.6385894,4.1199045
79513,1,8.622329,1.286137
154845,4,-4.6383257,4.0844226
70300,1,8.684952,1.3091661
159254,1,8.590744,0.7428201
177876,3,-2.7194183,-1.3580816
79279,3,-2.8397439,-3.8445415
20814,1,8.593736,0.9696115
119942,3,-2.8781564,-3.6651273
77022,1,8.236698,-0.22221535
89909,1,8.459407,-0.05644375
154737,4,-4.1750917,4.1281443
43844,3,-2.733428,-2.5448892
164074,1,8.155227,0.18466946
88624,0,-3.4506786,-7.3318863
108881,0,-3.3955276,-7.255868
51400,1,8.426668,1.6672088
42421,0,-3.5221715,-8.456592
112722,2,-4.344912,3.1161337
165460,4,-4.343294,3.741087
80431,1,8.693077,0.17324507
79764,3,-2.85001,-1.7307419
80520,1,8.590686,1.278247
36539,0,-3.0639372,-6.9635534
85139,2,-3.2422333,2.3421938
149682,4,-4.3079686,3.993705
85978,2,-4.300733,2.2319658
41087,2,-4.1683493,2.5838673
161009,2,-4.247276,2.6725974
93232,0,-3.0611641,-7.2591124
14912,0,-3.233996,-7.5380425
18405,4,-4.37591,4.022186
79859,2,-4.470305,3.145584
27175,1,8.848979,1.33921
123542,4,-4.1468883,4.001049
30732,2,-4.3351264,2.4549706
31627,1,8.160131,0.17682238
169007,1,8.157101,0.009495574
68025,3,-2.6461134,-2.6281147
163167,1,8.578927,1.026115
94462,1,8.855685,1.114565
111081,2,-3.7977781,2.3216918
27564,4,-4.532697,3.9474266
27041,0,-3.4782083,-7.4759736
38092,1,6.092593,-2.8131654
18632,1,8.916282,1.0987892
111962,0,-3.6696627,-8.657926
78962,2,-3.8303313,2.4046216
5276,1,8.504451,-0.36223406
181228,0,-3.6861413,-8.444488
38945,4,-4.4739594,3.9296737
152918,1,8.790477,1.3109357
33858,1,6.383675,-1.8905413
7490,1,8.079451,0.2789745
189565,4,-4.485766,3.651041
17318,1,5.423106,-5.395455
35300,0,-3.6968207,-8.567487
107106,1,8.582432,0.022990495
5561,1,8.646266,1.137719
141384,4,-4.1552296,3.69366
57178,1,8.448402,0.9142311
27962,4,-4.474042,3.5095253
85176,2,-4.449413,3.1706886
86689,3,-2.6328561,-1.3193811
27063,0,-3.3804617,-7.52198
156396,1,8.645768,1.2929634
97258,2,-4.4950886,2.5415654
80480,4,-4.3782897,3.4185402
42794,1,8.53574,0.014902257
86502,1,6.473638,-2.1949172
165961,3,-2.5983524,-1.0430207
23311,1,7.9572845,0.019012006
8611,1,8.18567,0.012600757
92286,4,-4.69452,3.8017392
26083,1,8.786308,1.2498189
26041,1,8.721267,1.05802
180039,0,-3.6924202,-8.596169
82352,1,8.65613,0.6869196
147431,4,-4.380444,3.786451
122228,4,-3.9492948,3.837395
90547,1,8.925784,0.86649877
16259,1,8.488007,0.06208531
87756,1,8.74406,1.2888718
93428,4,-4.4027433,3.8367019
6302,4,-4.3906865,3.7459192
83888,4,-3.964187,3.801674
22106,1,8.507186,1.1309632
72685,1,8.060762,0.19380458
11899,2,-4.5589256,3.0123384
78171,4,-4.313026,3.4523954
29202,1,8.553897,0.009801714
189639,1,8.697232,1.1998373
83489,4,-4.5441823,4.0987277
74618,1,7.9315863,-0.1150824
183971,1,6.0429907,-3.4090009
35786,0,-3.206866,-7.931593
29449,0,-3.5007467,-7.231354
91937,1,8.637842,1.0962313
185740,2,-4.0773306,2.3485565
25694,4,-4.5014253,4.211527
85545,4,-4.302341,3.7459626
116750,4,-4.6222277,4.103778
88993,1,8.438867,-0.100852974
162023,2,-4.339146,2.5100253
171243,2,-4.0730834,2.4170358
33371,4,-4.5701823,3.785356
97851,0,-3.7000957,-8.440752
96148,2,-5.0380106,2.4054942
12196,1,8.815313,-0.10587313
22016,1,8.652035,-0.07564308
81860,4,-4.4502525,3.9442618
184274,1,8.777873,1.0902933
94521,1,8.206753,0.31393477
48295,0,-3.614066,-8.659495
57083,2,-4.2972627,2.2207613
78734,1,8.737318,1.2380359
50378,4,-4.314902,3.4751258
27310,2,-4.351424,2.4760625
94590,1,8.728586,1.4407516
12521,1,8.610216,0.96189666
96859,3,-2.683851,-2.8236327
22004,1,8.604602,0.94582707
91915,4,-4.4337816,4.184783
180364,0,-3.6464906,-8.603353
43626,1,8.635303,0.630601
17025,0,-3.3824651,-7.889842
107941,0,-3.3321676,-8.733839
161980,1,8.854523,1.2681437
98335,2,-4.598857,3.40284
82897,3,-2.8013577,-2.3534093
118809,3,-2.5178144,-3.043431
163953,2,-4.3597126,2.5613308
176992,2,-4.6900015,2.8397129
24298,1,8.818566,1.4116045
76928,1,8.437229,0.0038742248
112162,3,-2.7439795,-2.712961
94287,1,8.536937,0.2633848
106848,1,8.742756,1.229275
176303,4,-4.510982,3.9562817
171002,4,-4.6504116,3.7841947
33982,4,-5.1666985,4.127135
177767,4,-4.398736,3.8727982
29242,2,-4.178988,2.2932591
10869,3,-3.0505872,-2.3507466
145169,1,8.719744,1.2920811
147048,2,-4.247352,2.1401584
5834,1,8.828811,1.2132826
48080,1,5.9459414,-4.538868
50077,3,-2.303013,-3.174728
40491,0,-3.5537226,-8.722645
107389,4,-4.5486665,3.848161
2353,1,8.772327,1.2320625
10210,1,8.392599,-0.02315166
51753,4,-4.284388,3.938197
109255,1,8.22983,0.30537942
16296,1,8.709032,1.1049201
38913,1,8.662267,1.1669233
12615,4,-4.3666267,4.1368804
22673,0,-3.0756207,-7.5729637
162687,4,-4.511777,4.006484
36580,0,-3.3812253,-6.9440136
170420,2,-4.603226,2.5477679
148957,1,8.659491,1.3148469
155975,1,8.298204,-0.19950403
174353,4,-4.457819,3.618496
131616,0,-3.2794094,-6.4347167
11386,4,-4.2207212,3.8194458
7525,1,8.250978,1.049813
79735,1,8.671683,0.65421647
167542,1,8.538232,0.0139726885
163354,1,8.905613,1.2353886
60217,1,8.2429495,-0.21841967
171108,1,8.311595,1.1618688
78122,1,8.481693,1.1683824
95497,2,-4.4838715,2.3092334
49021,1,8.646077,1.1496307
182556,0,-3.7179613,-8.262649
183840,0,-3.5659356,-8.482687
52737,4,-4.360519,3.8683038
51455,4,-4.305411,3.7722166
185789,0,-3.1873863,-8.271608
112995,4,-3.661589,3.215846
163732,1,8.343853,0.99016225
70354,2,-4.2775197,2.5481064
91291,1,8.458473,-0.001891774
75285,4,-4.4104104,3.9075265
6977,0,-3.3086276,-6.9109483
29804,1,8.607198,1.2158681
108849,1,8.02401,-0.2149328
102389,2,-4.2552953,2.4541688
83589,1,8.721668,0.7255492
156086,2,-4.2801666,2.6798978
61232,4,-4.412865,3.6648605
81923,4,-4.426862,4.1907263
167421,1,8.5152025,-0.40919733
183086,1,8.238935,0.24903923
92964,2,-3.52502,2.0376692
151032,4,-4.1338263,3.876798
182145,4,-5.2546625,3.5639958
26395,2,-4.313467,2.4080985
167273,1,8.804135,1.2207823
14830,2,-4.3208284,3.0585122
45873,4,-4.4196553,3.8529506
32238,1,6.1600842,-5.2440886
62587,0,-3.8345895,-6.609708
61336,4,-4.339276,3.2343173
103445,4,-4.5920815,4.2395453
3578,2,-4.246844,2.2646687
14777,4,-4.413439,3.821178
7996,3,-2.6688142,-1.375194
150113,2,-5.1718326,3.0411499
79929,3,-2.9412315,-2.808704
91316,4,-4.443506,3.9944458
73330,1,8.193687,-0.021664744
92402,1,8.550702,-0.29070392
15088,2,-4.5752187,3.4765816
42085,1,8.557631,-0.08827779
184811,2,-4.5864363,2.6851976
156024,1,8.424783,0.4472321
187332,4,-4.3681865,4.080346
187677,4,-4.2665224,3.3636694
190715,1,8.438134,-0.07288885
115605,0,-3.3490236,-8.424997
107758,4,-4.408106,3.5177183
81846,4,-4.492942,3.8030024
89058,4,-4.4833803,4.059343
70460,1,8.456426,1.0587736
137198,3,-2.8934526,-3.4740767
38459,4,-4.4665546,4.068082
97230,0,-3.7418602,-8.733655
167455,4,-4.341548,3.6446402
64260,0,-3.1851773,-6.4966946
8388,4,-4.3223505,3.8672667
189716,4,-4.103815,3.582486
114158,1,7.92254,0.16393852
82628,1,8.742853,0.9788585
17991,2,-4.159174,2.8623004
98585,0,-3.467229,-7.4007034
88536,1,8.71613,0.304935
15621,2,-4.04065,2.8291893
34335,1,5.777029,-3.8047898
39135,1,8.820705,1.3036667
179523,4,-4.399772,3.5207045
27217,1,8.560159,1.2849606
162237,1,8.522912,0.877998
164501,1,6.0164394,-2.7298892
13956,1,8.09186,0.024143018
100840,3,-3.0236394,-3.5374506
97118,0,-3.5155876,-8.653808
168688,4,-4.0933175,3.5042737
175861,1,8.225717,-0.012870593
159140,1,8.444502,-0.059845064
153390,4,-4.365232,4.142965
48442,4,-4.522049,4.166306
15711,0,-3.3847754,-7.580197
22568,1,5.8040504,-5.2191563
149547,4,-4.2498655,3.7172472
180231,1,8.589338,0.40203494
14132,1,8.527317,0.38541937
39559,1,8.831766,1.1685627
104716,4,-4.534681,4.200588
26196,2,-4.248435,2.2870815
148959,1,8.710775,1.4315212
187770,3,-2.824861,-3.6223702
98218,1,8.6705475,0.6899634
114208,0,-3.6746855,-8.493513
113504,4,-4.432902,3.7261808
37737,1,8.644013,1.3627614
71609,4,-4.4200125,3.664948
183523,0,-3.453412,-7.1067343
83408,2,-4.1764507,2.503182
48675,1,8.728325,0.98885655
13185,1,8.803193,1.2941886
86861,1,8.808357,0.1772418
149538,4,-4.2945976,3.841032
99707,0,-3.477386,-8.823528
2514,4,-4.1593413,3.8928611
147349,2,-4.1793485,2.6031334
86306,1,8.73168,1.0654422
112841,3,-2.6375835,-2.2329
80159,4,-4.074343,3.4734948
113394,0,-3.6957753,-8.587559
182987,0,-3.343374,-7.40931
192710,4,-3.9250307,3.7569823
189936,1,8.760392,0.97058475
157311,1,8.808375,1.0399843
164329,3,-3.8795903,-3.8502166
113545,0,-3.3513796,-7.705498
117891,3,-2.9107587,-5.145455
163370,4,-4.404865,4.092861
41501,2,-4.1283984,2.517046
157717,4,-4.4148436,4.0046473
38901,2,-5.3276796,2.300359
114243,0,-3.4144943,-8.592774
35788,0,-3.1260104,-8.289685
82756,2,-4.4484735,3.0420692
144564,1,8.574882,1.4368765
115627,4,-4.671716,3.591749
111407,4,-4.582284,4.0241942
186180,1,8.359152,-0.081539474
114789,4,-4.5086627,4.246706
191625,4,-3.6853402,3.104102
81289,1,8.395875,-0.21799663
148966,1,8.741805,1.2979269
151025,2,-4.3366094,2.2562637
148063,4,-4.386463,3.740099
62572,0,-3.9853609,-6.5699744
187276,2,-4.3365645,2.4154916
130121,3,-3.0466754,-5.0368586
38024,4,-4.3988414,4.0338073
103700,2,-4.6571965,2.7337239
90769,2,-4.420014,3.4070995
95746,3,-2.8392494,-2.833537
167687,1,8.602403,1.2391834
161631,3,-3.0346255,-2.2320478
45459,1,8.758617,1.1272646
36494,0,-3.306921,-8.815881
144069,1,8.611972,1.1830595
87464,3,-2.4966466,-1.4968626
81696,3,-2.8394465,-1.2630519
94651,4,-4.4153385,4.1478314
161636,1,8.307659,0.045389075
17861,4,-4.371099,4.05184
100618,0,-3.4115329,-7.566145
135044,3,-2.191671,-4.791099
136435,0,-3.5166843,-7.0124235
182841,2,-4.1258597,2.4511695
146450,4,-4.1420517,3.8721814
182569,0,-3.559047,-8.628444
93771,4,-4.5094504,4.2429657
109503,1,6.2301474,-4.7642064
179264,2,-5.1554074,2.44377
148008,4,-4.299067,4.018906
23424,2,-4.2974963,2.6335952
28185,4,-4.6002235,3.94257
25204,1,8.437506,1.2549943
167963,1,7.833465,0.1259598
162180,3,-2.7806723,-1.9101781
96843,3,-3.6214597,-3.3095422
156522,4,-4.0201674,3.6890802
109028,0,-3.508694,-7.473795
159325,1,8.627608,0.92932785
74427,1,8.308951,0.8304642
149499,2,-4.115001,3.0395823
136620,3,-2.3157446,-3.27855
78584,1,8.312962,-0.039561216
143899,4,-4.2084455,4.1095605
98566,0,-3.092784,-7.370511
109598,0,-3.4472249,-8.693699
150110,2,-3.500125,2.9719691
147576,1,8.72562,0.14979653
157122,4,-4.326754,3.5903146
31431,3,-2.1813507,-2.331039
21468,4,-4.4013524,4.2406445
11245,1,8.708371,0.9211609
174173,2,-4.597729,2.4729903
19959,4,-4.5026474,3.8294904
174985,1,5.627052,-5.0319757
51528,1,8.350709,-0.27039653
175587,4,-4.434205,3.8150306
23469,1,8.782678,0.84367853
15197,1,8.42638,-0.19755387
141613,2,-4.468566,2.5385818
155180,1,8.291363,0.13208166
154861,4,-4.4093137,4.20261
26551,2,-4.375791,2.5660083
112816,3,-2.5769553,-2.9590194
17241,1,5.804369,-4.4500513
45711,1,7.8700433,0.10793894
18306,4,-4.5267243,3.8990126
161648,1,8.473254,1.0827041
100085,0,-3.6700737,-8.225174
112968,0,-3.1352859,-8.112887
179530,4,-4.417831,3.821815
79935,2,-4.4318633,3.0774174
6121,2,-3.9980793,2.1577516
4895,3,-2.8133738,-1.3186481
5494,4,-4.439549,3.891024
94628,1,8.487547,1.2686605
25354,4,-4.6223564,3.9514856
21656,1,8.816058,0.556702
42718,4,-4.358497,3.7760055
84464,4,-4.352419,3.8778284
98820,4,-4.4017873,3.6142097
147982,2,-3.72271,2.2176113
109091,2,-4.2154307,2.5399125
134593,3,-2.4165094,-3.8795645
83733,4,-4.322089,3.6627588
89955,1,8.579746,0.99393785
162654,1,8.958746,1.1220896
150049,3,-2.557848,-2.9845688
117905,0,-2.6224082,-4.9943767
30783,1,8.186849,0.24181183
13239,1,8.477362,0.4005663
18901,0,-3.5574956,-8.611245
107244,2,-4.45926,2.306354
88668,4,-4.5821514,3.834905
108404,0,-3.1119988,-8.028565
62337,0,-3.2721763,-6.418698
180213,2,-4.233362,2.5869718
13163,4,-4.5141463,4.292425
149343,1,8.64441,1.0838723
180682,3,-3.3191664,-3.428374
30161,1,8.559676,0.8208325
12740,3,-2.4674616,-1.5846668
154889,4,-4.219169,3.6378284
77823,3,-3.5153887,-2.9365096
21795,0,-3.4230607,-8.06888
83306,1,8.367264,0.0035441078
118927,3,-2.8487248,-4.7513585
180714,0,-3.376401,-8.428898
123833,3,-3.187959,-2.9258013
165708,2,-4.600238,2.7338421
163371,1,8.726075,1.3158094
100841,3,-2.8315773,-1.3936065
107937,0,-3.0254803,-8.407042
26713,4,-4.551634,4.1703076
39841,3,-2.7156715,-1.507789
18579,0,-3.6030252,-7.7415013
22181,2,-4.603081,3.1997616
92153,1,8.634699,1.021905
129657,0,-3.3246095,-6.4110537
160264,4,-4.4411893,3.8686056
177658,1,8.545283,0.86219925
29882,4,-4.4341717,3.9284246
117410,2,-4.434558,2.3289182
104851,4,-4.475164,4.149564
33211,2,-4.1692023,3.1141775
173095,2,-4.3683333,2.558523
100398,4,-5.057334,3.7263942
4034,4,-3.7806346,2.6255412
164533,2,-4.156533,2.9553168
12115,4,-4.068181,3.9171915
99724,0,-3.4853442,-8.906748
174845,2,-4.709228,2.6029422
20808,3,-2.8814158,-3.2182167
151180,4,-4.44234,3.9703074
28156,1,8.213968,0.20769918
135931,0,-3.3998435,-6.6716466
104601,1,8.4413395,0.19131114
154629,2,-4.125203,2.7245274
144079,4,-4.2912755,3.9454613
151024,4,-4.3522863,3.9652328
13591,1,8.831372,1.1995518
187758,0,-3.2182274,-7.1788616
25628,2,-4.6773324,2.637435
20809,1,8.737236,1.0885212
166637,4,-4.4845805,4.165276
179848,2,-3.6112232,2.4526682
11905,4,-4.488889,3.7221005
19866,0,-3.3085063,-8.346717
78143,1,8.503888,1.5458901
49170,1,4.8357673,-4.6620336
7620,4,-4.214478,4.149453
41391,0,-3.2947998,-7.6457334
14202,1,8.368917,0.13262022
181207,0,-3.6184595,-8.394267
87720,2,-4.409609,3.2004366
82844,1,8.565954,0.37493786
186056,1,8.608448,0.22519226
148056,3,-2.7814088,-2.3742344
150276,1,8.761589,1.1624588
89446,1,8.418685,0.6257796
13015,4,-4.4415236,4.076199
23,4,-4.2843623,4.0464416
77146,1,8.206114,0.10675778
181612,1,8.6418705,1.0883245
15048,1,8.7096615,1.1822934
96850,1,7.8462195,0.12067713
180601,1,8.054199,0.15967193
154695,4,-4.567521,4.1352506
87220,1,9.125981,1.0338123
169660,3,-2.948968,-1.9462408
150998,4,-4.3682966,3.914858
149484,3,-2.7837996,-2.4736402
89347,0,-3.2276742,-8.190175
108865,0,-3.5152597,-7.157669
149739,3,-2.7563088,-1.20807
10,4,-4.3416357,3.8378813
168675,2,-4.4772315,3.3220131
123963,0,-2.3718016,-4.2028384
103118,4,-4.4804044,3.8905377
111405,3,-2.7471905,-1.439031
101172,0,-3.8466616,-8.686023
17388,0,-3.421131,-7.4866934
101313,2,-4.7297487,3.0717335
86634,1,8.388917,-0.15721352
19030,1,8.575101,-0.31010088
172024,4,-4.363278,4.2935004
96217,1,8.581696,1.2356395
86460,3,-2.8280768,-3.246347
58199,3,-2.5495667,-2.7257624
92008,0,-3.1943676,-8.32306
12111,4,-4.310519,3.895997
94765,0,-3.2841375,-7.7951345
151,2,-3.9869354,2.4083838
62139,0,-3.2359638,-5.6696744
100939,0,-3.6075146,-8.460305
167494,2,-4.419227,2.8154192
179214,0,-3.7299516,-8.924484
157413,4,-4.4684477,3.5422127
93655,4,-4.260783,3.9045784
123457,4,-4.294282,3.7023883
5191,1,8.577781,1.1112552
38501,2,-4.4635,2.3047745
36921,4,-4.073489,3.836289
104399,4,-4.655319,4.133864
192781,2,-4.2914925,2.3367212
2655,2,-4.3091903,3.2595809
91303,3,-2.6682584,-2.172917
69845,1,8.595093,0.8527326
154600,2,-3.953212,2.438372
20297,1,8.395198,-0.03586037
12940,1,8.740783,0.97181463
2351,1,8.79561,1.2386471
101208,0,-3.8035247,-8.637771
70222,0,-2.9966917,-4.6522684
14645,4,-4.37315,3.8676429
137659,4,-4.3317533,3.8073895
35306,0,-3.1941159,-8.208863
110113,0,-3.483586,-7.3543115
92250,4,-4.4968767,3.7857099
7244,4,-4.285294,3.8947797
5272,4,-4.4120684,4.2567396
7774,1,8.841897,1.2655329
149233,1,8.455006,1.2666866
147467,1,8.418169,-0.08300388
104527,4,-4.3404803,4.149798
184743,1,8.338034,0.31452712
149863,4,-4.3419995,4.2021303
149633,1,8.268833,0.55185914
39075,4,-3.845154,3.217646
167862,2,-4.277671,3.4784303
14745,2,-4.430974,3.01171
79478,1,8.426576,0.04820975
176307,4,-4.3253856,3.8457737
88303,4,-3.9033942,3.3151197
149274,1,8.675257,1.3866447
60726,4,-4.118099,3.8453631
146731,1,8.50912,-0.30826908
3159,3,-2.6441731,-3.7084718
85658,1,8.745766,0.91806316
157620,1,5.4465556,-4.1331506
94373,1,8.679753,1.0307192
24307,1,8.418623,0.24425162
15641,2,-4.527188,3.549404
149358,2,-4.321206,2.9059162
32391,4,-4.499384,3.935139
75071,3,-2.5819695,-1.5472999
9765,1,8.775193,0.99811655
88566,4,-4.6206627,4.079345
69584,1,5.879903,-4.6375837
89598,1,8.805721,1.0891964
11070,1,8.728409,1.2473015
156156,2,-4.251772,2.5869591
154228,4,-3.579159,3.166053
45614,0,-3.6471288,-8.496926
88810,1,8.558204,1.068485
79531,1,8.816152,0.8361963
87623,1,8.765219,1.1739669
177733,4,-4.5089087,4.2671146
18902,0,-3.445068,-8.89907
180442,0,-3.7459705,-8.407608
21998,3,-2.580143,-1.7631737
152622,1,8.123718,0.13080895
36518,0,-3.705282,-8.6488695
86682,4,-4.5742445,4.1269274
15143,1,8.733601,1.1892673
162914,1,8.212517,-0.20657054
97270,4,-4.5728884,4.408334
10942,1,8.52293,1.067719
85079,1,8.593846,1.0980036
108094,2,-4.174132,2.360352
176952,4,-4.387318,3.6508572
99560,0,-3.4610777,-7.7310605
26372,0,-2.8147037,-7.441408
97226,0,-3.6263087,-8.910283
169476,2,-4.3875294,2.7818868
31786,0,-3.466313,-7.777262
149122,1,8.718078,1.1173719
153824,1,8.527906,1.366628
189533,1,8.184526,-0.049779963
19051,4,-3.867106,2.7951074
80395,1,8.435651,-0.09050023
176819,2,-4.1421075,2.609491
107109,1,8.008412,0.4081111
152253,1,8.836997,1.154386
39290,1,8.568652,1.0189672
8067,1,8.242735,0.030214999
28360,4,-4.546244,4.2185645
37595,4,-4.47178,3.870959
87333,2,-4.495588,2.7183487
91305,1,8.649924,1.058989
100650,0,-3.394904,-7.5485463
50710,1,5.4782643,-4.7062597
153866,1,8.002949,0.121999644
182991,0,-3.642676,-8.737723
51676,1,5.4316053,-4.2984524
88344,2,-4.328262,2.9754589
147994,3,-2.6946735,-1.3080022
19837,0,-3.8765075,-8.153614
160239,4,-4.4532356,3.9997623
192764,4,-4.244192,3.8290913
48766,4,-4.503739,4.085433
186488,4,-4.3993344,3.948204
171682,3,-2.7368577,-1.2688766
42064,1,8.708543,1.206908
79093,1,8.360901,0.06874315
178277,1,8.335436,0.18849012
77078,4,-4.459815,3.8519282
112967,0,-3.7046933,-8.771542
169694,4,-4.4293566,3.805975
1474,4,-4.4192023,3.925269
44533,3,-2.3704128,-2.9642189
19003,2,-4.4942217,2.687839
154726,4,-4.26023,4.087701
7846,2,-4.2150726,3.2320125
15848,1,8.863015,1.200919
43624,2,-5.0314746,2.456633
19930,4,-4.6197205,4.1361217
153586,1,8.631079,1.6973768
157507,2,-4.2523303,3.1717677
27297,4,-4.3127265,3.9311485
161842,1,8.754219,1.1399506
119650,4,-4.4928436,4.23809
107387,4,-4.549847,3.851255
39716,1,8.522763,1.0957079
111839,4,-4.244899,3.5989368
14757,4,-4.222297,3.9548593
37358,0,-3.249064,-7.4247637
26676,4,-4.4247565,3.9905808
36196,1,5.934417,-5.2763104
104841,4,-4.4088535,4.0991197
48552,0,-3.5347135,-7.4083686
174344,1,8.514899,0.4525167
151674,1,8.538902,0.60327053
12261,2,-4.468103,2.5208194
153996,2,-3.9848638,2.811348
12929,4,-4.538765,4.1367173
60338,0,-3.253489,-6.618036
99751,0,-2.96993,-7.2551026
114387,2,-4.5953355,1.8996577
163277,1,8.962712,0.5745537
18648,0,-3.6904447,-8.4247
51693,1,8.180905,-0.067346394
187254,1,8.790349,1.1515547
26685,4,-4.410232,3.9161866
14226,4,-4.50827,4.283488
178955,2,-4.871354,2.1112483
152901,4,-4.434103,4.2468314
108300,0,-3.5464103,-7.5086427
147460,1,8.283288,-0.14507553
15799,1,8.843365,1.4287404
189872,2,-4.4397798,2.4979367
58265,3,-2.4520009,-3.5301273
79542,2,-4.2084146,2.4995394
173932,2,-5.2123194,2.1383398
174327,1,8.676533,1.481567
92147,3,-2.911076,-1.7754883
60251,1,8.175767,-0.29017478
17805,4,-4.4517083,3.6729286
120238,3,-2.7824035,-3.3354201
29562,0,-3.0887992,-6.984833
41834,0,-3.3702993,-7.3187537
29843,4,-4.6604857,3.9557219
32322,0,-3.7443588,-8.383729
31999,2,-4.5979533,3.074657
182941,0,-3.8052886,-8.799364
94543,4,-4.309141,4.0412464
42348,1,5.9929423,-4.6163955
167819,4,-4.5235324,3.7262127
26840,0,-3.4396446,-7.675981
24953,4,-4.408087,4.093318
168016,2,-4.405266,2.4901056
155117,4,-4.564821,4.044195
136958,3,-2.4208136,-3.7091734
172504,4,-5.0892735,3.9796634
4668,1,8.278104,0.035848442
154928,4,-4.4035726,3.898689
95713,1,8.881495,1.1284696
17789,4,-4.4875855,3.7520084
130016,0,-2.5907032,-4.3983083
10009,4,-4.2439103,4.0283628
80430,1,8.475736,0.58729357
154604,2,-4.1794653,2.8351283
86135,1,8.43408,-0.22587739
155426,3,-2.807203,-2.6185262
7534,1,8.066476,0.09032945
101171,0,-3.7500815,-8.546325
83148,1,8.819047,1.1527054
13320,1,8.65723,0.96738654
15937,1,8.596286,0.7177426
10754,1,8.663017,1.1088939
81619,1,8.213041,-0.10986332
191192,2,-4.358035,2.265256
24621,1,8.196837,0.17266731
18867,0,-3.5996244,-8.725608
88136,4,-4.431635,4.119513
106263,4,-4.4846187,3.9755387
7781,4,-4.398732,3.6683636
151007,2,-4.4784303,2.871214
49662,2,-4.501433,3.3677728
180210,4,-4.657281,3.9509401
17571,0,-3.6248245,-8.769652
14529,1,8.002425,-0.07686312
19573,4,-4.5296865,4.2623506
97240,2,-4.0402555,2.527535
14122,1,8.3086815,0.66872185
145160,4,-4.362483,3.7923608
3406,3,-2.5085163,-2.6646607
19905,2,-4.667492,3.5200412
166002,1,8.444683,0.58135056
15620,4,-4.141603,3.6084554
50799,4,-4.326008,3.8888595
32563,4,-4.320939,3.9973729
159682,2,-4.148326,2.155796
27196,1,7.9735847,0.19264765
16309,4,-4.358373,3.5744066
114896,1,5.939247,-2.8036134
35591,1,8.425279,1.2022444
144302,4,-4.3596535,4.0404215
2176,4,-4.4070845,3.9951484
16112,0,-2.8679357,-7.242988
17702,4,-4.5075245,3.8255727
123569,4,-4.3467717,4.0291934
60470,0,-4.0967345,-6.751575
9807,4,-4.5819283,4.2075806
14044,4,-4.373935,4.031631
117150,4,-4.3505425,4.073048
173157,1,8.697491,0.90024394
173288,1,8.409458,0.48206344
8843,4,-4.199811,3.6491437
57437,0,-2.5958989,-6.5277534
40117,0,-3.643257,-8.985392
92622,1,8.600383,0.994307
155321,2,-4.3307924,2.3820672
102810,4,-4.5097127,4.1442323
103775,3,-2.4440608,-3.2488031
151949,4,-4.455939,4.04748
75291,4,-4.4316025,3.9962702
18536,0,-3.4143646,-7.9839516
149817,3,-2.3849938,-2.7624042
176865,2,-4.3006334,2.5068128
14725,1,8.404856,0.06391696
112477,3,-2.5831902,-2.817313
27550,4,-4.7044296,4.0142922
104242,1,5.151319,-3.1738987
4534,1,8.618231,1.1814622
48763,1,8.515104,0.7339606
144983,1,8.704816,0.90908355
32435,4,-4.5475187,4.119485
165463,4,-4.2217183,3.593645
29705,2,-4.5336475,2.614881
157648,4,-4.169535,3.6414857
145157,4,-4.4768376,3.9659169
188355,4,-4.5444026,3.8502305
95178,4,-4.5496044,4.2239504
102768,4,-4.4361157,4.1706924
173555,2,-4.4036126,2.7144127
18228,1,8.524337,1.1730862
160105,1,8.5784855,1.3548076
146411,4,-4.411535,4.0953064
98094,1,6.718398,-1.9612572
56569,0,-2.9395955,-7.199925
143905,4,-4.223345,4.15274
25395,1,8.767478,0.97453153
184807,3,-2.7332034,-3.7990665
168342,3,-2.990653,-3.5657146
113983,0,-3.5391233,-7.287603
27947,2,-4.4897466,2.2909133
36428,0,-3.545216,-7.2096367
81932,4,-4.402954,4.2391334
18362,3,-3.2388132,-1.757461
46638,1,5.932195,-4.737455
52852,4,-4.236483,3.6649358
158019,1,8.334519,0.36882812
156538,2,-4.2286115,2.4180374
22364,1,6.2758746,-5.045627
84003,1,8.279061,-0.36527225
27747,2,-4.5036383,2.635096
180547,2,-5.3454404,2.8898466
79716,1,8.1735525,-0.12837644
188880,3,-1.9991885,-3.3973367
75586,1,8.556014,0.6610113
3816,1,8.655976,1.2871594
110524,1,5.403414,-4.845629
141124,4,-4.597385,4.163616
96056,2,-4.3193903,3.1267848
18929,0,-3.485639,-7.623586
114515,2,-4.327284,3.2781641
188739,4,-4.177682,3.7352328
114830,4,-4.4046803,3.9390993
6075,2,-4.484251,3.37042
166235,2,-4.4523277,2.3473482
35434,4,-5.1413198,3.728269
27074,0,-3.3092957,-7.243422
154863,4,-4.4138775,4.1584435
59327,0,-3.0282338,-6.85419
168159,2,-4.4978538,2.8160696
108301,0,-3.3284113,-7.542792
85265,4,-4.2228975,3.2839756
118239,2,-4.0150523,1.8186729
181876,2,-4.6534524,2.7357514
150892,2,-4.1184216,2.9091175
90598,1,9.023771,0.87127763
30023,0,-3.4504473,-7.5936313
40908,0,-2.8480847,-7.3913684
92445,4,-4.527686,4.0945344
99764,0,-3.4015877,-8.86355
2595,1,8.495453,0.6722782
116947,1,8.312861,0.9728194
150897,2,-4.0622334,2.8649123
159305,1,8.454595,1.0095898
81617,1,8.3108425,0.047672044
176436,1,8.785376,1.1398441
28813,1,8.580023,1.0922587
150777,4,-4.1252007,4.0012326
16596,4,-4.4545183,4.204666
171602,4,-4.419955,3.7368574
27806,0,-3.1707027,-8.278326
150336,3,-2.8221297,-3.9529386
90724,1,8.829937,0.2825691
27285,2,-4.4023657,2.5610323
185056,1,6.293692,-1.6409191
92329,0,-3.5535557,-8.846058
157409,4,-4.3038545,3.462147
90879,4,-4.355708,3.8129508
86938,4,-4.5227757,3.3067594
44009,0,-3.5928702,-8.714765
27347,4,-4.537345,4.1518703
113581,0,-3.6286824,-8.607601
153461,2,-4.264096,2.4816365
91007,4,-3.800941,3.5675573
186194,1,8.302379,-0.032550044
160701,4,-4.3943033,4.0523825
14392,0,-3.674753,-8.444199
15269,2,-4.2224965,2.507203
178099,4,-4.440182,4.0253134
168714,4,-4.441306,3.7258306
156446,1,8.451378,0.36589155
53957,3,-3.1346645,-2.774414
178058,4,-4.537935,4.222022
115647,2,-4.10075,2.515176
37713,4,-4.4877734,3.9404447
161275,1,8.584823,1.2844778
136856,3,-2.4150624,-4.8831573
93864,1,8.506676,0.44641477
161756,2,-4.1942635,2.2759862
177898,4,-4.538812,4.122616
108313,0,-3.3822944,-7.4844
20533,1,8.762353,1.0702844
41377,0,-3.3320007,-7.648802
173695,3,-2.7237191,-2.9461172
109915,0,-3.431889,-7.416884
29529,0,-3.0650744,-6.9714403
22441,1,6.0985703,-4.8740816
154887,1,8.441949,1.4232848
189783,4,-4.491891,4.0180564
81870,4,-4.4584126,3.8051085
159153,3,-3.4188123,-2.3314838
79284,3,-2.7280798,-3.8079545
53776,3,-3.3080382,-3.5702872
173477,2,-4.624116,2.6212995
30584,4,-4.311501,3.92197
41845,0,-2.9173148,-7.379337
163549,1,8.955586,1.1325303
191162,3,-2.5552619,-2.052866
38494,4,-4.628679,4.0840197
180974,0,-3.4512172,-8.57958
113942,0,-3.4498093,-7.375604
10584,1,8.731424,1.3386133
97147,0,-3.5967329,-8.923328
81945,4,-4.3101954,4.222099
23476,4,-4.494679,4.2225943
153496,4,-3.8652108,3.5864933
187992,0,-3.2805943,-7.755861
8379,4,-4.3887215,3.6647737
5875,3,-2.872992,-2.012706
32589,4,-4.463775,4.133893
179173,0,-3.5270326,-8.881595
72556,3,-2.4821365,-2.3027356
112965,0,-3.622326,-8.464455
81984,3,-2.8295949,-2.2452312
99700,0,-3.5101535,-7.4953103
107821,0,-3.6505353,-8.670025
86601,1,8.720311,0.83451587
10831,3,-3.0816798,-2.9022498
94764,1,8.443187,1.130647
12870,4,-4.519917,3.773692
186649,0,-3.8734179,-8.220018
15110,3,-2.7466953,-1.1445042
80921,2,-3.9487057,2.2700236
155374,4,-5.3720965,4.0043488
121847,3,-2.285909,-2.2449803
92120,1,8.397191,0.88872623
29030,0,-3.365349,-7.4362106
174725,1,8.499609,1.0546722
180384,0,-3.6174426,-8.460846
40349,4,-4.1526885,3.7946985
1255,4,-4.4561396,3.9974859
82926,1,8.753591,1.3037679
80987,2,-4.3532076,3.3316622
176,3,-2.4908004,-1.527159
191007,1,8.373174,-0.16256769
13189,1,8.808214,1.3755867
111985,0,-3.2822855,-8.207545
48836,1,8.273581,0.06361755
21031,1,7.7210064,0.0327012
44515,0,-3.0837517,-7.3603253
169433,1,8.263397,0.77671796
18629,1,8.841737,0.9690314
90474,1,8.928007,0.96182775
156209,1,8.852178,0.7121406
20817,1,8.803861,1.318932
25915,0,-3.531222,-8.6227
83739,1,8.807714,1.1509507
84593,1,8.722137,1.0933263
78159,1,8.639759,1.3451829
103569,0,-3.6796632,-9.119672
164007,4,-4.5535216,3.937183
77253,1,8.145934,-0.14762038
27490,2,-4.3712435,2.554029
74732,1,8.659372,1.1991439
92815,2,-4.2586327,2.8589902
118092,4,-4.330777,4.0080485
101160,0,-3.1727233,-8.140472
39757,2,-4.5992265,2.7730365
88733,1,8.693414,1.0051656
34298,1,8.31089,1.1597035
149897,1,8.749468,0.66815996
177343,4,-4.6659737,4.1537123
168653,1,8.349602,1.3192568
166090,1,8.786678,1.0004822
86293,1,8.706784,1.067219
61404,2,-4.2831354,1.9218098
10197,2,-4.842834,2.4571512
108544,4,-4.4197693,4.150903
88802,1,8.265227,-0.064186975
180673,2,-4.3342133,2.7733345
38050,4,-4.586049,3.8590882
48903,4,-4.2753415,3.6783857
85755,3,-2.7080698,-2.0989187
112036,0,-3.6705382,-8.873692
21018,1,8.50563,1.4985257
87249,1,7.875918,0.07596036
127884,4,-4.341327,3.7290182
6029,1,7.8049493,-0.37551072
154716,4,-4.378095,4.1389585
11747,3,-2.9701788,-2.8374596
22411,1,6.210478,-5.324141
34099,2,-4.4613523,2.620964
87287,1,9.002854,1.0158525
159214,1,8.667737,0.9418461
44754,0,-3.621493,-8.659957
149271,1,8.7021,1.3805892
166459,1,8.359398,0.4266305
25765,3,-2.7556036,-3.0930967
40991,2,-4.210156,2.6063936
100921,0,-3.7196605,-8.196983
182339,0,-3.5393686,-9.008801
168051,1,8.257431,-0.0048883976
20834,1,8.396591,0.76286554
41019,1,8.560858,1.2697868
82012,3,-2.8388731,-2.3657875
7405,4,-4.227711,3.889813
87683,0,-3.2342384,-8.295874
86778,2,-4.274103,3.1307354
185187,3,-2.754074,-3.8457806
159742,1,8.274558,-0.19050822
151220,2,-3.8877835,2.1289723
83504,2,-4.4528255,3.3266914
20174,2,-4.7080274,3.2028747
81992,3,-2.7826233,-1.0804018
147666,4,-4.347533,3.9244542
19072,1,8.157968,0.037903067
182543,0,-3.9419394,-8.153822
184585,1,8.322203,0.51788586
39802,4,-4.6290565,4.244582
156509,4,-4.008812,3.9486647
127700,2,-4.1093345,2.0801303
33197,0,-3.5607882,-8.890611
176069,2,-5.12951,2.8689506
114692,0,-3.3465524,-8.367404
156064,1,8.689723,1.009906
93784,1,5.5419803,-4.936599
99605,1,8.541483,1.2555765
24165,2,-4.471251,2.8311598
88820,1,8.613801,1.2666143
14755,2,-4.155426,2.1097825
114206,0,-3.1445339,-6.991923
27275,2,-4.588382,2.6351502
101338,3,-2.6924236,-1.4004045
103448,4,-4.574475,4.294508
110109,0,-3.5376332,-7.1711345
110769,4,-4.6125693,4.042875
19864,2,-4.438395,2.6079106
1510,4,-4.4114833,4.1679535
160491,2,-4.4791603,2.3220868
27929,4,-4.556645,3.9659824
75461,4,-4.599257,3.9418235
80470,1,8.535503,0.2984197
14864,0,-3.551962,-8.351335
113110,0,-3.42545,-7.4992785
17820,4,-4.4538555,3.7611356
114829,1,8.478062,0.62547654
102828,4,-4.5150247,4.1009297
87457,4,-4.358026,4.031777
32588,2,-4.4392967,2.9695628
93594,1,8.233521,-0.03234277
24303,1,8.815992,0.28431794
78173,4,-4.3896914,3.9691257
158996,1,8.36036,-0.0945618
162753,3,-2.7247317,-2.561911
85957,1,8.660101,1.0176041
112288,0,-2.9961984,-8.182285
36730,1,8.523437,1.2387887
17234,4,-4.567553,4.313444
156213,1,8.696314,0.9059034
169614,1,8.566032,1.31792
152289,1,6.2625585,-2.7609499
174713,1,8.557254,1.1954857
116257,1,7.920493,0.2035869
190659,1,8.557363,1.5878737
22153,1,8.797516,1.0973217
24905,4,-4.3400555,3.3046432
93610,2,-4.2714796,3.459795
63320,0,-3.0949235,-6.874415
78589,1,8.64235,0.78365165
29039,0,-3.573338,-8.382835
44527,0,-3.4805713,-7.567193
149887,4,-4.178868,3.9562755
11706,1,5.915377,-4.4339795
151162,4,-4.4418087,3.9425461
98508,4,-4.50529,3.9147274
43916,3,-2.3168328,-1.7600232
104761,4,-4.062365,3.7422693
161975,1,8.492431,0.6438001
180780,0,-3.2166576,-7.3593845
103811,4,-4.4354396,4.1168866
176834,4,-4.372749,3.7419703
156481,1,8.499157,-0.3058943
108474,1,8.769606,0.37401503
100112,0,-3.700175,-8.529105
15381,1,8.711957,1.4555652
92174,1,8.388872,0.30838424
32430,4,-4.4888134,3.75145
12763,4,-4.6193066,4.313369
172042,4,-4.3432355,4.1141305
147005,1,8.930835,0.86894107
112799,4,-4.350525,4.190089
36960,1,6.2643147,-4.9717803
97454,0,-3.628237,-8.931982
96565,3,-2.593001,-2.482168
5760,1,8.729627,0.3864052
183512,0,-3.4139392,-7.0519586
13948,1,8.844755,1.2496535
181558,4,-4.532852,4.1031833
77358,3,-2.6005247,-1.3704653
180005,1,8.73301,0.9158426
161653,1,8.721636,1.0057017
109391,4,-3.9968653,3.7201505
24672,1,5.921684,-4.2709007
78203,1,8.448323,1.6111989
26575,4,-4.4265313,4.0706544
111720,2,-4.3368993,2.3714988
87537,1,8.344098,0.06474988
41855,0,-3.3905826,-7.5867796
19194,4,-4.415732,4.0894403
22025,4,-4.328815,3.8214908
23900,4,-4.575313,3.967669
37197,4,-4.1330047,3.8595464
84079,1,8.775149,1.0524906
30014,0,-3.9449596,-8.206614
49450,4,-4.439453,4.074892
159895,1,8.753253,0.7894331
9457,1,8.77221,0.6750071
187330,4,-4.374635,4.0811663
103796,1,8.610391,1.2870413
98081,1,6.504513,-2.8932807
95229,2,-4.3931074,3.1595316
80888,4,-4.0790353,3.3856175
64885,0,-3.342976,-6.461545
50692,1,8.530738,1.3922995
88703,4,-4.487048,3.5125616
76972,1,9.018934,0.9037941
158015,2,-4.2508526,2.4360833
81583,1,8.447642,0.014340642
94386,1,8.555187,0.8764381
11679,2,-4.514706,2.6903682
129369,0,-2.6656868,-6.191811
111232,3,-2.557465,-3.5008907
31876,1,8.853525,1.295931
184895,4,-4.6235266,3.8171976
80026,4,-4.342079,3.9806998
189773,2,-4.3125377,2.257555
36841,0,-3.2534087,-7.927497
110447,4,-4.501558,3.6338727
47134,4,-4.2747955,3.893871
10749,4,-4.1265416,3.928957
27821,2,-4.4075074,2.6007774
148020,3,-2.6138458,-1.4025586
163503,2,-4.125051,2.411583
173384,1,8.577232,-0.19006139
53751,3,-3.510646,-3.8733947
110788,2,-4.4607816,2.22126
160135,1,8.391689,1.01343
158584,1,8.513658,-0.004679847
166107,0,-3.4937713,-8.736662
169655,4,-4.5487404,3.9637556
166766,4,-4.498532,4.044245
99492,0,-3.4734566,-7.6571293
151182,4,-4.4884744,4.1278186
171721,1,8.654077,0.25602284
53525,3,-3.0934715,-3.8001595
32888,4,-3.7380488,3.305354
32309,0,-3.5547185,-8.83498
12800,1,8.30694,0.43158874
19736,1,8.552913,0.4890643
156813,2,-4.4360313,2.4201088
12527,2,-4.683866,3.3687599
118118,4,-4.449771,3.919096
166370,4,-4.5567083,3.8237395
78228,1,8.515288,1.3054028
98576,0,-2.933298,-7.2891808
21020,1,8.449207,0.10660357
121615,4,-4.475264,3.8591816
88448,2,-4.20581,2.6526554
181791,0,-3.7318957,-8.184214
123540,4,-4.1551094,4.016056
188488,2,-4.20375,2.2570517
37556,1,8.229847,0.031056864
99276,1,8.438867,1.1243553
5690,3,-2.5588963,-3.7396991
11718,1,8.56024,1.1676478
7644,4,-4.241566,3.3323302
15910,1,8.584326,0.36771768
80942,1,8.601811,1.1688163
14861,0,-3.3578987,-8.290263
106637,4,-4.4850216,3.6307666
96244,4,-4.572796,3.7150848
49864,1,8.753015,1.0084131
94050,1,7.9375873,0.049155306
149238,1,8.795105,1.2100722
5264,3,-2.7231908,-2.5219767
81006,1,8.579297,1.203985
11019,1,8.350052,0.8553631
9197,1,8.81575,0.98180026
41593,1,7.9561567,0.08744979
29725,1,8.678277,0.850273
166173,1,8.514389,-0.25998655
164389,4,-4.3587713,3.8504875
107719,3,-2.9048615,-3.6317976
165453,4,-4.598109,3.8672748
79674,3,-2.732259,-1.2314085
160632,4,-4.4488096,4.099379
158021,2,-4.4102592,2.330048
161467,1,8.457428,0.60116726
15050,1,8.761076,1.2914705
85326,2,-4.41151,3.0014198
94317,1,8.671217,1.1759803
108772,1,8.594351,0.57939744
129734,2,-4.1971025,2.3052742
91266,1,8.230085,-0.034765977
91301,4,-4.2659497,3.8304071
13959,0,-3.2225266,-8.54538
78238,1,8.292982,1.1905775
110126,2,-4.2787704,2.5335698
89674,1,8.727321,1.0319238
97931,0,-3.0252714,-7.297346
157775,2,-3.894682,2.1739419
7013,3,-2.5971587,-2.7360494
149818,3,-2.5951746,-3.1381838
18562,0,-3.5316052,-7.337067
13583,4,-4.3756204,4.099094
147742,1,8.09704,-0.15022236
8051,4,-4.3444877,3.70227
108018,2,-4.376181,2.5640922
165300,1,8.739736,1.0707488
170367,2,-4.4859705,2.4722326
163600,3,-2.7611587,-3.3715124
43028,0,-3.024543,-7.2868752
13986,1,8.557877,0.49225703
177334,2,-4.5922847,2.0768905
156448,4,-4.139522,3.8685274
21676,4,-4.5094514,4.2339897
30647,1,7.897912,0.060643192
86283,1,8.815192,1.1916336
143907,4,-4.2264247,4.1543546
8959,3,-2.5480652,-2.2406209
168493,2,-5.1343603,2.072097
85287,2,-4.1999307,2.9867551
45255,0,-3.259525,-7.808872
145141,4,-4.354713,3.722623
165669,1,8.787972,1.134969
107756,1,8.621202,1.2518414
186695,1,8.580501,0.8753945
182363,0,-3.6716125,-8.812047
90777,1,9.00271,0.90511245
36576,0,-3.4689581,-6.950253
159108,1,8.522266,1.0684072
79846,1,8.225299,0.45754373
167113,2,-4.7407513,2.6687675
149704,2,-4.302315,3.3743742
157247,1,8.681935,1.0147823
46737,2,-4.56919,3.1491346
20947,1,8.648391,1.5136185
167116,4,-4.6552987,4.201195
45856,4,-4.56242,4.106459
103881,4,-4.504356,3.7492995
27826,0,-3.0144694,-7.3566365
33252,4,-4.479826,4.173957
179957,1,8.593516,0.35074407
156656,1,4.748921,-4.8978167
124121,4,-4.2939043,3.7547574
135865,0,-3.459374,-6.6587877
83031,3,-2.5845277,-2.1841576
16956,2,-4.5402923,3.194658
87856,1,8.554647,0.9851083
161499,4,-4.507392,4.254984
115597,0,-3.55869,-8.617845
1678,4,-4.4515758,4.097343
93560,2,-4.417856,2.486177
14171,4,-4.3518195,3.728483
136449,0,-3.1855283,-6.9797482
101452,0,-3.3338304,-7.425828
151465,2,-4.060842,2.646004
157142,4,-4.371678,3.3368502
23129,1,8.572438,1.139593
174389,1,6.1690226,-2.417521
163925,1,8.5238905,-0.18150578
103529,4,-4.546833,4.2206364
144578,1,8.61751,1.3545154
12617,4,-4.4074864,4.2206593
163168,1,8.68338,1.2244897
165977,1,8.459689,1.0651184
175688,1,8.620217,0.74071735
46486,1,6.134685,-2.2738175
5145,4,-4.2489424,3.8620553
112801,3,-2.6012943,-2.8629334
14211,1,8.39452,0.23777172
87833,2,-4.5213223,2.5614336
12665,2,-4.627612,2.6709652
36613,0,-3.3604302,-8.674625
161481,1,8.531547,-0.27014345
14242,4,-4.4719,4.4082923
69676,3,-2.0281987,-3.0581293
148258,4,-4.2137623,4.0498023
14587,1,8.811227,1.3797945
160548,1,8.764344,1.3576964
180711,0,-3.7422082,-8.227972
85241,4,-4.2582664,3.5622249
36570,0,-3.3426259,-6.912411
102131,4,-4.499836,3.7108796
78696,2,-3.973466,2.215304
82894,1,8.201372,-0.16594772
153740,1,8.960156,1.156248
141083,1,8.9599085,1.0361631
159951,1,8.882865,1.2926544
167721,4,-4.5015287,3.8965023
84840,3,-3.2721026,-4.3005667
44214,0,-2.9834085,-7.527258
86726,1,8.805949,0.29672194
83048,4,-4.2937903,4.132863
26639,4,-4.513748,4.005973
18023,1,8.8510475,1.0972748
150106,1,8.692596,1.1914421
159176,1,8.4763775,1.0379579
42278,4,-4.4772415,4.2381663
18160,1,8.356269,0.86789876
78124,4,-4.463095,3.7541783
85840,2,-4.5218196,2.492098
168052,4,-4.4350386,3.8478587
29044,4,-4.1694546,2.9335375
118921,3,-2.885007,-3.6732252
31850,1,8.5635395,0.23821345
59357,0,-2.9990256,-6.3046455
120113,3,-2.8526583,-3.4176342
109340,4,-4.381165,3.8753574
182274,1,8.471432,1.3051788
50611,2,-3.6749635,2.5075052
16731,2,-4.2025857,3.089698
79782,3,-2.5411263,-1.5230843
83724,1,8.482602,-0.13997146
181804,2,-4.4143486,2.577728
33927,1,8.872473,1.3299528
28611,2,-4.436769,2.880339
97039,4,-4.394041,4.289944
121650,4,-4.3603086,3.9049485
144812,4,-4.3809915,3.4089005
110337,4,-4.5183125,3.933588
48764,1,8.483638,-0.2816548
20039,4,-4.557897,4.1931553
97892,0,-3.6462946,-7.685621
71611,4,-4.3851137,3.672621
19616,1,8.964436,1.0041529
181908,4,-4.6623645,4.0919943
150905,3,-2.697287,-2.5743673
32136,2,-4.4188447,3.218451
44210,0,-2.961517,-7.596683
176391,4,-4.5151353,3.9668953
28204,4,-4.504179,3.940438
82807,3,-2.8497605,-1.0739702
166768,4,-4.4266,4.015559
104704,4,-4.7857175,3.433698
173205,4,-4.6438046,4.0039597
15468,4,-4.453647,4.2299304
44796,0,-2.8415816,-7.297736
8801,1,8.464156,0.5268618
7344,1,8.82889,0.9982991
108642,4,-4.476747,4.0035586
149915,2,-5.0343504,2.9246886
117326,1,5.9535155,-4.326073
40630,1,8.873019,0.9991345
179563,0,-3.4142895,-7.367191
83034,4,-4.4555044,4.165948
37925,3,-2.6794677,-1.456047
84392,4,-4.3093586,3.650583
9923,4,-4.432624,3.6502554
30483,1,8.487079,0.08923608
127926,2,-3.494385,1.9551176
96967,4,-4.486462,4.1699185
32467,2,-4.314938,2.1724095
82826,3,-2.6935225,-2.7782826
7483,1,5.5235214,-4.5592556
161052,4,-4.4527564,4.005358
88297,0,-3.1287453,-7.312902
78568,1,8.295722,-0.14776084
192324,3,-2.3774607,-3.7097657
171142,4,-4.2397394,3.7239852
182843,4,-4.3280516,3.725037
156161,2,-4.2317758,2.4609156
41301,0,-2.8931663,-7.2803855
177064,2,-4.350281,3.170839
103276,1,8.366481,-0.24353078
91681,4,-4.2706695,3.9557385
147912,2,-3.944995,2.42213
162430,4,-4.43357,3.535208
6244,1,8.512505,1.0898489
20638,1,8.792843,1.1666516
48307,0,-2.9634705,-7.2766123
22061,1,8.715716,1.2592725
88991,3,-2.5181293,-1.5074985
109189,4,-4.5663705,4.0410533
149474,1,8.543162,1.2317396
137191,3,-2.834917,-2.3472097
17844,4,-4.27795,4.0076003
9128,3,-2.6524322,-2.165892
116109,4,-4.036536,3.9505246
83385,2,-4.1447883,2.6063333
34546,4,-4.332194,3.8920054
15464,4,-4.564398,4.2695456
165494,1,8.584021,1.1561444
77416,4,-4.4935493,3.8411841
95767,3,-2.8169158,-3.0247138
17739,1,8.42639,1.2486304
188615,3,-2.5035927,-2.3913887
4051,4,-4.293765,3.9261754
169505,4,-4.338529,4.069465
159772,1,8.536761,-0.157245
176024,4,-4.473869,4.135095
36600,0,-3.5519524,-8.536627
2518,4,-4.154143,4.037927
193325,1,5.225554,-4.4193273
150094,4,-4.306464,3.9595058
112740,2,-3.8920228,2.3651636
165031,1,5.955517,-5.1384616
108636,4,-4.490225,4.0591035
41372,0,-3.0161383,-7.038435
162283,1,8.181463,0.17601256
38299,0,-3.2865427,-6.9106507
169490,1,8.766912,1.3329201
82234,1,8.83438,1.2395622
51500,1,8.620677,1.1752532
161539,1,8.564519,1.0444943
31677,1,8.91397,1.1367221
171678,4,-4.297595,3.7692928
106873,3,-2.8145325,-4.7144046
156309,2,-4.4444847,2.5932102
193185,2,-3.9894965,2.0930033
83998,2,-4.025445,2.0481198
103114,1,8.311314,0.15399465
169746,1,8.766112,1.4576017
127678,3,-2.5668364,-2.0508573
177925,4,-4.436671,3.897693
173953,2,-4.663214,2.4953067
91932,1,8.15269,0.3032752
173266,2,-4.6655135,2.653906
137120,3,-2.848282,-2.4040494
153472,2,-4.057624,2.1935716
186418,2,-4.467196,2.8010929
125111,3,-2.4924855,-4.6425943
34106,4,-4.410767,3.628378
124120,2,-4.1504645,2.8238168
89676,4,-4.0534983,4.1342883
50514,4,-4.2631288,3.934209
50501,4,-4.2488832,4.03712
192458,3,-2.3039432,-3.0287461
64713,0,-2.9811506,-6.990766
107026,3,-3.150043,-5.1151967
108472,1,8.874658,0.6722973
44440,0,-3.7527316,-8.71816
47707,1,6.35321,-4.7714067
179484,3,-3.1989627,-3.0574849
99852,0,-3.7618752,-8.538556
181889,4,-4.5199833,4.1591196
177953,4,-4.517733,3.8965263
89227,2,-4.4471636,3.2037551
51908,2,-3.9853635,2.7464492
111631,4,-4.6726127,4.159126
38722,0,-3.6879144,-8.249415
185929,3,-2.5046022,-3.5950973
154851,3,-2.4666288,-1.5627834
78121,1,8.242658,0.23603646
34637,4,-4.326913,4.0415063
154877,4,-4.2719164,3.8722353
36424,0,-3.284764,-7.68841
80561,1,5.5004325,-5.002195
16606,4,-4.513842,4.155646
154838,4,-4.3844995,3.9592116
94196,3,-2.7389073,-4.657912
186216,4,-4.4279804,3.8407667
101334,4,-4.610482,3.997604
99726,0,-3.5676675,-7.613089
35483,4,-4.3331604,4.0800753
31847,1,5.419934,-4.0632596
147825,1,8.632958,1.2753103
181875,2,-4.461195,2.724918
180925,4,-4.6062174,3.9519687
100948,0,-3.2220232,-8.114016
161557,1,8.396206,1.3750749
166636,2,-4.1964664,2.539313
51359,4,-4.022245,3.7884426
60457,0,-4.0143313,-6.678523
114193,0,-3.850881,-8.12736
36115,1,5.7638245,-5.039827
106117,1,8.557246,1.2949784
115313,3,-2.896541,-3.5691752
7832,4,-4.366953,4.0492826
112042,0,-3.2576518,-8.778152
113407,0,-3.2265902,-7.9384804
77297,3,-2.4634018,-1.3497907
111748,4,-4.3479786,3.6278036
192605,3,-2.5316207,-2.8235123
96150,1,8.633982,1.3398306
100095,0,-3.770747,-8.308881
190460,1,8.507276,1.4972918
19392,1,8.932762,1.1545047
15389,1,8.625548,1.4003065
48305,0,-2.9324632,-7.262506
47632,1,6.3313828,-5.205628
174757,1,8.5078,-0.098478094
27626,2,-4.6189446,3.2220075
93843,1,8.350142,0.3114979
81093,4,-4.2851706,3.919093
159327,1,8.68316,1.1204853
163948,2,-4.4159346,2.8302584
49689,4,-4.3589745,3.8416488
146998,1,8.815269,0.6262505
157991,4,-4.368371,4.0480204
45333,0,-3.9241636,-7.6738157
48556,0,-3.4192429,-7.4903436
114161,1,8.480685,0.87173504
147611,3,-2.657369,-1.3964653
185817,2,-4.7419515,1.8018364
147613,1,8.395031,-0.1645905
33977,1,8.900851,0.9658127
13029,2,-4.6130047,2.5053983
94588,1,8.313784,0.21652815
90877,4,-4.475099,4.005849
24878,1,8.73888,1.2957609
183901,0,-3.3137424,-7.695089
13262,1,8.444757,0.21105069
180710,0,-3.5548744,-8.370598
81636,1,8.2373495,1.3348683
81161,1,8.430639,1.2408584
177584,1,8.891684,1.2641431
162605,1,8.425774,-0.025016844
85697,1,8.522741,1.097828
165928,2,-4.312409,3.1362495
179780,0,-3.6716459,-8.581338
90836,1,8.529701,0.9720514
1519,4,-4.367806,4.021908
12474,4,-4.4081783,4.084195
155197,4,-4.231457,3.501041
97874,0,-3.6489737,-8.595689
162889,4,-4.5364323,4.003364
62594,0,-3.0281672,-6.1918235
96569,1,8.406372,0.83723783
21553,4,-4.276894,3.4777007
20756,0,-3.4448085,-7.325184
27185,4,-4.4753757,4.282822
137589,4,-4.1472907,3.659588
167109,4,-4.6694927,4.0712337
165534,4,-4.361924,4.055042
166020,1,8.621341,1.4792235
155462,4,-4.49096,4.178305
25947,0,-3.6629832,-8.512577
178621,4,-4.480636,3.966101
111857,3,-2.977017,-3.196215
163098,1,8.739634,1.580976
166244,1,8.369231,0.6347862
122406,4,-4.243058,3.5829208
103898,1,8.4378,1.2263697
110633,1,8.465776,-0.21964927
19226,4,-4.5337057,4.033922
4116,4,-4.354668,3.8929381
29841,4,-4.6056924,3.6214614
107457,3,-3.0492516,-3.5672839
39502,4,-4.5394006,4.0125804
24301,3,-2.6359313,-2.779512
173877,2,-4.6128087,2.4937778
18391,1,8.32477,0.6839346
159178,1,8.481327,1.0461313
135829,0,-3.4613664,-7.303272
107907,0,-3.7165918,-9.108543
71761,3,-2.6405134,-2.1821845
162010,1,8.745824,1.2270966
103812,4,-4.373966,4.1332126
97474,0,-3.4340613,-8.6100855
28678,0,-3.0070975,-7.3281903
107172,1,6.6315017,-2.7613153
17413,0,-3.5332308,-7.33973
147683,1,8.673621,0.7888622
89181,2,-4.265014,2.3122275
179355,2,-4.410916,2.5819147
92788,1,8.426609,0.88222104
176645,4,-4.3775425,4.071557
47845,2,-3.848651,2.2868633
177903,4,-4.53226,3.987213
35310,0,-3.7018104,-8.866419
179951,3,-2.9952183,-2.2533956
106582,4,-4.3834863,3.5240862
93852,2,-3.6136146,1.0064504
184144,1,5.2610335,-4.171519
50379,4,-4.3243246,3.6212602
70416,1,8.166294,-0.033504535
179816,2,-4.645806,3.167335
18537,0,-3.336742,-7.9451632
107882,0,-3.6153395,-8.983173
70299,1,8.577901,1.0287395
100906,0,-3.1032217,-8.211882
10562,1,6.5042806,-3.4223273
10684,1,8.570988,0.94378996
149540,3,-2.6282713,-1.4145306
46623,1,8.411036,0.4493622
60672,4,-4.1903267,3.873453
149211,1,7.9581046,0.22661947
178793,2,-4.3756933,2.9954371
164495,1,8.338272,0.030668715
63182,0,-3.174824,-6.4635787
169366,2,-4.655096,3.1090431
162734,1,8.542942,-0.22250211
84480,4,-3.7546687,3.1674829
25329,2,-4.3626766,2.7047448
33219,2,-5.0606937,2.3869202
75568,4,-5.313527,3.6254492
157820,1,8.439166,0.12266242
176025,4,-4.317615,3.8261142
113157,0,-3.0396516,-8.1598215
159457,4,-4.362559,4.1847205
160303,1,8.828907,1.1834414
174576,0,-3.1403427,-7.2654247
114718,0,-3.2774398,-7.1000085
185047,1,8.599182,1.1867384
161050,4,-4.3954206,3.9875221
3979,4,-4.0723634,3.4600482
86157,1,8.760799,0.683214
177704,2,-4.5737443,2.6470668
161322,1,8.810808,1.1101593
18815,0,-3.6458561,-8.905137
188442,3,-2.5822363,-4.082204
45727,2,-4.010705,2.2313106
93491,1,8.6463585,0.96869594
104583,4,-4.454575,3.975064
183557,0,-3.0857666,-6.9830294
161315,1,8.755753,1.2164174
4159,0,-3.8762236,-6.729831
90580,1,9.071942,0.89522
143793,3,-2.7147248,-2.3538916
190631,1,8.48047,0.9286254
159768,4,-4.584931,4.0386114
77074,2,-4.374876,2.5668232
90792,4,-4.442132,4.0051775
77714,2,-5.082147,2.1148758
99206,0,-3.198012,-8.26389
40171,0,-3.6081429,-9.013023
22257,1,5.691976,-5.081168
83007,3,-2.5123198,-4.081836
80999,4,-4.1584744,4.0928946
96720,0,-3.5176728,-8.587105
97548,0,-3.2603962,-8.730927
181244,0,-3.6001601,-8.487698
76913,1,8.121602,0.039999492
32710,0,-3.420623,-8.282578
161498,1,9.033688,0.93713355
14969,1,8.641477,1.2409903
7928,1,8.490734,0.5275827
37965,1,8.888642,1.0370673
4981,4,-4.3510184,3.6917596
84062,4,-4.3210106,4.210186
83719,2,-4.2772765,2.5122378
110040,1,8.561507,0.043805085
101100,0,-3.3567436,-7.625645
51515,1,8.639273,1.1699234
21162,0,-3.586828,-8.641492
104274,2,-4.6124773,3.3497317
190871,1,8.577421,1.5311815
188211,2,-4.5616174,2.5773587
3411,3,-2.3497818,-3.3248484
60112,0,-3.399491,-6.5582037
150739,4,-3.9422982,3.7150168
103878,4,-4.5379796,4.057111
179862,4,-4.6331344,4.0226436
176874,4,-4.6929984,4.1847095
25438,4,-4.4603734,3.9967349
94316,1,8.823346,1.119581
184806,3,-2.9337249,-4.623476
75521,4,-5.3449388,3.9721184
62767,0,-3.1656697,-6.4162927
42843,4,-4.4121246,4.2490354
15642,4,-4.457359,4.2101054
180429,0,-3.6832716,-8.918053
25114,1,8.880516,1.0675915
23955,4,-4.6411753,4.300745
122817,3,-3.26376,-3.901479
86358,1,8.633871,1.1852717
165916,1,8.5258255,0.3363409
4091,4,-4.3120003,3.5747755
8543,1,8.223163,0.29564664
113359,0,-3.4450471,-7.4632053
12123,2,-4.433233,2.737544
178853,3,-2.6536381,-2.4487076
24352,1,8.733388,1.0032885
166905,1,8.723412,0.83370465
89806,4,-4.3914156,3.5352442
188047,0,-3.4801931,-7.0613017
152274,1,8.155299,-0.0695582
190980,3,-3.0957625,-4.6268964
161434,1,8.566479,1.0949343
81830,2,-4.291251,2.5106769
57134,2,-4.25124,2.2966895
25154,4,-4.406058,3.6472692
165545,3,-3.255662,-3.1900556
178883,3,-2.9256177,-2.5282924
99205,0,-3.485993,-7.254889
82485,1,8.46442,0.8950302
28212,4,-4.499723,4.2296586
21439,4,-4.3658705,4.038244
149572,3,-2.765938,-1.3383191
119527,2,-4.2403717,2.645439
5247,1,8.528479,0.8162747
154034,3,-2.45476,-1.1216063
153351,2,-4.2069306,2.3101315
60214,0,-3.3649004,-6.5492034
166528,1,8.598411,1.2865962
177010,2,-4.6211734,2.297231
87173,4,-4.3798738,4.012856
143865,3,-2.4473717,-1.4692516
160127,2,-4.383232,2.5425477
182939,0,-3.7625244,-8.280104
187429,3,-3.3542252,-3.2706714
119436,4,-4.330622,4.012954
112999,1,8.537967,1.2495449
164032,2,-4.129548,2.2860153
37945,1,8.335877,0.17873982
28632,4,-4.390165,3.824042
113871,0,-3.3883827,-7.502223
175838,4,-4.5796604,4.0847845
166525,1,8.481344,0.78672737
37474,2,-4.4700937,2.696974
157440,3,-3.0184283,-2.537126
149511,3,-2.8403728,-1.9150174
165307,1,8.73305,1.1173824
110299,2,-4.535809,2.569567
89160,2,-4.1222906,2.3582158
78791,2,-4.427043,2.488548
165909,3,-2.8394787,-2.9677072
165012,2,-4.2791862,2.3900216
77692,3,-3.771906,-3.7439787
120230,3,-2.7907069,-3.4302912
29536,0,-2.8968346,-7.2338777
174352,1,8.62015,0.8759851
153301,1,8.628383,-0.18524535
164537,1,8.573662,1.0712649
30458,4,-4.636471,3.6670985
184986,2,-4.661389,2.9823558
184825,3,-2.8221083,-4.658029
14483,1,8.513753,0.7036574
187318,4,-4.389237,4.030202
190807,2,-4.4327703,2.5047588
33794,1,8.871502,1.1779547
21593,1,8.729288,0.12453066
156482,2,-4.183149,2.4455602
4517,1,8.302754,0.02648708
163373,4,-4.3172803,4.086261
11688,1,8.795001,0.92976576
103873,2,-3.870383,3.007012
153743,2,-4.122305,2.409228
156511,4,-4.0860014,3.9634871
77820,3,-3.4485042,-3.1681318
86648,4,-4.50849,3.9107068
171556,4,-4.464011,3.7594216
52643,1,8.287909,-0.095412254
167773,4,-5.2079167,3.8784146
18567,0,-3.369047,-8.179624
34466,0,-3.6098385,-8.740105
16621,4,-4.396094,3.9902227
136433,0,-3.3474553,-6.9906216
112760,4,-4.0035586,3.2516072
172867,1,7.960649,0.03981831
108225,2,-4.5597577,3.2600167
1681,4,-4.355507,3.5593343
117272,4,-4.4128976,3.8909473
182676,1,8.685919,1.2726041
26462,1,8.522933,1.1247996
166057,3,-2.6807833,-1.1614475
176466,4,-4.3383784,3.3107953
150219,4,-4.4418826,4.0308905
150653,3,-2.4405668,-1.9069442
26304,1,8.32744,0.29831553
154786,1,8.216937,0.3507229
16314,1,8.59825,1.3627806
99271,1,8.526411,1.1981986
98587,0,-2.96759,-7.268652
77607,4,-3.853999,3.2176723
178073,4,-4.5196834,4.2324586
147015,1,8.872941,0.7642763
78594,1,6.5634108,-2.0354183
29133,1,8.946347,1.0313131
189584,4,-4.5561423,3.6387324
108825,3,-3.0094209,-4.367071
119687,4,-4.2609463,3.706087
32105,4,-4.5569363,4.1533647
85582,2,-4.2951446,2.4590456
182539,0,-3.838778,-8.4707985
107404,4,-4.1943645,3.546355
122711,4,-4.2876887,3.93726
27293,2,-4.3004994,2.478762
183576,4,-4.526952,4.1579914
11379,4,-4.238704,4.025866
137447,3,-2.709875,-3.13881
123547,4,-4.0886235,3.8803823
147635,1,8.47952,0.8484167
137129,3,-2.8921719,-3.243886
171213,4,-4.3017764,3.6720312
148199,2,-4.207964,2.2438648
33861,1,8.791988,1.2085711
49321,4,-4.429287,3.6155212
50400,4,-4.399087,3.8630722
150977,4,-4.478178,4.0944495
22400,0,-3.4796147,-7.437924
189581,4,-4.5674257,3.9524791
83949,1,8.652283,0.47283816
72947,1,8.406595,1.1940091
175280,4,-4.469426,3.736085
176885,2,-4.6610103,2.7637353
97045,2,-4.503066,3.0203993
86364,2,-4.1271996,2.307735
18778,0,-3.4278338,-8.677791
18641,1,8.896645,1.2150351
52613,4,-4.076805,3.83934
84732,1,8.98148,0.8419402
80813,2,-3.4779797,2.5133936
33169,0,-3.545756,-8.799123
149172,4,-4.289448,4.096929
11854,1,8.648705,1.1148053
48756,4,-4.414581,3.9148395
39681,1,8.740765,1.1685913
185213,4,-4.016142,3.7832537
154699,4,-4.450148,4.098977
160630,1,8.793054,1.114868
157844,4,-4.1616445,3.2970593
40027,1,5.9430385,-4.961983
145112,4,-4.312041,3.9458401
30003,0,-3.882776,-8.443359
169221,2,-4.312379,2.4703302
103772,2,-4.980324,2.6041005
159063,1,8.545969,1.0781299
73225,4,-4.4523444,3.791595
94516,2,-4.5161057,2.4672108
9834,1,8.69721,0.905483
98361,4,-4.5632935,4.2059164
38918,4,-5.284428,3.8699994
113375,0,-3.0801682,-7.951291
32981,4,-4.551816,3.7660785
13160,4,-4.505743,3.887318
113628,0,-2.8250277,-7.2366815
176995,4,-4.2961817,3.3662722
187437,4,-4.0614643,3.726934
21024,1,8.292662,0.09939082
181472,0,-3.8681622,-8.356341
78991,1,8.430264,0.06515654
82105,4,-4.455524,3.9821982
154353,4,-3.948604,3.5691128
59509,0,-4.099094,-6.6814117
184782,2,-4.249873,2.374342
49919,4,-4.26068,3.6874201
14164,4,-4.439326,3.8880188
136453,0,-2.8599112,-7.1903777
11132,3,-3.5800867,-3.0595381
34631,4,-4.391397,3.8963592
57614,2,-3.5039213,2.0242927
176933,1,8.562372,1.2562991
185870,4,-4.2971005,3.6946325
80031,3,-2.8542113,-1.6172421
173473,2,-4.7600017,3.2459853
184252,4,-4.4459014,3.758731
182736,1,8.400059,1.1296136
31868,2,-3.9273648,2.6644611
14348,1,8.627512,0.03419474
115430,2,-4.1461825,2.8207242
7625,1,8.300737,0.14317153
39235,2,-4.417986,3.1711917
162087,1,8.814135,1.2274978
164045,3,-2.7976847,-2.1258194
175097,1,5.945784,-5.306498
49049,4,-4.3842206,4.117841
159139,1,8.426394,-0.35789388
163691,1,8.618089,0.46616334
27791,0,-3.280512,-8.01074
167569,2,-4.4092307,2.4540317
186663,1,8.238956,-0.06314011
109788,0,-3.7090328,-7.000712
159389,2,-4.265962,2.5564954
18266,1,8.656781,1.0236558
118090,4,-4.579019,3.9886954
99484,0,-3.060037,-7.3572025
8865,1,8.306105,0.551539
100432,1,8.182981,0.53180385
13596,1,8.363734,0.20744915
29454,1,8.353407,0.47088975
177388,2,-4.579448,2.5699632
188756,4,-4.1208806,3.8594794
62331,0,-3.3197644,-6.4367723
38051,4,-4.665869,4.050917
170586,4,-5.278878,3.8146057
112180,3,-2.9056737,-3.1271982
15735,1,8.339518,0.41060302
40673,0,-3.6352127,-8.800485
90799,4,-4.396528,4.145379
136452,0,-3.4471107,-7.3546696
107701,1,8.57635,1.2489723
127936,2,-3.9710283,1.8131024
7624,1,8.567237,0.9601762
136619,3,-2.2444715,-3.4107752
43986,0,-3.3036232,-7.2152557
70357,4,-4.35208,4.0812054
36620,0,-3.4341269,-7.954614
6372,3,-2.6094341,-2.643478
18846,0,-3.6261084,-8.6977215
168937,2,-4.5876336,2.5069413
105111,4,-4.388868,4.014165
164149,1,8.690718,1.3662997
8558,1,8.751271,1.3502197
22099,1,8.387018,0.19662832
41984,2,-4.464031,3.0390885
25442,4,-4.3456545,4.350531
179879,4,-4.705869,3.9758847
27508,2,-4.149156,2.2981365
60487,0,-3.8871372,-6.5921354
174768,2,-4.348921,2.5056846
73320,4,-4.3635907,4.0746617
175993,1,8.219784,-0.1818133
161552,1,8.615217,1.1151823
112035,0,-3.5711114,-8.883009
100697,3,-3.0619836,-3.4163558
173466,4,-4.50281,4.1561246
163471,1,8.796723,0.7904674
34588,0,-3.4840205,-8.847635
190704,4,-4.5818906,4.1509953
169834,4,-4.4316654,4.148692
119401,4,-5.2190194,3.577182
114677,0,-3.1089325,-6.98792
18675,1,8.152134,0.20224553
112003,0,-3.7863212,-8.4977455
77543,3,-2.4843698,-2.834748
12796,0,-3.2439132,-8.55066
36833,0,-3.7958777,-8.564091
11527,1,5.9978013,-5.054409
80231,1,8.732233,1.0821202
160547,1,8.813492,1.4020929
17624,1,8.746572,1.0505506
62565,0,-3.2317014,-6.6629686
104276,4,-4.664783,4.184033
161828,1,8.328535,0.030831711
147734,1,8.517562,1.1563958
25141,4,-4.418006,3.5260377
177654,4,-4.197921,3.9274762
123579,2,-4.0494485,2.3402505
30125,1,8.807851,1.2817557
79508,3,-2.8449624,-1.9596989
186038,0,-3.7058582,-8.618107
91017,2,-4.54771,2.644864
168715,4,-4.510192,3.9717255
19947,1,8.569124,-0.14038265
7613,4,-4.249362,3.9438488
187219,0,-3.665953,-8.374467
141288,4,-4.4320464,4.0565085
113853,3,-2.9737988,-4.471083
29437,0,-3.5046763,-7.5999775
100159,0,-3.1818833,-8.240101
91929,1,8.718235,0.94758713
93653,4,-4.260291,3.5741916
162361,1,8.436926,0.5433557
176740,2,-4.213765,2.1794133
101332,2,-4.5053635,2.6129794
192690,2,-3.8535388,2.1432526
144268,3,-2.7205317,-1.3809954
153800,1,8.095354,-0.055606376
120794,3,-2.94193,-2.811493
64959,1,5.643858,-4.7508054
16030,1,8.602707,0.31383803
14416,2,-4.613901,2.4815745
115314,1,8.109766,0.34560865
110110,0,-3.3124633,-7.5221405
156191,1,8.768985,1.0069242
101756,0,-3.132737,-7.712433
5483,4,-4.4946103,3.945539
45306,0,-3.5355272,-8.254797
87272,2,-4.351156,2.3599253
87233,1,8.871132,0.9486001
22470,0,-3.622632,-7.3253326
12925,2,-4.470029,3.213191
157111,1,8.672452,0.6153242
91642,1,8.593112,1.0976421
190225,1,8.572835,1.2473155
14008,1,8.464991,0.55353725
80273,3,-3.0634258,-3.6063876
92391,1,8.554742,1.2872988
176172,4,-4.3830733,4.0104985
17839,4,-4.277426,4.071008
10733,1,8.588131,1.2063279
93633,4,-4.2053514,3.851442
188709,1,8.747055,1.3569154
182898,0,-3.3890617,-8.694811
188291,4,-4.231406,3.3423147
160788,1,8.826105,1.2510073
8310,1,8.721752,1.4466892
179046,3,-2.7630281,-3.331045
20204,1,8.635283,1.3205816
177918,4,-4.580795,4.060988
165865,3,-3.0765665,-4.471098
93669,1,8.716226,-0.091640085
40652,0,-3.472251,-7.487943
163115,4,-4.268302,4.032122
59894,0,-3.2387326,-6.478445
116830,1,8.810185,1.1767323
33248,2,-4.6005273,3.3322155
182334,0,-3.4987183,-8.936331
167626,4,-4.6709986,3.9699051
175570,4,-4.7592034,4.032154
87899,1,8.736818,1.4280735
99227,0,-3.2787836,-7.6886654
38077,1,8.416355,0.97912335
78893,4,-4.4637165,3.7075183
173989,4,-4.549175,4.3093905
93774,4,-4.5748625,4.240534
105679,4,-4.4342055,4.2794533
12817,3,-2.704169,-3.96006
15177,2,-4.312296,2.6990075
23606,4,-4.342665,4.008904
147579,1,8.938277,0.86890846
85004,1,8.696085,1.042522
144297,3,-2.7039201,-2.3025067
15627,4,-4.2454066,3.9029708
29527,0,-2.7913048,-7.325
180957,0,-3.6170404,-8.411275
147818,2,-3.9746993,2.2655652
84150,2,-4.3534617,2.6909206
159811,1,8.300589,1.0475376
188909,3,-2.5350623,-3.360503
79815,2,-4.2477956,2.8738658
91930,1,8.657903,1.1961241
33090,0,-3.4025493,-7.6168566
82636,1,8.533933,1.0203681
115745,3,-2.7548742,-1.0890961
8226,1,8.674469,0.9277295
90571,1,8.896079,0.8723599
42634,0,-3.638795,-8.558934
90701,1,8.878712,0.8326167
39836,4,-4.604745,4.041419
152263,1,8.950136,1.1884518
192607,1,8.594873,0.7735142
58021,3,-2.3240023,-3.1733234
49565,4,-4.4980736,4.1002393
6637,2,-4.3262873,2.5404904
111551,4,-4.390744,3.7827137
143873,3,-2.7347527,-2.413914
137663,4,-4.2768707,3.7454832
102813,2,-4.492363,3.3979158
164047,1,8.433837,0.124974824
95812,2,-5.20267,2.795695
148018,1,8.75576,1.1745472
112839,0,-3.0932233,-8.390869
14988,2,-4.5326204,3.1923418
85218,2,-4.291208,2.2771673
173131,1,6.036958,-4.221653
20264,4,-4.526157,4.424362
89143,2,-4.134297,2.6073704
159033,4,-4.3255763,3.962027
114311,2,-4.2527976,2.3489125
90163,2,-4.5056777,3.307239
90622,1,9.002611,0.88895583
179564,0,-3.5761926,-8.636323
113641,0,-3.738368,-8.549044
95972,2,-4.453004,2.7962298
110262,0,-3.6197505,-8.622461
147473,1,8.680671,0.8979591
10727,4,-4.293323,4.019688
149220,1,8.662468,1.4433789
32989,4,-4.55242,3.756571
33489,2,-4.4888763,3.2520094
109292,4,-4.433341,3.9600337
123825,3,-2.9006493,-3.5220203
93675,4,-4.4862714,3.668095
63,2,-4.183996,2.5702345
5383,1,8.761629,0.8725807
88751,1,8.763369,1.1548351
102853,4,-4.304484,3.4926367
29651,4,-4.600149,4.2723675
162669,1,8.893728,1.2148118
20337,1,8.439787,0.4857903
161668,4,-4.3258667,3.730952
113023,4,-4.3439016,3.750663
158140,2,-3.6335301,2.2132876
61096,2,-4.175961,2.078547
174400,1,7.526909,0.20882636
137618,2,-4.370477,2.406443
95164,4,-4.3005633,3.830841
85798,1,8.738435,1.3050528
16142,0,-3.049307,-7.440682
27320,4,-4.393508,3.2980735
148027,4,-4.2899394,4.0815325
38214,0,-3.6573884,-8.44831
163367,4,-4.465632,4.1774406
151166,4,-4.4380198,3.9512825
193388,2,-4.127311,2.3518987
14474,1,8.44432,-0.31702486
87867,4,-4.361561,3.9194527
33112,0,-3.495276,-7.9534545
82727,2,-4.5495615,3.2228758
48893,2,-4.388617,2.1939673
141109,4,-4.4386435,4.107126
162372,2,-4.4982505,3.0987685
38093,1,8.550994,0.58457667
10911,2,-4.2234764,2.847044
18275,2,-4.199467,2.5691361
87791,1,8.5793295,1.4007939
108956,0,-3.6642463,-8.499497
176978,4,-4.504747,3.8734643
12871,4,-4.564592,4.005453
28390,2,-4.644845,2.7421172
172039,4,-4.3082943,4.2072964
26030,1,8.528425,1.4395404
188847,4,-4.1901393,3.619631
82067,4,-4.3111444,4.4063563
165301,1,8.729256,1.0691452
39062,1,8.484227,1.0315331
106489,2,-4.416727,2.6354756
78695,2,-3.9617302,2.244902
146410,1,8.856797,1.130367
122374,1,7.859743,0.24934925
169647,1,8.493334,0.61372846
183517,0,-3.4445393,-7.35497
77551,3,-2.5137105,-2.6146574
10583,1,8.805995,1.3344406
14407,1,8.7892885,0.46376887
179363,3,-2.984306,-3.5089989
28874,4,-4.436337,3.9002428
189591,4,-4.33011,3.9344118
20716,4,-4.3909435,3.6249812
18523,0,-3.3696623,-7.751633
48906,2,-4.5250688,3.3002257
162859,2,-4.4419656,3.3172174
103447,4,-4.4846478,4.238535
144647,2,-4.2590847,2.2995758
87162,2,-4.3097444,2.7668195
188747,4,-4.291473,3.9476957
160557,1,8.733425,1.2660166
170006,2,-3.9264314,2.2398422
12042,2,-4.5114303,2.5862293
72846,4,-4.24628,3.7557547
163063,3,-2.8872554,-2.539837
112282,0,-3.6940007,-8.586472
84780,2,-4.234692,2.356034
15068,1,8.73083,1.1994926
36617,0,-3.5041249,-8.227818
36887,4,-4.009,3.6030009
162902,4,-4.5639143,3.9170568
116790,4,-4.400656,4.0158796
33559,0,-3.601359,-8.718888
43157,3,-2.874855,-3.379463
48359,0,-3.283282,-8.383593
173105,1,8.472446,0.81524235
181145,4,-4.219526,3.333676
182235,2,-4.312078,3.0040863
174444,3,-2.5329463,-1.4250603
31610,1,8.6879225,1.1486337
3918,4,-4.3728547,3.8299737
104443,1,8.296868,-0.045215208
182347,0,-3.6179013,-8.91092
17644,3,-2.817873,-1.0810523
103376,4,-4.468744,3.7508142
160022,4,-4.446539,3.6865873
83936,4,-3.9564984,3.4703457
29447,0,-3.5069437,-7.4233265
101580,0,-3.2387688,-7.218552
6082,1,8.871035,0.8676682
181885,4,-4.5066624,4.180374
37537,4,-4.193771,3.6249762
100629,0,-3.3265402,-7.727918
159759,1,8.415448,-0.04677353
34964,2,-4.455123,2.6447935
147662,4,-4.3676887,3.9081624
123845,3,-2.9453511,-3.2270997
176295,2,-4.517885,3.0282595
36584,0,-3.262954,-6.8651705
165548,1,8.074614,0.25542817
169637,4,-4.5356245,4.0890484
7533,3,-2.6442397,-2.1073556
36623,0,-3.5937738,-8.399045
116984,3,-2.6757662,-2.0639951
148201,2,-4.305008,2.338221
144488,2,-4.1106825,2.2711391
80016,3,-2.6406875,-1.3283322
151062,4,-4.3568263,3.8216984
169828,2,-4.5182157,2.664065
7568,1,8.512387,1.1060503
101817,2,-4.536714,2.9405084
159769,4,-4.5813437,4.1395802
149230,1,8.124918,0.050629605
129288,0,-3.2933602,-6.556748
113746,4,-4.365589,4.217135
81107,1,8.399177,1.0783218
32601,4,-4.581714,4.1070743
24482,4,-4.135129,3.9525192
19821,4,-4.586542,3.8911443
17112,0,-3.425192,-7.262593
82759,1,8.370549,0.5245046
23485,1,8.366846,0.35732105
24337,4,-4.5923247,4.0135927
81165,3,-2.9736247,-1.5733342
87748,1,8.732453,1.195105
144620,1,8.152894,-0.12225405
185358,1,8.261746,1.1073314
41342,0,-3.5291429,-8.771637
113999,0,-2.9660017,-7.229937
158330,3,-2.6217608,-3.5388606
49989,4,-4.400958,3.905207
10633,2,-4.4112425,3.1302555
5305,4,-4.142484,3.4688106
162447,2,-4.618517,3.173179
155582,4,-4.433105,4.1173964
115740,3,-2.682014,-1.0584676
25696,4,-4.49157,4.2128615
37420,0,-3.116539,-8.177373
104773,4,-4.4637423,3.8317819
143914,1,8.783779,1.252017
149949,4,-4.228069,3.4309871
117290,2,-4.495042,2.349666
89348,0,-3.3424692,-7.274723
142649,3,-2.702369,-4.004581
187380,1,6.7183614,-1.8135163
86036,4,-4.5896487,3.6565938
49472,0,-3.2162874,-8.346958
191100,1,8.694925,1.0289114
121867,3,-2.1039593,-1.8927311
167805,4,-5.1517153,3.8109279
78141,1,8.480117,1.4776596
60585,3,-2.369733,-1.8466378
48762,2,-4.286368,2.1849554
15757,4,-4.5992045,4.1962495
41305,0,-3.0326154,-7.2123623
98142,4,-4.517122,3.9674072
156600,1,8.472513,0.9302869
181265,1,8.702094,0.5869984
20721,4,-4.52959,3.9441457
47119,2,-4.2060447,2.802239
22066,4,-4.525618,3.9369671
75157,4,-4.3426147,4.133393
15484,2,-4.237651,3.1630862
88769,3,-2.350005,-2.0238535
185873,1,8.325193,1.3258455
26419,2,-4.548827,2.397558
150238,1,8.697509,1.1210256
31704,1,8.616411,0.8754301
174042,2,-4.3814373,2.4406157
86453,4,-4.573391,3.8614085
116934,1,6.2294927,-4.6886168
162232,4,-4.459166,4.0466795
80751,1,8.763269,1.2290639
8274,1,8.114424,0.2894641
83625,1,8.895777,0.9716439
13557,4,-4.575634,3.9541285
107913,0,-3.0346594,-8.260269
82701,1,8.701121,1.1358566
177278,2,-4.643642,3.2753477
28911,4,-4.6094117,4.0479374
59552,0,-3.3867772,-7.28547
92971,1,8.279188,0.05120702
99105,4,-4.526022,4.251619
95252,2,-4.3810964,2.7312963
95656,4,-4.5927963,4.015924
96700,3,-2.748143,-3.0582197
174385,4,-4.4492435,3.9820645
181132,4,-4.349383,3.7910903
90857,2,-4.3993583,3.1922174
77305,2,-4.2140884,2.3816984
18119,0,-3.6051953,-8.747056
113239,1,8.599413,1.3241421
13590,1,8.85458,1.2687358
31609,1,8.711069,1.1072755
150122,1,8.45628,0.93689144
98127,4,-4.503784,3.81553
26845,0,-2.8037922,-7.586258
51471,1,8.691597,1.0456809
163418,4,-4.4574184,4.064933
154729,4,-4.235347,4.131712
163394,4,-4.465784,4.154774
94585,1,8.747555,1.3736707
151719,1,8.827522,1.0080584
114399,2,-4.344,2.6800985
148016,1,8.788159,0.85738164
29336,2,-4.605309,3.1087651
26756,0,-3.5299118,-8.886608
15787,4,-4.486372,3.7492776
27694,4,-4.413075,4.1891084
150985,4,-4.3896556,3.9275575
165929,3,-2.8392143,-2.7747967
114635,2,-4.0889587,2.3594155
163531,1,8.626767,0.30044168
187922,1,8.614509,-0.3239334
154469,1,8.114745,0.27846634
86133,3,-2.8850632,-3.995966
18930,0,-2.9779608,-7.024302
181114,2,-4.280986,2.5654557
94348,4,-4.3685174,3.945432
178943,3,-2.7090344,-3.9671776
92089,1,8.926521,0.7192188
78196,1,8.378973,1.4165831
33265,4,-4.4707527,3.7112942
15612,2,-4.404103,3.1976707
183034,0,-3.6132236,-7.108173
8184,4,-4.3153667,3.7385042
161907,1,8.758294,1.3612524
78733,4,-4.561821,4.1470804
81946,4,-4.4263496,4.1147003
179554,0,-3.522103,-8.633926
157941,4,-4.064328,3.89776
90708,1,8.989906,0.8323972
31245,4,-4.2583666,4.11089
13605,1,8.300093,0.34250408
104822,2,-4.798973,2.64334
112952,0,-3.117972,-8.228
27180,1,8.45059,-0.026578108
7791,4,-4.312154,3.976025
14180,1,8.21622,0.13758864
113972,0,-3.140958,-7.2933226
103814,4,-4.3618402,4.0419836
147091,3,-2.3833551,-1.9380529
171648,3,-3.043221,-1.7658763
176892,4,-4.7505503,4.1110563
144790,3,-2.7208664,-2.5898094
164744,2,-5.369042,2.1773841
53757,3,-3.6897888,-3.304891
152742,1,8.123329,0.80590785
176904,1,8.81006,0.9070264
32992,4,-4.4912868,3.8163035
185972,4,-4.3437443,4.0807896
149697,4,-4.242001,3.9052424
17124,1,8.884916,0.9586312
180357,0,-3.5805733,-8.482581
101576,0,-3.122922,-7.074145
35302,0,-3.6864626,-8.522656
72665,1,8.59189,1.0492469
31293,2,-4.4450083,2.9027274
103062,3,-2.8798213,-3.4983554
73518,0,-3.0893695,-6.490222
62748,0,-2.666258,-5.7607036
96022,4,-4.486013,4.020434
108220,0,-3.5843334,-8.835772
46471,1,8.150788,0.19596896
77684,4,-5.1787424,3.7127557
180362,0,-3.3714085,-7.4272637
72999,2,-4.034535,2.316384
184348,1,8.266782,0.75799346
161125,1,8.263719,-0.25011784
26910,2,-4.458051,2.5906665
21442,2,-4.5721955,2.6850243
120694,2,-4.4310055,2.5947826
51611,1,5.9480467,-4.5121326
115423,1,8.594176,1.1317216
77133,2,-4.219528,2.3571558
163161,1,8.181575,-0.13097936
11910,4,-4.345263,3.5642898
33525,0,-3.7046566,-8.576469
41447,1,5.7807636,-2.3668623
88737,1,8.777914,1.1565366
96844,3,-3.5990381,-2.574063
60447,0,-3.615728,-6.1311445
186494,2,-4.442867,2.4260616
20261,4,-4.5541277,4.1769695
15010,1,8.510352,0.58591205
114836,1,8.778552,1.1304123
153436,2,-3.763269,2.2549345
112112,1,8.532039,1.0609689
26940,2,-3.760115,2.1603034
176417,1,8.793221,1.0765773
78192,1,8.159509,0.97364384
96498,1,8.666706,1.1086032
150083,1,8.515211,1.0181582
81271,3,-2.7183607,-1.2262822
109166,1,8.400296,0.8638952
32218,1,8.639695,1.4081867
181483,0,-3.5922968,-8.656604
178851,3,-2.6925719,-2.836662
91117,2,-4.257652,3.2848048
83935,1,7.7176933,-0.16338207
79342,1,8.654316,1.3322647
37047,0,-3.3020847,-8.682205
20235,4,-4.5601497,4.2187467
1254,4,-4.577945,4.0796547
24901,2,-4.454334,2.948619
24591,2,-4.52208,3.0895574
101315,3,-3.1339328,-2.0187259
21626,4,-4.4632525,4.1200886
94818,4,-4.6372175,4.2225714
43178,1,6.0457907,-5.219535
70410,1,8.36221,0.9567893
15582,4,-4.3446283,3.9716318
15064,1,8.842972,1.0161755
81676,4,-4.367621,3.9095333
189435,4,-4.588212,3.5848324
154912,4,-4.3436956,4.1056294
83941,1,8.542658,0.58105034
62609,0,-3.978836,-6.6496625
186207,2,-4.2023687,2.9362264
108976,0,-3.057784,-7.0180902
183000,0,-3.4968295,-7.020474
82253,3,-2.6625044,-2.7384403
50593,2,-4.07692,2.5436363
19094,3,-2.6986845,-2.4181428
78910,4,-4.348011,4.1630654
36431,0,-3.3935094,-7.575653
150748,4,-3.9160824,3.7834542
92916,0,-3.3312309,-7.473992
20218,4,-4.6557937,4.1840076
10989,1,8.621692,1.2045195
22142,4,-4.6721163,3.9062433
143761,3,-2.6150136,-2.5166345
87202,1,8.738827,0.33044705
163304,3,-2.4032626,-1.9647714
98835,4,-4.6401606,3.9233215
179332,4,-4.3409514,3.6081328
11357,3,-2.4890764,-1.4957079
63861,0,-4.0286913,-6.8420916
181223,0,-3.5499358,-6.9323063
82390,2,-4.2950816,2.297629
14512,1,8.80977,1.1546981
101657,2,-4.6030836,2.5728521
177888,4,-4.669607,4.159778
37729,1,8.42551,-0.060191613
38880,2,-4.4228077,2.2847874
162630,1,8.843801,0.842738
26420,2,-4.2242723,2.4911156
8381,4,-4.334703,3.6327567
9325,1,8.567046,1.4492384
5987,1,8.358781,0.0035420668
78153,1,8.647623,1.3604646
84151,4,-4.388563,4.2328625
14873,0,-3.4451382,-9.1473675
88966,2,-4.458353,3.0117984
187824,0,-3.6385512,-8.530777
159201,3,-3.2652488,-1.5044576
112291,0,-3.5922744,-8.66729
17128,4,-4.1701145,3.52951
20935,0,-3.53306,-8.809797
11291,1,8.408868,0.37040687
176446,3,-2.8193607,-1.9444969
114200,0,-3.382268,-7.4881234
10981,1,8.385718,0.68714505
182383,0,-3.7059636,-8.5976
45490,2,-4.5013447,2.6074293
18784,0,-3.5114279,-8.914336
2505,3,-2.7610636,-1.1740984
172014,4,-4.548878,4.386678
103837,4,-4.4540806,4.2537093
186388,0,-3.5652137,-8.794561
89047,4,-4.4125237,4.129028
9921,1,8.194296,0.30775604
181246,0,-3.6247652,-8.409741
64280,0,-3.1152198,-6.7326536
113956,0,-3.2900114,-7.9744086
112158,3,-2.7431514,-2.8537302
82991,4,-4.520123,3.7562325
13367,4,-4.3018126,3.5341392
180774,0,-3.427448,-8.2261505
85800,1,8.701525,1.2335168
113588,0,-3.3926268,-7.80934
79518,1,8.780769,0.38684234
0,3,-3.2312129,-2.4362442
162182,4,-4.4504747,3.8717434
35766,0,-3.5104449,-7.4427
172036,2,-4.39749,3.2513194
39285,1,8.486306,1.1801019
14926,0,-3.543788,-8.455169
79283,2,-3.8947315,2.45501
120264,3,-2.610837,-3.686454
36832,0,-3.550681,-7.4725885
153993,3,-2.6559565,-2.1256063
83879,1,8.623676,0.8670638
175769,1,8.357499,0.18832254
20360,1,8.402965,-0.20411038
27048,0,-3.3560498,-7.6096077
28988,2,-4.398179,2.31154
111082,1,8.236083,-0.05163011
9350,1,8.467636,1.503885
30324,1,8.432499,0.17921135
73294,1,8.817623,1.1794565
49468,4,-4.4752727,4.013453
70301,1,8.63952,1.270536
166050,2,-4.1629934,2.8133674
84943,1,5.712594,-4.4989057
88172,1,8.155644,0.22469959
163090,1,8.522763,0.3034665
95710,1,8.849209,1.0605044
164413,4,-4.3368983,4.069862
163954,4,-4.4359684,3.8849175
165371,2,-4.221803,2.5677292
39866,4,-4.5643926,4.0034914
8162,4,-4.2229357,3.4891243
87099,4,-4.429565,4.158794
155397,2,-5.0105023,1.9833937
74103,3,-2.8915195,-1.4198583
18799,0,-3.5580077,-8.284398
78161,2,-4.4321733,2.3919265
55473,1,8.463558,0.799419
97201,0,-3.6488967,-9.024291
26341,0,-3.353528,-8.675016
111168,4,-4.4634695,3.8184018
24295,2,-4.6747456,2.9088557
157164,1,8.833192,1.2319155
8567,1,8.393972,0.051423468
11959,1,8.580063,1.158468
14273,1,8.825588,1.2340555
96532,4,-4.663708,4.2360487
180768,0,-3.7282543,-8.608754
114019,2,-4.3544893,2.8340633
21710,1,8.46273,0.4620114
110741,2,-4.6402,3.1972573
149903,4,-4.4292674,4.089105
34589,0,-3.5041704,-8.593977
156438,4,-4.4040747,3.9925928
111572,4,-4.368058,3.8109071
165919,3,-2.9404287,-3.48177
165634,1,8.473882,-0.24548471
162132,4,-4.4646854,3.7675133
21078,2,-4.2927566,2.4852946
20055,2,-4.614211,3.605153
164519,1,8.760199,0.869506
83049,1,8.692114,0.8372022
84389,2,-3.603915,1.9124821
81278,3,-2.7170022,-1.2278126
176709,2,-4.424779,3.3047767
9555,1,8.499434,0.12916462
100170,0,-3.7122428,-8.720012
102804,4,-4.5110316,4.144825
146784,1,8.615536,0.7926795
171601,4,-4.3002267,4.024929
12598,2,-4.465905,2.7376611
90510,1,8.693798,1.0460691
179424,4,-4.5410085,3.7507489
128046,4,-4.26881,3.474401
150150,4,-4.1727796,3.731099
165903,1,8.244681,0.37329617
154512,1,7.980844,0.10602715
152260,1,8.939064,1.0682824
187022,3,-2.5319502,-4.231975
166746,4,-4.6159697,4.1020865
96000,2,-4.4872985,2.705665
100909,0,-3.845221,-8.670633
42683,1,8.761409,1.0693225
168731,3,-2.8593142,-2.5765443
159721,2,-4.2939243,2.3614616
152897,4,-4.3458657,3.6662822
151198,1,8.171432,0.00826791
103947,3,-2.6982,-4.813397
95784,4,-4.3930926,3.6784632
177715,1,8.242373,0.64163387
97601,1,8.3597,0.13992889
37715,4,-4.4789815,3.8333662
91584,1,5.9178886,-3.1860337
26848,0,-3.8037093,-8.86029
14393,0,-3.6131978,-8.5004225
154274,1,8.386804,-0.0808132
20042,4,-4.510498,4.2051525
159259,1,8.713456,1.198674
93731,0,-3.7806177,-8.723356
168753,1,8.22741,0.24835597
113629,0,-3.363678,-7.492615
79327,3,-2.157986,-1.9202996
166782,4,-4.2995186,3.920506
191098,1,8.811377,1.0030903
85708,1,8.555544,-0.5845004
114686,0,-3.2578163,-7.1004524
100651,0,-3.372306,-7.7513165
39591,2,-4.603336,2.7346137
150415,3,-2.5806212,-3.001683
18885,0,-3.6987379,-8.683427
19040,1,7.904077,0.20938581
7599,2,-4.3498964,2.6141825
18193,3,-3.4468734,-1.9677659
39243,4,-4.5194516,3.7320464
19593,1,8.309513,0.038626224
81826,2,-4.30188,2.3624487
87006,4,-4.3726034,3.4010494
90851,4,-4.406944,4.23559
15876,1,8.401638,0.8468807
153767,1,8.06082,0.22085051
77542,3,-2.3985126,-2.7112193
20276,1,8.95832,1.3263984
166758,4,-4.501592,4.028039
183022,0,-3.6251063,-8.908978
75408,4,-4.3281465,3.843994
143945,2,-4.25846,2.3658564
79806,3,-2.8763707,-1.1256511
113933,0,-3.2239509,-8.098681
179419,2,-4.3870883,2.023242
161489,3,-2.7134995,-1.8361588
119189,4,-4.301594,4.0000043
159956,1,8.398234,-0.25008002
19498,2,-4.6305647,2.6917372
32715,0,-3.0944333,-8.260793
97225,0,-3.676044,-8.989794
38740,0,-3.4874475,-9.196705
153066,2,-4.6314025,1.8745728
185023,4,-4.50192,4.208084
91265,1,8.6116,-0.036276057
7786,1,8.778459,1.1486802
15607,2,-3.9913785,3.321792
36413,2,-4.418169,3.2510314
116025,0,-3.279948,-7.1513333
177826,4,-4.4876366,3.9296768
91386,4,-4.2099457,3.7346714
67632,3,-2.2548697,-3.358822
51375,1,8.117887,0.250898
108855,1,7.843626,0.12405622
161979,1,8.822372,1.3615185
27354,4,-4.437695,4.2259297
165304,1,8.699337,1.0719125
164014,1,8.532927,0.9934197
88425,1,8.443089,-0.0142375985
5129,1,8.807771,1.1472459
26658,2,-4.359274,2.571526
88720,3,-2.8178098,-2.204859
33185,0,-3.5556667,-8.65204
190727,2,-4.3569574,2.265189
114780,4,-4.368027,3.747594
113667,2,-4.2517295,2.4569302
30654,1,8.7394705,1.0754398
64661,0,-2.7990003,-7.0374937
7258,1,8.20664,0.027091
107844,0,-3.4494505,-8.97551
179527,2,-4.4356313,3.087418
86066,1,8.935609,1.1038104
83242,3,-2.814386,-3.3638463
90786,4,-4.37188,3.8560746
171666,3,-2.8170865,-1.3901212
18684,4,-4.3987417,3.708208
42214,4,-4.371351,3.350349
154485,4,-4.510666,3.6223097
64696,0,-3.4297287,-7.2171082
113749,4,-4.3710213,4.2125845
158983,1,8.462879,0.04116805
30611,1,8.953526,1.2396303
15212,4,-4.4944625,3.8662307
93561,2,-4.5488033,2.9667523
80386,1,8.40748,0.99226356
127680,3,-2.567055,-1.5507232
18245,4,-4.4378757,4.0358233
131187,0,-3.3245,-6.8792644
159432,1,8.798476,1.0060972
95774,1,8.642015,0.9901208
164426,1,8.423852,0.21889764
51265,1,8.670654,1.5045408
21668,4,-4.3753586,4.03072
108729,2,-4.66675,2.6657922
38926,1,8.698236,1.2354109
190749,2,-4.2245398,2.7791038
90668,1,8.978298,0.8549599
38547,4,-4.348642,3.440283
106801,2,-3.8782291,2.6851711
166337,4,-5.10106,3.5244753
154120,3,-2.6879454,-1.3944727
19011,1,8.818231,0.7729978
58660,1,5.345089,-4.7170277
35780,0,-3.4320047,-7.609725
181576,4,-4.5305476,4.2424135
147457,1,8.186523,0.01696098
105077,4,-4.486283,4.161093
52731,1,8.505474,1.2090906
114318,2,-4.326641,2.5752726
62606,0,-3.8738916,-6.6113777
173060,4,-4.658043,4.016546
90774,4,-4.3680596,3.9951382
36401,1,5.8999825,-4.791615
178039,4,-4.5212975,4.087062
160523,2,-4.421798,3.0770924
177485,1,8.453181,1.3367379
34586,0,-3.5345788,-8.689112
38966,1,8.585272,0.9028185
189731,3,-2.5694554,-2.68909
150972,4,-4.4244947,4.0785856
77897,3,-2.9649458,-2.30126
155994,4,-4.3507123,3.9297826
55147,3,-2.8679218,-3.3926497
149679,4,-4.3067417,3.9733448
50716,1,5.6750765,-4.2116885
23037,1,8.702338,0.8531127
167674,1,8.686281,1.4471488
183739,3,-2.917434,-3.1179721
85758,4,-4.5027637,4.0289755
189593,4,-4.3111014,3.8907685
158405,2,-4.4268537,2.9869406
101543,0,-3.321026,-7.1147046
31670,1,8.283053,0.24740528
14855,0,-3.439848,-8.798441
89039,1,8.541482,-0.034631412
162005,1,8.853774,1.296127
16790,4,-4.0398283,3.4916487
119433,1,8.570905,0.8806947
28918,2,-4.5236626,2.322568
182743,1,8.754508,0.1622756
24261,3,-2.6731398,-2.8460073
99121,4,-4.4756975,4.1766295
24065,4,-5.1777353,3.592456
40276,1,8.392028,0.33333227
112822,1,4.7785573,-4.502836
19366,4,-4.373674,3.7084801
20742,0,-3.4699464,-7.206568
83244,1,8.744851,1.0852174
60703,4,-4.1286116,3.807618
96196,2,-4.1375875,2.3150036
187093,4,-4.308302,4.118776
91399,1,8.50788,1.178432
97404,4,-4.391037,3.498883
89724,1,8.414004,-0.17491361
104903,4,-4.5281982,4.2113013
159961,1,8.890138,1.4024633
189871,4,-4.3888807,4.144219
166007,1,8.469658,0.6442436
168934,3,-2.7358673,-2.560622
49822,2,-4.522835,3.4490073
30921,4,-4.586143,3.9610758
102112,4,-4.565559,3.1875138
12961,2,-4.5574093,2.5965588
156757,4,-4.3254757,4.098526
184710,3,-2.916231,-4.942306
21815,0,-3.4043262,-7.423821
38822,0,-3.521214,-8.936937
167567,4,-4.3381157,3.736263
1755,1,8.485092,-0.40755472
165896,1,8.606682,0.4995937
167137,4,-4.6268024,3.884651
142986,1,8.342378,-0.053203367
181342,4,-4.0364885,3.6954627
8524,2,-4.105465,2.2968776
79843,1,8.55007,0.9950661
78732,1,8.487366,-0.07566869
2516,4,-4.1162443,3.9685433
72696,4,-4.4491577,4.025305
35787,0,-3.393132,-8.387454
15719,0,-3.083003,-8.205123
192687,3,-2.41552,-2.984958
6241,1,8.519351,1.1392684
168900,3,-2.9935439,-2.8443768
44962,1,5.240825,-5.358648
17081,0,-3.022471,-8.269306
177025,2,-4.4552817,2.3769107
17591,3,-2.7640846,-2.000432
82778,0,-3.4128842,-8.520747
97952,0,-3.4540894,-8.597976
137286,3,-2.826441,-3.1560206
169976,3,-3.0361478,-1.4307323
49609,1,8.681112,0.8735237
53962,3,-3.1106875,-2.73648
20974,1,8.495374,0.00040282356
111950,0,-3.5626924,-8.824366
127944,4,-4.156144,3.4251752
81925,4,-4.2506185,4.045929
21819,0,-3.351637,-7.596134
33529,0,-3.61083,-8.71442
18835,0,-3.6753645,-8.932664
106292,2,-4.2381134,2.3316877
156564,1,8.341786,0.4102582
189957,4,-4.3504653,4.0491314
26099,1,8.380712,0.28590304
180824,0,-3.5198708,-7.4910517
161849,1,8.833762,1.1231984
98431,4,-4.551995,4.0495715
39445,4,-4.485797,3.757012
36732,4,-4.2928004,3.6095204
89015,1,8.658064,1.0917329
149350,2,-4.4054136,3.0301366
22528,0,-3.580278,-7.297369
17699,2,-4.4522924,2.4314578
17993,1,8.587567,0.90552837
7318,2,-4.2638345,2.3888602
75290,3,-2.7458797,-1.3486636
41237,0,-3.031708,-7.216443
48256,0,-3.6432786,-8.654701
70183,0,-3.028052,-4.633337
29323,1,8.567069,0.99557066
156243,1,8.44429,1.113836
24310,2,-4.254564,2.325914
157294,1,8.981142,1.0329008
119056,1,6.3091254,-1.4434919
102786,1,6.3529544,-2.6118703
7595,1,8.612285,1.4242259
37995,4,-4.3965816,3.9046793
149415,1,8.858136,1.1056638
11,4,-4.3212996,3.4766104
44772,0,-3.50193,-8.734475
86277,1,8.813384,1.1016183
156969,2,-4.419157,2.8888967
161424,1,8.496099,-0.08717194
89403,4,-4.4690914,4.062185
32490,4,-3.9321759,3.112825
86927,2,-4.5874944,2.615818
124128,2,-4.07584,2.2395525
81294,4,-4.1424427,3.4326038
147977,4,-4.179501,3.7680807
104993,4,-4.3142433,4.1000643
40962,2,-4.308876,2.8042605
181761,0,-3.7568872,-8.5432625
164506,2,-4.527853,2.5584705
190568,1,8.245493,-0.20942646
182559,0,-3.6895866,-8.661226
9885,1,8.743741,0.8688405
27916,4,-4.390986,3.8225374
35387,1,8.449992,0.12771416
143684,2,-3.9977083,2.387375
124080,3,-2.8315337,-2.185538
39031,4,-5.2642746,3.5083508
19554,2,-4.524415,2.6914494
40767,1,8.634096,-0.056340244
5384,1,8.705832,0.8093168
30604,1,8.604024,1.2982788
179561,0,-3.607508,-7.150935
97586,2,-4.610112,2.6763124
80703,0,-2.9200146,-6.853137
5754,1,8.557576,0.7975407
21566,2,-4.3245697,2.438863
77776,3,-3.7479658,-3.054173
26810,0,-3.3728356,-7.820995
37444,1,8.620876,0.26449877
165635,1,8.775159,-0.24722597
179965,2,-4.5055065,3.1113884
97704,4,-4.2112107,4.010389
84225,1,8.647144,0.860332
153386,2,-4.435725,3.3849163
64685,0,-3.0187974,-7.015765
87497,1,8.865191,0.7992051
99579,0,-3.3449497,-7.6658707
160104,4,-4.357561,4.147201
93604,1,8.343554,0.4175627
31981,2,-4.4605665,2.893205
136418,0,-2.9422417,-7.1036987
163111,1,8.352225,1.1386375
189613,4,-4.2705765,3.9292152
88074,2,-3.4156852,2.6216924
39013,1,8.496109,-0.034656093
34814,2,-4.4654403,2.5121298
182341,0,-3.6941764,-8.709047
29441,0,-3.4725692,-7.656647
103852,4,-4.4173913,3.9335766
116201,0,-3.5870214,-8.703112
97205,0,-3.518802,-9.063341
115661,4,-4.354198,3.579294
167135,2,-4.6636915,2.5389626
114236,0,-3.511566,-8.21704
22001,2,-4.464903,3.243958
36538,0,-3.6226573,-8.804855
97999,0,-3.5822365,-8.880052
59732,0,-3.122376,-6.9639983
86339,4,-4.2976604,3.9186397
190730,1,8.321954,0.23987134
28867,1,8.630312,1.3391101
47063,1,5.8984327,-5.0949993
80936,1,8.601082,1.0844421
67974,3,-2.1689992,-3.6759012
109481,0,-3.62586,-8.630127
187709,3,-2.8586705,-2.450956
182980,0,-3.9644842,-8.207999
100352,2,-5.0865607,2.453966
12935,1,8.669547,0.8158328
89038,4,-4.22757,4.0818014
51387,1,8.523319,0.6028071
15648,4,-4.425812,4.195849
155272,1,8.436215,1.1273518
83038,1,8.6320915,0.70776254
164869,3,-3.3225162,-2.4407287
139582,0,-3.6489623,-6.8699856
82056,4,-4.4892874,4.2724423
154333,3,-2.89889,-0.9415048
157574,4,-4.477696,4.1425924
144398,4,-4.2571607,4.0116315
96399,3,-2.4465458,-3.2985716
24486,2,-4.738269,3.4109035
49419,2,-4.472699,2.6037984
14786,1,8.6778755,0.34615472
79505,1,8.772247,1.3069679
101141,0,-3.3410227,-8.885486
102391,2,-4.236321,2.5241594
21687,1,8.898873,0.8402074
175416,4,-4.4003615,3.6440983
148160,2,-4.3685155,2.4959538
98654,1,8.310763,-0.1603839
97369,2,-4.4984193,2.3037972
53952,3,-2.8603666,-2.8473258
168008,1,8.867853,1.051401
88219,3,-2.753506,-1.4428091
149556,4,-4.3557553,3.4425855
86509,0,-3.172498,-8.491806
30051,0,-3.032908,-7.3025928
91989,1,8.048471,0.048800703
80744,1,8.712162,1.1857917
174392,2,-4.5123153,2.360337
136454,0,-3.4341877,-7.309606
163544,1,8.86309,1.1189967
80144,2,-3.7221904,2.1737368
24200,3,-2.7099524,-2.9133232
51396,4,-3.8825908,3.6396244
95766,1,8.455043,0.4661587
181805,4,-4.6079574,4.2329984
159412,1,8.538346,1.2215885
18714,4,-3.831732,3.3695006
1843,0,-3.3202095,-6.491697
18957,1,8.919332,0.72415686
179588,0,-3.7274764,-8.244155
20071,1,8.327044,-0.12826875
167471,4,-4.2941747,3.7140708
105060,4,-4.488706,3.7205956
93320,4,-4.435772,4.0446825
124906,4,-4.3615665,3.5873003
180691,0,-3.6164267,-8.501139
114668,0,-3.3921504,-7.5392284
82428,1,8.006812,-0.08669834
49598,4,-4.3792276,3.7491891
57152,3,-2.6328719,-2.360003
84414,1,8.76093,1.05517
98607,0,-2.995487,-7.2775297
172034,4,-4.375887,4.1562214
150833,3,-2.7631044,-3.235309
42661,2,-3.506462,2.339695
34228,2,-3.6812136,2.2960215
86922,4,-4.4526134,3.7199886
3823,1,8.921393,1.0985476
33079,0,-3.0399249,-8.269524
10924,4,-4.026356,3.5533748
28869,1,8.591236,1.3481883
147367,1,8.724606,1.2573221
164815,4,-4.694172,4.218897
51464,1,8.239042,-0.2581159
95534,1,8.642983,0.4405649
8485,1,8.517466,0.7680088
95739,3,-2.823778,-2.741881
152611,1,8.49371,1.6653558
82788,1,8.651424,1.432554
186922,0,-3.5890884,-8.953451
61213,4,-4.4028606,3.5186408
149740,3,-2.43018,-2.8110163
8616,1,8.609776,1.1514289
137671,4,-4.3764653,3.693653
150149,3,-2.3593047,-2.6731496
62369,2,-4.16558,2.391221
49320,2,-4.298079,2.5966876
99972,2,-4.442062,2.735559
87859,1,8.577904,1.0230894
77141,4,-4.552008,3.7554429
32314,0,-3.7068696,-8.634537
93724,4,-4.238014,3.2752714
98630,2,-4.4622965,2.5448606
102733,2,-4.28723,2.4967725
7616,4,-4.2724624,4.1389623
186591,1,8.511034,1.0586576
93608,1,8.495035,1.167285
152053,4,-4.173729,4.02082
176623,1,8.442347,-0.046440937
37837,0,-3.4102519,-7.7592893
94281,1,8.496687,0.19424748
29074,0,-3.4348934,-7.864713
173964,4,-4.5818315,3.606028
23242,3,-2.8367395,-3.8487847
51236,0,-3.2869017,-8.4052725
14516,2,-4.6768007,2.3775637
147478,1,8.166862,0.031250156
91332,1,8.561184,0.89813447
48584,0,-3.3046658,-8.390091
124169,3,-2.9820883,-3.5555403
38939,2,-4.4055204,2.0634434
183513,0,-3.5819306,-7.062451
51268,1,8.164275,0.13155253
107829,0,-3.5983603,-9.1321535
134981,3,-3.5096457,-2.7716227
156049,2,-4.4906693,2.4747105
186380,0,-3.2623017,-8.579491
37041,0,-3.366208,-8.202901
37599,2,-4.5332003,2.4761498
143636,1,8.879094,1.0370018
22144,4,-4.6289687,3.7973125
99831,0,-3.7258,-8.810756
107884,0,-3.624553,-8.834147
75289,4,-4.3985806,3.8645837
169397,2,-4.4147515,2.907871
141137,4,-4.3711615,4.10115
103843,1,5.9939904,-4.323902
94357,1,8.862825,1.307026
15518,2,-4.0804863,3.2678964
174644,4,-4.1439023,3.990303
70340,2,-4.3698344,2.5427423
88922,4,-4.3292356,3.7644422
17857,2,-4.546687,3.0884113
24276,4,-4.435191,3.5198445
87501,1,8.502504,0.49354115
62487,0,-3.323024,-6.423681
166322,1,8.626861,0.8186474
35785,0,-3.4840019,-8.524369
61173,4,-4.336575,3.6338122
154390,3,-3.0462937,-3.6227689
188848,4,-4.155665,3.5912056
148010,4,-4.184305,3.78818
149323,1,8.065594,0.009841488
167278,1,8.789012,1.2741293
87780,4,-4.2335796,3.7543929
158881,4,-4.4900584,3.6411662
86073,1,8.881832,1.0454592
27486,4,-4.5026608,4.1547494
170001,3,-3.1493046,-3.206619
27907,4,-4.454954,3.8992796
93694,4,-4.5778384,3.8298914
6123,1,8.328947,-0.2970815
85785,1,8.717486,1.1808263
92311,0,-3.6544425,-8.6586685
41102,2,-3.996848,2.3444853
79370,1,8.188977,0.037280474
21007,4,-4.535959,3.8575
183546,0,-3.3854144,-7.1067657
41608,4,-3.972365,3.7284057
163927,1,8.837191,1.0326488
165550,1,8.849408,0.9082231
147920,4,-4.218811,3.689984
24121,4,-5.076459,3.508614
36738,2,-4.2299347,2.6120362
148012,4,-4.32335,3.8259935
144467,3,-2.7208612,-2.102412
146549,4,-4.4772677,4.0286827
37059,4,-4.5845847,4.063675
106911,2,-3.9859374,2.4356735
180906,4,-4.483153,3.8951266
165607,4,-4.4357586,4.2691383
74324,2,-4.2373314,2.456487
51245,3,-2.7416987,-2.1406045
175680,2,-4.433662,2.8301382
116287,0,-3.9462447,-7.8114967
148368,1,8.530098,-0.22244069
84380,1,8.915645,1.053927
159049,3,-2.9032211,-2.1429787
174269,2,-4.6559997,3.213511
104855,4,-4.3995066,4.098374
176017,4,-4.6163845,4.083809
151100,4,-4.032461,3.706417
94077,1,8.900629,1.2235439
22833,0,-2.9942553,-7.3508816
85336,2,-4.3565464,2.8382165
40864,0,-3.0907702,-7.5040493
188372,4,-4.298514,3.5131965
77168,1,8.461339,-0.21983553
93571,2,-4.5902343,2.425112
40659,0,-3.5479712,-8.766702
181928,2,-4.7479744,2.779868
36609,0,-3.3471243,-8.719469
174337,1,8.661434,0.94208556
185851,1,8.4983635,0.2766868
166737,4,-4.6679525,4.0655456
31775,1,8.206392,0.22403866
91580,1,5.804254,-3.971119
2509,1,7.9423,0.0062826118
50683,4,-4.4793367,3.6087093
20712,1,8.456782,0.62077993
34460,0,-3.698734,-8.637914
87879,1,8.629719,1.1348181
181206,0,-3.532655,-8.396411
146683,4,-4.476775,4.00495
178371,3,-2.9022033,-2.668984
23858,1,8.200488,-0.259321
164439,2,-4.2296343,2.4525087
32717,0,-3.6539612,-8.451525
168722,4,-4.471022,3.823931
171570,1,8.319943,0.094310634
42054,1,8.4107275,0.19000961
20962,1,8.681726,1.4046857
85666,1,8.75671,0.5498658
12298,1,8.713406,1.0432775
94564,2,-4.0693083,2.375368
94327,1,8.981539,1.2117445
25956,0,-3.6042457,-8.655042
109073,2,-4.315756,2.5616043
82091,4,-4.338172,4.2697706
160263,4,-4.3348746,3.8346636
51465,1,8.258359,-0.21226482
163999,3,-2.6451252,-1.6526344
91168,1,8.327224,-0.25468516
5389,1,8.62444,0.8526479
38919,1,7.875398,0.0009620384
179861,4,-4.624996,3.8325257
100796,4,-4.537271,3.8211136
95162,2,-4.3219814,2.5182467
86273,1,8.797688,1.0454977
179425,4,-4.6601877,3.9508145
114714,0,-3.2868636,-7.1387725
27447,1,8.6269245,0.981854
113959,0,-2.8998914,-7.031791
21744,1,8.40932,0.6160222
188625,3,-2.5502954,-2.5275314
115376,1,8.660399,1.2367853
88382,1,8.416249,0.16603574
153593,1,8.585898,1.7696952
15810,2,-3.982368,3.073634
50245,4,-4.3017507,3.714608
92874,1,5.684677,-4.102446
84430,1,8.517553,-0.053331032
169314,1,8.578398,0.5140729
166763,4,-4.4797025,4.015657
23030,4,-4.4448943,4.0718646
85805,1,8.746012,1.2950144
13911,2,-4.3313355,2.6100018
88540,4,-4.4587317,4.2653894
168076,4,-4.4493775,3.852786
27407,0,-3.6874266,-8.393965
2327,1,8.810022,1.2061973
86439,3,-2.7987988,-2.6545708
176679,4,-4.4674683,3.5661218
29501,0,-3.4876928,-7.5709367
12287,2,-4.333235,2.7576256
9031,1,8.434503,0.92611104
25449,4,-4.430777,3.9456635
36451,0,-3.5026984,-7.6958385
112133,2,-4.38916,2.7582188
37266,2,-4.175099,2.6451523
33622,1,8.137814,-0.01068528
113238,4,-4.3812265,3.8919055
28509,2,-4.533731,2.8071704
90400,0,-2.5527825,-7.565953
91978,2,-4.0704403,2.8918903
33310,4,-5.18517,3.9886675
97459,0,-3.4750524,-8.757755
85841,2,-4.4057546,2.6521268
181226,0,-3.5948505,-8.613553
100414,2,-4.418762,2.2216914
165827,2,-4.671966,2.876076
67343,0,-3.0977223,-6.9510813
18312,1,8.476924,0.5679727
98156,3,-2.6122663,-1.7589879
20068,3,-3.6168988,-1.2155436
159406,4,-4.4181566,4.1411443
118113,4,-4.5449986,3.939008
3603,1,8.306095,1.3282944
185688,2,-4.2663383,2.6847878
73321,4,-4.2460012,4.0325174
163702,2,-4.1830873,2.9668376
36953,2,-4.3366656,2.4930074
186642,0,-3.6110845,-8.758831
32240,1,5.7648897,-5.167603
29134,1,8.983406,1.1119035
94156,0,-2.750184,-7.3424687
172518,4,-5.0648227,3.644188
89693,1,8.373655,-0.15594548
164029,2,-4.588865,3.1858609
84944,1,5.687707,-3.8232243
3995,1,8.911356,1.2219999
82072,4,-4.1875014,4.2560225
99807,0,-3.3462224,-7.7006574
94016,1,8.357077,0.19236402
106839,4,-4.2584057,4.004063
10564,2,-4.195784,2.3548174
96446,1,8.545856,0.75267506
55,2,-4.1113563,2.2840533
81935,4,-4.3296304,4.1973634
99558,0,-3.4965177,-8.458774
32200,1,8.731994,1.3728226
14845,0,-3.4118226,-8.293616
181753,0,-3.6374118,-8.504614
163552,1,8.842294,1.111917
183219,4,-4.247568,3.92512
186178,4,-4.567292,4.013857
7518,1,8.043467,0.19510771
13571,1,8.202811,0.3368059
77617,4,-4.1416006,4.019479
149308,1,8.676129,1.2014672
94320,1,8.991766,1.1972623
162621,1,8.922122,0.91950893
122490,0,-3.0951014,-6.812506
35882,1,8.715484,0.7823693
147678,2,-4.350141,2.2639315
35818,0,-3.2520604,-8.541254
108732,1,8.412297,-0.14138949
18041,1,8.741753,0.9405175
82075,3,-2.6212194,-1.6504095
172194,4,-4.4393296,3.8802202
12517,1,8.3693,-0.100623265
62644,0,-3.655752,-6.486752
148045,2,-4.0628505,2.360641
83630,1,8.92388,0.9600065
99790,0,-3.4971457,-7.5203257
110600,2,-4.4391947,2.3220577
27529,1,8.793752,1.3137509
72751,1,8.294901,0.638198
4855,3,-2.6078935,-1.1270492
113339,3,-3.52726,-4.214314
10667,1,8.06542,0.5415914
16815,0,-3.633216,-8.560385
60384,0,-3.319212,-6.533438
10204,1,8.681392,1.0923057
158558,3,-2.550657,-2.6236537
151275,2,-4.4038916,2.9891484
113598,0,-2.9313397,-7.1714454
35460,1,8.815476,1.0604485
7397,1,8.495701,0.9399301
79367,1,8.596887,1.3528615
137211,3,-2.8251872,-3.5633497
134974,3,-3.649168,-2.897472
92554,0,-3.0627291,-7.404995
149105,1,8.452226,0.4409696
30036,0,-3.2015047,-7.047099
182534,0,-3.6241195,-8.71427
9401,1,8.283611,0.8934707
158254,4,-3.8605309,3.3916967
48277,0,-3.4726212,-8.727729
101932,1,8.643908,1.1850696
13115,0,-3.691651,-8.893527
96524,2,-4.550323,2.7057848
24838,1,8.575077,1.1945288
17310,1,5.9554477,-5.021666
100012,4,-4.49654,4.2902102
49377,1,8.39021,-0.19189152
189670,1,8.035955,-0.0075853337
78572,4,-4.4518204,3.640521
180634,2,-4.158088,2.3913932
86959,2,-4.7657056,2.1843345
37315,2,-4.428046,3.054845
3674,2,-4.2050724,2.3338146
2517,3,-2.6637077,-1.1748939
150682,4,-4.3490977,3.9826715
73029,1,8.848118,1.1564153
161506,1,8.918086,1.05045
2253,0,-2.5980947,-4.8514323
18030,1,8.601562,0.9201985
85426,3,-2.626233,-1.5255237
173177,1,8.922644,1.0765654
33549,0,-3.534229,-8.980811
87524,1,8.248786,0.06704941
26325,0,-3.5512538,-8.914287
15696,2,-4.381608,2.7929883
90974,1,6.05956,-3.511518
105158,4,-4.4715776,4.0329967
146953,1,5.7635036,-3.2751276
62501,0,-3.7821128,-6.5571685
155370,4,-5.304618,4.0259905
171702,1,8.610527,0.31011546
28934,1,8.43463,0.023135547
103215,1,8.4230795,0.14645426
151119,4,-4.490335,3.8714502
39854,1,8.708315,1.1425613
176937,2,-4.493333,2.8389032
167550,4,-4.396072,3.967037
189014,4,-4.5286217,3.2143862
9265,1,8.07206,0.45199022
176379,2,-4.5417924,2.752772
17893,2,-4.322423,2.6397862
108984,0,-3.5911608,-8.703901
106847,1,8.7208605,0.94526523
113965,0,-3.00515,-7.3109255
20231,2,-4.68514,3.4038997
159257,4,-4.2804413,3.9734564
47808,2,-4.1120396,2.677865
85936,1,8.731909,1.3160499
79414,2,-4.134928,2.5975096
12865,4,-4.5431833,3.8647199
123550,4,-4.098983,3.7901568
154698,4,-4.5111666,4.0244594
101337,1,8.930625,0.8883365
62506,0,-2.9725497,-6.359034
166008,3,-2.605376,-2.0659502
149394,1,8.373853,0.07832576
100599,0,-3.456757,-7.667193
21989,2,-3.8689535,2.3768036
96048,1,8.336232,0.44841447
150212,4,-4.5718117,4.011929
167842,1,8.568635,0.90849125
12887,1,8.149728,0.34019843
156361,1,8.795387,0.5868805
168235,0,-3.3139172,-8.846339
37574,2,-4.343856,2.3893523
150753,1,8.548301,0.57853675
83761,1,8.71981,1.067852
181819,4,-4.3996253,4.132377
15844,2,-4.5335484,2.8917408
183001,0,-3.720707,-8.246916
15280,1,8.581568,0.5287277
47168,4,-4.362925,3.8168757
10196,1,8.551256,0.38595825
104180,0,-3.0478535,-7.364386
51385,1,8.555447,1.0544639
154196,3,-3.2156003,-3.7973483
28840,1,8.432605,0.23662642
69650,3,-2.6625133,-2.9805598
175352,4,-4.619425,3.9642134
105026,4,-4.338858,3.8679712
189768,1,8.127768,-0.036420524
169485,1,8.791076,1.3373055
161930,1,8.977579,1.1426418
88267,1,8.36713,0.053123653
13161,4,-4.6502857,4.205152
107474,3,-2.62175,-4.5434484
36478,0,-3.4856045,-7.493008
49014,1,8.743,1.261614
10251,1,8.432301,1.099587
27086,0,-3.3955636,-7.520906
166089,2,-4.607794,3.007108
17489,1,8.747471,1.009624
48268,0,-3.5468383,-8.758857
13103,1,8.788484,-0.059385344
24680,3,-2.612422,-3.0323799
86910,4,-4.3956685,3.330277
114199,0,-3.3548453,-7.4027667
114232,0,-3.754095,-8.16477
98113,1,8.332425,0.08272456
13529,2,-4.5564003,2.7822678
167331,4,-4.393613,3.8415065
87410,1,8.878048,0.85280097
89336,0,-3.456251,-7.536934
20137,3,-2.6989245,-1.5309758
167270,1,8.2529125,-0.07384687
80180,3,-2.3395014,-2.4897184
121589,2,-4.178144,2.4038136
181139,2,-4.4246025,3.0771372
123736,3,-2.694619,-1.2957054
167587,1,8.66833,1.0263785
73302,4,-4.1050797,3.7211244
119502,4,-4.2088885,3.7588253
30516,4,-4.4015536,4.111463
37065,4,-4.4611225,3.9093297
49150,4,-4.450504,4.1095467
176376,4,-5.0516334,3.5337024
87603,4,-4.3745494,3.8256464
99941,2,-4.3240986,2.4041414
89662,1,8.8713045,1.3069985
111750,4,-4.430221,3.964728
41287,0,-3.336224,-7.6748805
96508,4,-4.1445284,3.7484212
110678,2,-4.580775,3.2370124
15243,4,-4.4379053,3.7185276
182767,1,8.274152,0.7921075
187025,2,-4.4133763,2.9931245
174418,3,-2.6444275,-2.0192418
27953,2,-4.558635,3.3312228
11795,1,8.882257,1.4015574
26125,3,-2.6774447,-3.673955
48909,1,8.635845,1.2599207
115282,0,-3.7177584,-8.380232
96587,2,-4.432064,2.68984
39436,4,-4.543526,3.6764586
62755,0,-3.2929823,-5.528534
175166,3,-3.0065775,-2.7038803
108249,2,-4.368528,2.6122484
60664,1,5.854283,-3.7314627
113400,0,-3.6414106,-8.607982
28620,3,-2.5687785,-2.704524
24911,4,-4.541095,4.2022305
151517,1,8.879412,0.85933214
90919,0,-3.326128,-7.2929025
107916,0,-3.6207988,-8.853956
90838,3,-2.2106836,-1.9478313
156388,2,-4.5672097,2.9080317
99289,2,-4.1565223,2.6433227
189776,4,-4.54729,4.142001
159054,1,8.711671,1.1950835
113137,0,-3.485544,-7.3407235
178072,4,-4.448301,3.9692917
163116,1,8.54722,0.3992595
75281,2,-4.162353,2.6549425
85817,2,-4.2814307,2.5887814
5839,1,8.587957,0.0955238
70203,0,-3.0136468,-4.3678603
172371,0,-3.4349477,-7.36872
1327,4,-4.3143916,3.4652088
33452,1,8.17027,0.24417233
158630,2,-4.310793,2.0493608
103889,4,-4.179548,3.9190066
114408,4,-4.3386703,3.9452112
175802,1,8.843417,1.0683333
26689,4,-4.4150524,4.1166406
29141,1,8.861,1.1509205
8667,4,-4.349114,3.3427527
13152,4,-4.4170156,3.8195271
90610,1,8.999068,0.8493073
62803,0,-2.8326793,-5.507308
96154,1,8.729577,0.46370938
114056,2,-4.1687164,2.7655113
87330,1,8.633646,1.1482396
157736,4,-4.423238,3.9066439
97779,4,-4.4598565,3.7965581
155564,2,-4.4017744,2.6743376
2521,4,-4.3760896,3.4776502
84531,2,-4.151168,2.4124258
88785,4,-4.2293158,3.988958
86076,1,8.8616,1.1437228
11380,4,-4.2479568,3.9426272
82704,2,-4.246315,2.2668068
85955,4,-4.293852,3.5847833
25848,3,-2.697509,-3.1145272
163140,1,8.069058,0.2422061
182549,0,-3.53159,-8.632951
107380,2,-4.5461726,3.1007783
185587,0,-3.0184536,-8.377611
135978,0,-4.0277066,-6.5914593
87865,1,8.708736,1.1882888
106741,3,-2.9446871,-4.233828
181027,0,-3.4240353,-7.705152
10407,3,-2.43965,-3.1884818
103829,4,-4.305295,4.114193
85230,4,-4.419999,4.055405
114710,0,-2.9335332,-7.240347
71895,1,8.202773,0.24614525
48575,0,-3.453209,-7.524553
18404,1,8.477469,0.87345034
164062,1,8.757001,1.2306844
34539,4,-4.524014,4.2966723
30582,1,8.761204,1.0367689
95075,1,7.942953,0.4525909
23636,1,8.231312,0.73802096
102950,1,5.5242467,-4.4873075
93661,1,8.465862,1.194865
87277,1,9.099986,1.0668638
115283,0,-3.6827483,-8.590267
23688,1,8.479046,-0.16155007
160695,4,-4.369085,3.9497144
57541,3,-2.6922922,-4.853456
17838,2,-4.237292,3.2304106
116106,4,-3.8534799,3.7875712
27324,2,-4.405977,2.6252608
147827,1,8.245439,0.25310546
163143,1,8.31333,1.1778508
119224,2,-4.077588,2.542353
13958,0,-3.6680636,-8.405023
44443,0,-3.093813,-6.98669
28635,3,-2.6621401,-2.815552
160102,4,-4.323103,4.1364284
189656,1,8.631605,1.1995218
122768,4,-4.3645215,3.783649
25218,1,8.274761,0.72405726
95262,2,-4.471963,3.1113992
168170,4,-4.0985966,3.9689956
183825,0,-3.4702852,-7.291301
7988,2,-4.3651385,3.0427182
13052,2,-4.5609765,2.5031855
180133,1,8.606529,1.3681968
178751,2,-4.41034,3.304885
167983,2,-4.408265,2.3135958
84927,2,-4.458661,2.9330473
11384,4,-4.2508845,3.975998
19509,1,8.637467,1.0295529
18370,1,8.439407,0.2330394
181270,1,8.351324,0.0888028
105017,4,-4.511506,4.2432675
42417,2,-4.4555626,3.2986586
84366,1,8.463488,0.89888763
165467,1,8.372086,0.17158347
101159,0,-3.705922,-8.581009
18776,0,-3.5278769,-8.702109
41875,0,-3.365894,-7.5120034
80195,2,-4.3280354,2.394741
152019,4,-4.2768908,3.4829326
19348,4,-4.313935,3.7686172
10610,1,8.553737,0.9246845
21737,2,-4.467017,3.3639798
34370,2,-4.3784833,2.7137074
149801,1,7.9471107,0.25769
107390,4,-4.3969564,3.776556
159322,4,-4.9570017,3.5986636
170917,4,-4.589077,4.086283
189960,4,-4.514083,4.1558537
108872,0,-3.507501,-7.4307365
101165,0,-3.8806996,-8.841912
42000,2,-4.079121,2.1666634
90619,1,8.8934145,0.8660675
78393,1,8.571269,1.4958533
45868,4,-4.5658135,4.0725074
23886,1,8.54328,-0.0063933358
96336,4,-4.429663,3.9372704
19231,4,-4.5461264,4.2592635
1797,4,-4.459211,3.7965689
96953,2,-4.265422,2.8889813
164054,1,8.911093,0.99688417
157061,1,8.361906,-0.14913249
144593,4,-4.268022,3.7763157
97869,0,-3.820705,-8.55565
109258,4,-4.3370385,3.8102694
78847,1,8.423988,1.4184197
38193,1,8.211803,0.17550154
159051,1,8.766627,1.06714
7950,1,8.417672,1.3366418
104859,4,-4.4075885,4.112938
129361,0,-2.9811125,-6.489192
187975,2,-4.365708,2.3917894
85784,1,8.421908,0.009464097
178081,1,8.442761,1.2629526
51474,1,8.281453,-0.2648066
12067,4,-4.5979824,3.8809712
156162,4,-4.2718816,3.9401453
22258,1,6.0141954,-5.112429
37091,1,8.496975,0.37489018
51620,1,5.394857,-4.3259387
60216,0,-3.3721867,-6.6376686
163917,4,-4.4751506,4.032018
188828,3,-2.9443479,-2.9661832
85914,1,8.394162,0.16913676
15188,1,8.275645,1.1207857
180984,0,-3.5469751,-8.303832
129286,0,-2.808688,-5.7414865
31237,0,-3.2172086,-8.387211
85167,4,-4.260668,4.029761
166080,4,-4.3921957,3.8890598
17505,1,8.829057,1.2002444
77883,3,-2.9848619,-2.4729722
162716,4,-4.2835293,3.8989067
104768,4,-4.631183,4.120775
112196,3,-2.6171157,-2.5166864
124145,3,-2.7577147,-2.6328578
17123,1,8.034032,0.25636604
177574,2,-4.1688857,2.4985514
180090,2,-4.30557,2.467748
38226,0,-3.712495,-8.614367
26682,4,-4.546503,4.115902
73030,1,8.273722,-0.09780772
105148,2,-4.4792147,2.287886
89229,3,-3.0690296,-3.9391496
80972,3,-2.5597255,-3.8656044
19892,3,-2.843347,-1.6084675
109473,0,-3.5070765,-8.876506
154903,4,-4.242951,3.6194584
115265,0,-3.1813214,-7.881396
20889,1,8.548122,0.5143085
11918,4,-4.478,4.220155
26048,3,-2.8872592,-3.212898
187153,0,-3.640241,-8.552085
35393,4,-4.366759,3.8215373
90750,1,8.416446,0.07255481
77159,2,-4.5306377,2.3339415
26036,1,8.57632,1.5993115
77770,3,-3.7838676,-3.863906
171595,2,-4.259515,2.58354
183214,1,8.8527,1.4247245
13556,2,-4.53467,3.1122236
33763,1,6.051669,-2.6856725
100484,0,-3.3243759,-7.7324557
11819,4,-4.506102,4.096317
185341,1,8.553463,1.1361877
148129,4,-4.511525,4.0955296
190927,1,8.59024,0.31572118
189595,4,-4.3697925,3.6718202
187761,0,-3.4063435,-7.4817877
10757,1,8.432891,0.91860884
174004,2,-5.311692,2.2338927
9502,3,-2.5354824,-1.418599
99483,0,-3.1500938,-7.012443
142687,4,-4.247389,4.01694
86368,1,8.119737,-0.12250135
82738,0,-3.504227,-8.717676
161821,1,8.758794,1.2665933
34634,2,-4.430716,2.7669113
124688,3,-2.7181935,-4.7320123
171170,1,8.388178,0.6744543
22068,4,-4.510902,3.9245048
186292,3,-2.2514522,-2.262835
158099,2,-4.1988096,2.821137
26322,0,-3.565954,-8.943982
135846,0,-3.7346156,-6.5436964
159061,1,8.732707,1.1615859
29694,2,-4.541898,2.671457
87284,2,-4.4051604,2.7936835
19102,1,8.1952095,0.027603554
98086,1,6.7579074,-1.8289598
22148,4,-4.613091,3.87155
35901,1,8.8769865,1.1641916
27489,4,-4.490401,4.1008873
151757,1,8.768741,0.9092491
97905,0,-3.2663178,-8.125691
162682,4,-4.434676,4.0146155
172445,0,-3.506553,-7.5725994
123754,1,7.7587557,0.0556585
91948,4,-4.369618,3.6006463
48989,1,8.560214,-0.26184228
14622,4,-4.484733,4.1153374
94092,1,7.9975452,0.25567532
38938,2,-4.614369,2.9128978
161509,1,8.910027,0.9671464
13728,3,-2.4436076,-3.3398652
74559,3,-2.0083807,-3.0828147
19820,2,-4.5187597,2.799269
85339,4,-4.4208584,3.825552
176435,1,8.727217,1.0408535
1478,4,-4.5225887,4.1616616
40935,0,-3.6704986,-8.702224
99708,0,-3.2641253,-7.0737123
183264,4,-4.181946,3.6362343
60382,0,-3.318629,-6.579138
113358,0,-3.3533418,-8.387306
97913,0,-3.2249684,-8.300128
82999,1,8.795162,0.90037984
92178,4,-4.3481545,3.860024
31322,4,-4.2395325,3.8269038
98062,1,6.5290227,-2.9513638
38452,4,-4.4868073,4.093827
70593,4,-5.2430677,3.5646858
31007,4,-4.4637513,3.4890566
88979,3,-2.7180858,-1.5006123
77518,2,-4.15279,2.2813103
131523,0,-3.649486,-6.6848006
10018,1,4.764511,-4.9436145
36877,4,-4.1207666,3.9845133
189590,4,-4.5229964,3.8839993
150494,1,8.572188,-0.007132942
115329,1,8.351722,1.2947766
182335,0,-3.6276748,-8.9846945
22438,1,5.2421026,-5.454341
8921,1,7.980871,0.83873373
99215,0,-3.8177905,-8.498555
99745,0,-3.2530317,-8.167954
137627,4,-4.319936,3.7992811
182533,0,-3.605401,-8.42037
36448,0,-3.243516,-7.6363525
9668,3,-2.8395832,-4.4496646
180454,0,-3.6917489,-8.765914
24277,1,8.639092,1.0805365
39608,1,8.744396,1.240966
15724,1,6.7118425,-1.9519732
18473,4,-3.9943895,3.5541975
188516,3,-2.835759,-3.1173952
91903,2,-4.474483,3.1258526
110254,0,-3.1834593,-8.127142
116483,3,-2.8674223,-2.5454426
154908,4,-4.4536147,4.140222
25892,3,-2.687206,-3.5147378
51857,1,8.45549,1.6356654
40655,0,-3.5371552,-7.4194217
113949,0,-3.4049091,-7.398251
15555,1,8.752134,1.3529515
91209,1,8.43018,1.3019261
185234,0,-3.0213547,-7.329615
92138,1,8.269367,0.53313553
103897,4,-4.264031,3.5258813
113986,0,-2.9440413,-7.2909527
152405,4,-4.6481175,3.9951541
11383,4,-4.3080482,4.0187316
113130,0,-3.6588497,-8.680098
82423,4,-4.9433193,3.3263116
190900,4,-3.9745462,3.7643206
10726,1,8.52935,1.0409337
32893,4,-3.9444177,3.5073547
24409,1,8.605847,0.86386484
32509,1,5.962563,-3.5642931
28852,4,-4.3884273,3.9569268
12918,4,-4.495745,3.5518186
97943,0,-3.4237688,-7.780265
2704,2,-4.4194174,3.1894126
94297,1,8.89638,1.0964507
121861,3,-2.2468145,-2.521
38568,4,-4.2812386,3.3248339
18382,1,8.680089,1.21398
90650,1,8.993051,0.9057393
50542,3,-3.0732794,-2.8572347
18875,0,-3.5235589,-8.69124
85969,1,8.147553,0.081932366
25914,0,-3.4479551,-8.617392
175766,2,-4.4554853,2.3878849
16216,0,-3.4277732,-7.6482954
94330,1,8.918899,1.2613511
108932,0,-2.9685426,-7.2247167
156328,1,8.530093,0.37720945
27206,1,8.331764,0.13174799
24085,2,-4.674302,3.2077115
34532,0,-3.512133,-8.247515
110117,0,-3.303228,-7.5577593
26002,4,-4.3564496,4.1034627
103076,1,8.523594,0.9960763
105597,4,-4.519417,4.3402805
84650,3,-2.4708297,-1.6971664
83101,4,-4.4942503,4.0926237
98990,1,8.926379,1.0179627
15693,1,8.753407,-0.12662296
26722,2,-4.2662606,2.5152307
92404,3,-3.701891,-3.9378357
33729,2,-4.5889482,2.4283512
186647,0,-3.6133597,-8.518837
105642,4,-4.5936446,3.9723046
137920,2,-4.1321077,2.1839712
5897,1,8.786912,1.0501155
62427,0,-3.0531728,-6.374025
166040,3,-2.7575207,-1.1823596
41973,1,7.867419,0.0817852
40722,1,8.472967,-0.044250146
27483,4,-4.4887166,3.9437835
38630,4,-4.4260077,4.0409756
19701,2,-4.543018,3.3891606
81160,1,8.378398,1.2241396
38197,0,-3.5281851,-8.645934
176982,4,-4.6174903,4.0804005
27964,2,-4.3672504,3.1157968
5257,1,8.868746,1.0169369
36628,0,-3.5598702,-7.9431267
97269,4,-4.56987,4.1605926
85801,1,8.680708,1.2120755
44639,3,-2.5433707,-3.0435152
103734,2,-4.3246217,2.9099257
40274,2,-4.4116015,3.3220398
27474,1,8.676695,1.1055626
8944,1,8.884523,1.1176536
162522,1,8.750685,1.3027169
106633,2,-4.3802977,2.2758656
146772,1,8.663487,0.8749177
166294,2,-4.6963053,3.4481268
17572,0,-3.700457,-8.528269
147960,4,-4.207936,3.8705933
90778,4,-4.2891145,4.1347117
15856,4,-4.497263,3.7439454
40076,3,-2.944584,-4.5028944
42011,1,8.432728,0.88919014
93515,1,8.525992,1.148256
154073,1,8.252334,0.6999484
156475,4,-4.08268,3.9681952
98456,2,-4.4784875,2.6384504
110763,4,-4.34615,3.8324902
17396,0,-2.7591407,-7.3108463
114711,0,-3.441058,-7.407304
77286,4,-4.1348467,3.8659093
83953,1,8.545603,0.9758861
53174,3,-2.896719,-2.1217484
187335,4,-4.3641877,4.098168
27551,2,-4.348411,2.8210738
36825,0,-3.4269118,-8.697039
177175,3,-2.9287202,-3.9693935
23640,1,8.767536,1.004338
16317,1,8.527447,1.3575575
41365,0,-3.3578439,-7.5413723
157113,1,8.026899,-0.17393537
29438,0,-3.4771805,-7.7329526
79898,3,-2.902383,-1.3471324
160780,2,-4.480031,2.402238
98359,4,-4.5424075,4.276645
75401,4,-4.4218717,3.9413188
103810,4,-4.3597507,4.0455275
23954,4,-4.6380057,4.235525
15138,4,-4.529816,3.9217248
77498,2,-4.391785,2.7037394
17191,1,6.193738,-3.1154325
80013,3,-2.5856464,-1.5912783
16201,1,8.644883,0.9857111
149178,4,-4.1574707,3.9209948
49233,4,-4.414034,4.0565257
111326,4,-4.5854063,4.1927037
167692,1,8.631379,0.43481788
149631,4,-4.214238,3.386102
176204,2,-4.300714,3.023383
21646,2,-4.3555045,2.3774686
178327,0,-3.4807544,-8.9423895
118858,3,-2.5366018,-2.898513
167495,4,-4.192762,3.3721898
151108,2,-4.4269886,2.321141
90814,2,-4.2269545,3.0024507
86848,4,-4.647492,3.9561908
78147,1,8.401497,1.4958705
14340,2,-4.659581,2.9657927
107725,1,8.237993,0.117142916
51338,1,8.503808,1.5605527
97524,0,-3.325215,-8.191553
77726,4,-5.045671,3.42975
157569,2,-4.414169,3.0438197
174290,4,-4.405026,3.9502928
102618,1,7.989798,0.7249657
96156,4,-4.408906,4.1583757
29416,0,-3.4060571,-7.543998
50496,2,-4.3410435,3.0470624
21172,0,-3.5645912,-8.789349
180600,4,-4.5954,4.171533
10926,3,-2.3098123,-1.7958152
49545,1,8.639651,0.89489573
38955,1,8.579761,1.2089472
51669,1,5.934222,-3.2890894
85715,1,8.705551,1.0408125
9508,3,-2.4399126,-1.323686
12181,1,6.1633835,-4.513444
179835,1,8.839049,1.0245668
103838,4,-4.2692246,3.941438
88677,1,8.584213,-0.04729097
106717,3,-2.9683137,-3.6785605
182652,3,-2.8932157,-2.60721
7578,1,8.504125,1.0942878
147847,4,-4.303034,3.8981423
102547,2,-4.3610682,2.4880764
175832,2,-4.5736017,2.6346629
105616,4,-4.4097714,4.2242174
13018,4,-4.6056085,3.9541545
87209,2,-4.4290905,2.4221694
95330,4,-4.6460004,4.1431875
135710,0,-3.2220435,-6.5030284
27609,4,-4.283773,4.0249596
39791,4,-4.3915267,4.1834145
155199,4,-4.496796,4.1944566
148216,2,-4.0987616,2.1506648
96,3,-2.5677605,-1.8570405
10252,2,-4.4411755,2.5618715
14865,0,-3.5655947,-9.095058
86075,1,8.930778,1.0891612
15665,4,-4.272096,4.085028
8926,4,-4.1791735,3.3452969
52904,4,-4.5507865,4.2064266
167847,1,8.4778595,1.0277419
122821,3,-3.0344138,-3.3037565
29099,4,-4.444648,3.7473059
167929,4,-4.498396,3.9403334
137119,3,-2.7346451,-3.3019495
37455,1,8.705181,1.2710671
12280,2,-4.6016173,2.5465229
36425,0,-3.3776855,-7.5905356
115370,4,-5.0802803,3.5012715
183266,4,-4.165734,3.8915026
37353,0,-3.1387768,-7.454655
14827,1,8.564413,0.2235264
157894,1,8.372108,-0.10588769
87492,1,9.003277,0.6563719
168394,4,-4.4280877,3.8094041
155657,1,8.517032,0.80338097
185824,1,6.023985,-3.4934123
20755,0,-3.53744,-7.7552624
22891,4,-4.5268435,4.10452
185483,3,-2.7151647,-2.1682622
171534,1,8.594443,1.4407771
154194,2,-4.427798,2.5384161
21750,1,8.195876,0.72587544
165454,4,-4.2542295,3.7237163
42010,1,8.758378,1.1216441
107087,1,5.828623,-4.440525
89606,2,-4.3861303,2.2808454
38304,1,7.574912,-0.2947022
94982,1,8.052107,0.77276415
171688,3,-2.8108594,-1.2014682
80743,1,8.812925,1.273773
17399,0,-2.928645,-6.9235787
29836,2,-4.7037206,3.325389
3691,1,8.425184,-0.08650949
14852,0,-3.521389,-8.843825
144218,2,-4.1649237,2.408498
50546,3,-2.6541352,-3.110901
166761,4,-4.491526,4.013833
98535,3,-2.9390228,-2.1105115
111587,1,8.760361,1.1357181
184832,1,8.228085,-0.020893753
29695,2,-4.210731,2.537761
75466,4,-4.4266915,3.8811827
28445,1,8.597478,1.1563976
99546,0,-3.506036,-7.4469385
152722,1,8.186972,-0.04213997
62544,0,-3.2251503,-6.496684
23363,4,-4.431407,4.0487294
145158,1,8.702552,1.2039596
34602,0,-3.5998442,-8.680501
29391,1,5.9040675,-5.198863
6052,1,8.243912,0.6668027
60579,4,-4.3445764,3.621316
26549,3,-2.927613,-4.6196957
69681,3,-1.7858607,-2.9026449
37231,1,8.735507,0.9409304
189765,4,-4.4816313,4.147353
99559,0,-2.9338768,-7.3232
48867,4,-3.9269583,3.5990996
104717,4,-4.4284678,3.8066952
189809,2,-4.304484,2.4051015
58266,3,-2.5443535,-2.9552224
190318,1,8.446146,1.1788307
160466,2,-4.4738016,2.2556794
103801,2,-4.285577,2.614315
150207,1,8.248612,0.03935113
34456,0,-3.4712124,-8.975481
24906,4,-4.2732086,3.8262627
181773,0,-3.5387027,-8.509326
170887,2,-4.3588376,2.8362596
17018,0,-3.1749327,-7.174711
149380,1,8.519196,0.9170351
180900,3,-3.1325436,-3.500906
13176,4,-4.627291,4.032941
24376,4,-4.5326147,4.085725
107908,0,-3.591524,-8.880386
19659,1,8.783966,1.331408
80179,3,-2.2940066,-2.4738698
147996,3,-2.564747,-1.415015
12627,1,8.0296755,0.35926723
129462,0,-3.2577765,-6.3016834
188760,4,-4.238074,3.9922526
110904,1,8.436024,1.222665
44497,0,-3.6451218,-8.484044
188623,3,-2.5758533,-2.3046591
26086,1,8.50014,0.6623016
109567,0,-3.505964,-8.672157
2175,3,-2.7706726,-1.4937916
29595,2,-4.5850387,3.35416
97222,0,-3.724444,-8.6721115
77322,2,-4.350549,2.434729
69663,3,-2.041367,-2.7593606
92386,1,8.56089,1.2252413
89218,3,-2.9796872,-4.1594977
145616,0,-3.455233,-6.992313
183939,3,-2.7136621,-2.7608404
27051,0,-3.3569598,-7.499726
137272,3,-2.8759398,-3.0474477
172882,2,-4.4831567,2.7120137
171770,4,-4.3471117,3.8950164
67600,3,-2.4412665,-2.8933742
100776,0,-3.7329857,-8.688685
182337,0,-3.4988036,-8.932281
143876,4,-4.27838,4.10933
57133,3,-2.7908864,-2.217994
17990,1,8.614765,1.2393686
49147,4,-4.433611,4.1238165
99454,0,-3.8899417,-8.376505
174738,1,8.5698185,1.2727311
13574,1,8.8886175,1.3436283
76942,1,8.292533,-0.064111754
181518,0,-3.361642,-7.4372334
91383,3,-2.4626367,-1.5548007
36560,0,-3.338912,-6.8959365
75054,2,-4.4164886,2.4144874
165603,4,-4.430691,4.284371
164824,4,-4.559527,4.126784
102661,3,-2.5962973,-1.4141661
44195,0,-3.4084017,-7.6725407
169610,4,-4.605604,3.9318523
116955,1,8.319755,0.063241035
154253,3,-2.8278499,-2.9025285
9810,1,8.909132,1.1581947
78619,1,8.745999,1.1561952
156632,2,-4.21654,2.3327484
49219,4,-4.3283296,3.7154582
107743,4,-4.620365,3.666881
167570,2,-4.2827415,3.1457334
109971,2,-4.6298566,3.280998
15112,1,8.53494,1.1179633
21299,0,-3.4618962,-7.618112
156620,4,-4.313874,3.7511337
148088,2,-4.1366115,2.2837462
37397,1,8.608669,0.224545
79207,4,-4.290928,3.5380325
51117,1,5.8115873,-4.151506
187243,1,8.844963,1.0114249
53767,3,-3.375666,-3.7284665
159962,1,5.796144,-2.4617617
40927,0,-3.7990448,-8.155225
147756,1,8.647829,1.182438
118101,4,-4.588246,3.9753983
88071,2,-4.403713,2.8821495
14143,0,-2.7984354,-5.2620296
180341,0,-3.607132,-8.660166
180902,3,-2.9321966,-2.4522412
72601,1,7.9523525,0.10786763
173161,4,-4.512203,4.1059923
35426,2,-4.4547625,2.8381157
185000,1,8.219177,0.4132145
89926,1,8.767715,0.20246443
86297,1,8.72404,1.2430023
80001,1,8.373772,-0.14163968
35367,4,-4.436335,4.0249686
178875,3,-2.955246,-2.4464147
167195,1,8.507898,1.4884814
193034,1,8.419513,1.2154659
104995,4,-4.394259,3.9919164
37260,2,-4.403775,2.7498934
51491,1,8.517032,0.8425485
190459,2,-4.2853994,2.3369389
30468,1,8.580048,1.1907262
149638,2,-4.193488,2.9162822
45312,0,-3.7028584,-8.506751
2508,4,-4.118251,3.9660082
166502,1,8.572217,0.66342497
172013,4,-4.454489,4.442744
147616,1,8.511421,-0.041946508
12017,2,-4.3759427,2.4979522
12071,3,-2.9067795,-1.8554486
14798,2,-4.4490056,3.1049526
149436,3,-2.6935713,-1.1636916
38097,1,6.331995,-2.3719752
191010,1,8.783346,0.8622592
45322,0,-3.7231362,-8.644993
164416,1,8.286063,1.1139212
30441,0,-3.4212036,-7.4665
9565,1,8.682952,1.128925
83440,4,-4.289269,4.203972
38723,0,-3.8312275,-8.632631
137626,4,-3.937183,3.2443864
176860,1,8.5954895,-0.04225062
84365,1,8.379979,0.38985926
16294,1,7.531776,0.1357021
80973,1,8.552328,1.1673437
79295,3,-2.7603428,-3.3630035
113663,0,-3.1310163,-8.728172
5256,1,8.846458,0.9350677
192691,2,-3.937405,3.1949444
79464,1,8.479332,1.0208226
30746,1,8.481598,1.104314
170388,4,-4.562909,4.157656
183525,0,-3.563831,-7.270276
161465,1,8.973337,1.184073
104877,4,-4.5571127,4.185786
156154,1,6.4888215,-2.0931609
186534,2,-4.3595386,2.1366956
43175,0,-3.5164955,-8.449951
147371,1,8.406688,-0.36242583
31316,4,-4.4521055,3.9609005
27847,4,-4.4527574,3.7544081
169996,3,-3.113572,-4.363139
12248,1,9.001423,1.0508175
179784,0,-3.5044863,-8.594128
148244,1,8.695766,0.8111073
18638,1,8.838619,1.0618823
149838,1,8.72231,0.15707484
9858,1,8.480797,0.031042548
112231,3,-2.404964,-1.8067858
14289,1,8.300349,0.64593714
119501,4,-4.1988826,3.6688058
17595,0,-3.491308,-8.382379
156857,2,-4.446313,3.173084
15235,1,8.656307,1.2071621
106808,4,-4.477642,3.8315473
35327,0,-3.2516837,-8.686526
147935,3,-2.8319592,-2.3555357
189459,4,-4.4975724,3.8371115
82083,2,-4.3019176,2.4069583
16896,2,-4.6586847,3.030083
157177,2,-4.4309125,3.1023035
29001,0,-3.4428794,-7.5011635
181848,4,-4.5221324,4.2201924
104978,4,-4.4106574,4.163834
189644,1,8.562372,0.9785455
93044,4,-4.4593,3.9130998
182986,0,-3.3725603,-7.2758503
20461,0,-3.0854225,-7.181388
103244,2,-4.444813,2.4569669
60436,0,-3.926527,-6.7251205
156521,4,-4.3855586,3.872691
154731,4,-4.252715,4.1282353
165864,3,-2.9040678,-4.577367
49165,1,7.9108973,-0.32789084
99456,0,-3.6474998,-8.693501
18580,0,-3.0579617,-7.3636007
23239,3,-2.8130417,-3.8464813
40217,0,-3.598219,-8.827025
109944,0,-3.2378094,-8.656678
150293,3,-2.5586152,-2.5019062
94388,3,-2.876597,-1.545887
149763,2,-3.622105,2.9306288
91655,1,8.764298,1.1235375
175978,4,-4.5354414,4.188591
118104,4,-4.5712476,3.9673288
180770,0,-3.8743923,-8.200395
186199,2,-4.412276,2.563852
169789,1,8.388761,0.88886875
149964,1,8.116252,-0.002811533
85620,2,-4.300188,3.3810184
139,1,8.56197,1.2873363
153870,4,-4.1293573,3.5887773
77444,4,-4.5004706,4.152948
116497,2,-4.11068,2.332096
176569,2,-4.638009,2.293094
116855,4,-4.3655944,3.7695057
121864,3,-2.301184,-1.7241229
160128,4,-4.4218793,4.0482807
23238,3,-2.8256044,-3.8459225
27069,0,-3.5211136,-7.308652
88042,2,-3.7637548,2.15074
156488,4,-4.0054646,3.962586
160018,4,-4.5184617,4.178709
178053,4,-4.545932,3.6941936
186172,4,-4.3334846,4.123998
149696,3,-2.5901556,-1.7592173
94346,3,-2.661903,-2.1012483
48465,4,-4.40751,3.6881921
85953,1,8.318675,-0.19242045
99748,0,-3.0920653,-7.1813564
73516,0,-3.3686185,-6.7930555
81836,4,-4.395551,3.884969
116262,1,8.43266,1.1462672
108886,0,-3.6247594,-7.1523952
36602,0,-3.5965924,-7.9651685
31545,4,-4.387358,3.901324
25946,0,-3.6344082,-8.903506
84236,1,8.8234,1.3005015
82749,1,8.691768,1.2712132
36112,1,5.390564,-5.104412
151923,4,-4.413552,4.052084
91633,2,-4.3058324,2.531955
18587,0,-3.2153668,-8.445123
9444,1,8.739663,0.96752125
35465,4,-4.3482738,4.1874957
88938,4,-4.382012,3.8027494
80068,4,-4.323431,4.098001
42232,4,-4.4458113,4.0965986
158873,4,-4.5344653,3.684144
78127,1,8.704988,1.3763391
180106,1,8.759232,1.3036882
172513,2,-4.9451904,2.3606439
158714,1,8.286934,0.20598994
173314,2,-4.625888,2.4301896
36876,4,-3.964691,3.6704466
110761,4,-4.5015216,3.9757805
153163,1,8.336176,0.3341006
25155,4,-4.4391937,3.8923297
85990,2,-4.092151,2.501162
102118,4,-4.691734,3.6648393
36644,1,8.636396,1.3246061
7897,4,-4.3473177,4.020495
99243,1,5.8926897,-4.036933
80955,1,6.1830873,-2.663335
90397,0,-2.9622693,-7.2183566
83442,4,-4.2674212,4.081114
23641,2,-4.647429,2.4579659
32345,4,-4.588968,3.9256198
89690,1,8.677041,-0.16587912
27963,4,-4.6177845,3.9223142
21633,2,-4.7508845,3.0824978
192456,3,-2.3948052,-3.1760004
141226,2,-4.175285,2.31006
22884,2,-4.643801,3.3272226
83882,1,8.662958,1.1570259
99480,0,-2.978956,-7.287794
38735,0,-3.451784,-9.076666
154075,1,8.404756,-0.18451892
81877,4,-4.3416395,3.990745
161483,1,8.883796,0.9716822
151826,1,8.728279,0.87399983
27602,1,8.4388895,1.1315447
107591,1,8.275574,0.29538277
99580,0,-3.5030534,-7.9675937
151942,4,-4.499405,4.0069103
1515,4,-4.5397596,4.1945596
106238,4,-4.4492545,4.2074704
18146,0,-3.3855107,-7.247054
27431,0,-3.659317,-8.582137
24246,4,-5.0041757,3.5499573
149376,1,8.722927,1.0369669
20507,1,8.716074,0.4658732
154392,1,8.186199,-0.23471023
124,3,-2.6810791,-3.5857105
185494,2,-3.82418,2.4502447
35262,0,-3.6033194,-8.999803
85493,4,-4.38335,3.9850116
190362,1,6.0091195,-4.3615837
180736,0,-3.6617877,-8.507895
144785,4,-4.34624,3.7503877
99512,0,-3.431329,-7.591013
112697,4,-3.9763014,3.3162477
91333,1,8.592425,0.97778434
22326,0,-3.546855,-7.059867
102791,3,-2.6693857,-2.7238412
172576,3,-3.122046,-4.535768
102433,1,5.9024568,-4.8849487
47894,3,-2.2808683,-3.4036076
108445,4,-4.280996,3.8101976
111727,4,-4.640795,4.1916885
117259,1,8.461505,-0.17607382
18609,3,-2.7524998,-1.1669807
109894,0,-2.7885692,-7.321821
191177,3,-3.409887,-3.9058864
185186,4,-4.3647585,3.7493923
159039,1,8.275624,-0.21771893
178374,1,6.1262283,-4.55223
174398,1,8.558234,0.7619308
154135,3,-3.4746165,-3.9586565
15104,1,8.742915,1.2686187
176770,2,-4.4908266,2.4383326
193022,1,7.803674,-0.011679356
15975,4,-4.456675,3.9953117
13565,1,8.746806,1.2681044
46647,1,5.981783,-4.8130794
40660,0,-3.720278,-8.713384
76944,1,8.562102,-0.24392353
98815,1,8.573837,0.9730946
47867,2,-4.1822767,3.1869583
151014,4,-5.220432,3.7035127
86356,1,8.3043785,0.13362215
97445,1,5.303504,-4.1504145
7357,1,8.351514,-0.08297802
179837,1,8.915892,1.0527817
166329,1,8.629078,-0.14052218
106189,1,6.35932,-2.928204
83741,1,8.969634,1.1177409
128766,0,-4.14543,-6.5139203
171689,1,8.764822,1.2216098
28373,1,8.536741,0.15585952
99495,0,-3.3078642,-7.8074155
188740,4,-4.2310925,3.9649553
173353,2,-5.1293116,2.956217
49848,2,-4.4958835,3.1661434
106262,1,5.6837025,-4.6957245
112978,4,-3.7729175,3.6241739
77260,2,-4.4385376,2.4210966
79777,3,-3.2853596,-4.089865
115450,1,8.580096,1.258747
103564,0,-3.1270013,-8.637592
21254,2,-4.4937215,2.7332466
2004,0,-3.1601913,-7.076337
35273,0,-3.7604578,-8.743756
188542,3,-2.7943904,-3.2995918
152935,4,-4.375604,3.9776678
150137,4,-5.0858674,3.547993
28263,4,-4.4164844,4.1241627
44549,3,-2.4407191,-1.895239
110939,2,-4.376052,2.7994268
14805,4,-3.9629428,3.2839804
165382,1,8.516294,0.7266541
23243,3,-2.8230896,-3.8006055
101107,0,-3.317511,-7.584429
32408,2,-4.1766963,2.2597454
176804,2,-4.295668,2.6754417
119654,4,-4.4636106,4.114812
22409,0,-3.3518455,-7.4408674
123977,3,-2.8528643,-2.2994893
101167,0,-3.6861417,-8.721754
18865,0,-3.4792433,-8.86515
72775,1,8.2017765,0.06368079
189465,4,-4.2873898,3.591921
39078,4,-4.482862,4.0214267
82973,4,-4.465681,4.05569
157015,1,8.2469015,-0.003139841
107710,2,-4.5565915,2.7666698
41562,1,6.111235,-2.1114635
20728,4,-4.4395742,3.4714596
93325,2,-4.448778,3.0664237
165471,1,8.753054,1.1253858
98505,2,-4.53571,2.592772
181566,4,-4.544085,4.268977
90484,1,9.00975,0.904213
178602,4,-4.6104555,3.9134567
157938,2,-4.242185,2.9371374
78148,1,8.449913,1.4465356
92130,1,8.681107,1.1026572
38915,4,-5.2631626,3.843985
99538,0,-3.3664217,-7.609049
101182,0,-3.5921414,-8.491945
115806,0,-2.884834,-7.3678904
98123,2,-4.4329424,2.8491545
79873,1,8.648746,1.2656279
78809,1,8.538873,1.4538814
169830,2,-4.3770347,2.7996118
41298,0,-3.3128107,-7.648023
103554,0,-3.629907,-8.859965
109833,0,-3.349841,-7.512072
12735,4,-4.391758,4.1153154
163674,1,8.44514,1.2279137
119419,2,-4.033201,2.3413723
92572,0,-3.399386,-7.305661
10745,1,8.595148,1.168684
101416,0,-3.476278,-7.0737333
42643,0,-3.398819,-7.5678816
181909,2,-4.3103495,2.2494693
147414,1,8.745756,0.7151618
27349,2,-4.594599,2.7099485
168007,2,-4.53806,2.3839853
85184,2,-4.1956725,2.6657524
49479,4,-4.3289933,3.8937325
24160,2,-4.6276803,3.4417791
49516,4,-4.3715024,3.9394782
108125,4,-4.311411,4.0941935
51580,1,5.7952785,-4.297417
149622,4,-4.326122,3.4995983
4499,1,8.524879,0.96771914
151532,1,8.767231,0.76332927
113485,2,-4.468375,2.2109828
48900,4,-4.499523,3.819689
29149,2,-3.9384344,2.2535467
28876,4,-4.4502573,3.8417435
108576,1,8.207491,0.00023701614
157711,4,-4.433,4.181556
24863,4,-4.837098,3.4098072
32519,1,8.682234,1.1974751
14243,4,-4.362634,4.259034
120491,3,-2.6322322,-3.6121614
105568,2,-4.0276227,2.7700753
90962,1,6.0537486,-3.6937907
106934,4,-4.397858,3.5592566
20438,0,-3.8368156,-8.411928
166599,2,-3.9940555,2.635534
32183,1,8.77114,1.2774522
157774,1,8.641517,0.9734248
89088,4,-4.25577,3.7272308
165374,4,-4.411794,3.724103
25454,3,-2.4421318,-2.7347035
11395,4,-4.110885,4.0739665
92086,2,-4.4722295,2.6359696
171659,4,-4.128253,3.7669237
165435,1,8.548969,1.4322556
87814,3,-2.5698428,-1.1092521
129283,0,-2.8500803,-5.7738156
183528,0,-3.3315287,-7.3400297
79405,2,-4.0337763,2.5567179
31107,4,-4.5749145,3.8671315
41807,4,-4.479598,4.129696
109793,0,-3.3382146,-7.249802
99233,0,-3.324803,-7.6862116
160397,1,7.887571,-0.18626039
109370,4,-4.3146796,3.7735064
81130,3,-2.8845582,-1.2192982
114787,4,-4.3379393,3.698479
149541,4,-4.389604,4.0865045
173030,2,-4.513928,2.4477942
136528,3,-2.2496133,-4.8551006
91957,1,8.394971,1.0889087
113636,0,-3.0050304,-8.276111
11377,4,-4.237123,4.030775
22599,1,6.0320544,-5.281954
89260,2,-4.2599654,3.1404123
102000,4,-4.3960776,3.5670764
13670,1,8.336759,0.9554298
102783,4,-4.403757,4.1666126
191066,4,-4.6083493,4.141183
86960,4,-4.185822,3.3773983
165433,4,-4.470989,3.710841
66807,3,-2.799486,-2.9511313
111461,3,-2.9003422,-3.1369207
152359,1,8.301973,0.08879946
95015,1,6.4873147,-1.3179135
159674,1,8.279842,-0.04886563
113189,0,-3.5444355,-8.809208
157609,4,-3.817902,3.2652574
162562,1,8.529005,0.87026054
82246,1,8.7764635,1.2979898
180989,0,-3.7838397,-8.370422
151703,1,8.830633,0.9990343
179569,0,-3.4740915,-7.3913646
99478,0,-3.4256074,-7.740203
17077,0,-3.5933626,-8.341516
7553,1,8.51291,1.1344649
26423,4,-4.460268,4.056106
34001,1,8.817593,1.0652516
148954,1,8.768874,1.3900957
39261,1,8.324572,0.08329156
156019,1,8.558468,1.2582729
108822,3,-2.9420626,-3.715305
81930,3,-2.6136272,-1.4275732
160182,4,-4.609178,4.0092664
113264,1,8.610126,1.2126651
49496,4,-4.3183265,4.051925
171537,1,8.561736,1.3778409
55171,0,-2.9147484,-6.506315
12850,1,8.364475,0.15189925
36534,0,-2.9505148,-8.559979
32495,2,-5.158308,2.8838246
30718,1,8.691748,1.0051306
75346,4,-4.4143744,3.971778
103752,1,8.838196,0.74448395
36716,4,-4.2531085,3.5912251
7282,2,-4.1723385,2.5015168
83740,1,8.877737,1.0223705
154606,2,-4.100194,2.4489295
160171,1,8.748921,1.1956958
78132,1,8.727191,1.5486069
84563,2,-4.044996,2.3936963
154389,3,-3.6019757,-3.3704982
37203,1,8.668356,0.29443145
174762,1,8.870143,0.87302256
85881,1,8.567945,1.2577946
181573,4,-4.444527,4.24185
45864,4,-4.502078,3.995613
103733,4,-4.344871,3.169952
105638,1,8.163638,0.25092268
155102,2,-4.648658,2.4623735
49639,4,-4.3349605,4.176602
32316,0,-3.0954895,-8.143948
36639,0,-3.5138357,-8.819204
13226,1,8.528049,0.28048792
45053,0,-2.967667,-7.3044972
24565,1,8.805739,0.77143264
152327,4,-4.348796,4.0797906
24867,1,8.199177,0.51388365
82625,2,-4.488602,3.2399852
33081,0,-3.0206501,-7.994297
168788,1,8.197416,0.91437113
62844,0,-3.2313418,-5.8531156
178494,3,-3.035276,-2.9715328
104891,2,-4.269908,3.1601343
40465,1,8.468454,0.8424936
146910,2,-4.1581287,2.3407834
32326,0,-3.1419532,-8.330104
26844,0,-3.7309203,-8.936608
15024,4,-4.3565817,3.9401934
180788,0,-3.4850407,-7.3849974
45907,4,-4.108833,3.8068998
27543,3,-2.7717917,-1.8393593
173990,4,-4.527967,4.30304
83083,1,8.85878,1.1430739
5118,2,-3.7463815,2.3621414
166082,4,-4.483626,4.169003
30592,2,-4.074156,2.6005826
94591,1,8.716978,1.4265969
23147,4,-4.328928,3.7560804
49465,1,8.815991,0.9360479
92180,1,8.4272585,0.86470467
79398,2,-4.3287196,2.5243042
44189,0,-3.4342358,-7.4302483
14610,4,-4.4954333,4.182663
187331,4,-4.3754306,4.0804343
18522,0,-3.4272425,-7.733784
36611,0,-3.4020712,-8.77387
98793,4,-4.614989,4.0616136
161445,1,8.795374,1.1786844
110116,0,-3.4290571,-7.4931574
109482,0,-3.5763447,-8.78329
137189,3,-2.8311937,-2.881505
147618,2,-3.625332,2.08751
116466,2,-4.1997395,2.4536371
151476,1,8.548129,1.0777453
103452,1,8.844945,1.209645
27816,4,-4.267708,3.4411056
10512,2,-4.2837834,2.5630975
52612,2,-3.9711647,2.9508052
167572,4,-4.409563,3.9526484
182636,1,5.6788764,-4.4488535
26681,4,-4.452323,4.100413
90606,1,9.002441,0.91429234
97648,4,-5.199426,3.8336446
21784,0,-3.5468776,-7.110517
97216,0,-3.6053736,-8.738394
75287,4,-4.416029,3.8560646
98326,4,-4.4616065,4.14554
179438,4,-4.4844685,3.3113463
114170,2,-4.163361,2.595457
27402,0,-3.7176652,-8.348416
154384,3,-3.270457,-2.8345294
174208,1,8.707266,1.2244521
62583,0,-3.8240278,-6.700536
180809,0,-3.1132052,-7.220098
17618,1,8.788987,1.0649489
15618,1,8.467154,0.85703754
153622,1,8.561276,1.1554846
178831,3,-3.1599622,-2.9877684
109903,0,-3.398111,-7.396078
165290,1,8.712312,-0.21264037
175059,1,5.7171245,-5.1354814
14003,1,8.650766,0.8726224
183201,4,-4.2704396,3.817977
19724,4,-4.342046,3.577985
101935,1,8.506081,1.1507663
2982,1,8.283089,-0.10072507
92098,4,-4.4385395,3.89446
155266,4,-4.401187,3.9789355
35889,4,-4.4601517,3.4872003
10822,4,-4.151635,3.9134219
184903,4,-4.5015078,3.604006
87446,1,8.71648,0.88312536
23015,2,-4.5831413,2.7072463
73537,0,-3.0825245,-5.750671
166480,3,-2.7797492,-1.3062761
101307,2,-4.2773433,2.6709335
69853,1,8.655436,1.1569036
26387,4,-4.5930676,4.1586194
25420,1,8.843562,1.1940343
175299,4,-4.3369493,3.62259
90177,4,-4.412788,3.9309542
153069,2,-4.554125,2.477243
149403,1,8.895661,1.1149286
177034,1,8.305493,0.017271332
112763,4,-3.9378283,3.5088625
99701,0,-3.5456553,-7.3856277
14472,1,8.7439,0.6683822
91878,1,8.612385,-0.27601555
40506,1,8.519276,1.25648
8024,1,8.7649,1.0993198
13999,1,8.733664,1.1956122
107379,4,-4.5789866,3.819309
82781,1,8.66374,1.276877
186722,4,-4.33177,3.385819
167105,2,-4.737014,2.6180682
168406,4,-4.5618834,4.06153
82870,1,8.570837,0.78386503
11834,1,8.047509,0.91019875
32880,2,-5.030432,2.4539702
155461,4,-4.5764,4.173347
20982,1,8.67314,1.2899622
26066,1,5.380538,-3.9195068
116971,1,8.594943,1.1092411
92134,1,8.395649,0.33800164
173115,1,8.558984,-0.31084183
34626,0,-3.6377323,-8.701973
41090,2,-4.0307817,2.5861561
176136,4,-4.136941,3.7746613
164422,4,-4.325124,3.5693028
180304,2,-4.292275,2.944471
28993,1,8.652056,0.28349438
165423,1,8.481056,0.7774472
6644,4,-4.318149,4.0251794
167117,4,-4.639682,4.097127
17549,1,6.1435323,-3.8492014
156181,1,8.549577,1.4147677
96731,0,-3.5368328,-8.5516615
176944,4,-4.565249,3.9406888
87452,3,-2.4365237,-2.490686
29225,2,-4.4964194,2.4674704
145269,4,-4.160754,3.2625916
192716,4,-3.734407,3.1645627
87962,1,8.527911,0.39376837
88291,0,-3.4160967,-7.388584
49476,1,8.779343,0.81336737
30951,4,-4.2964697,3.8997073
147670,4,-4.335372,3.938223
150693,3,-2.7421732,-1.9932392
160953,2,-4.3470387,2.5299592
166750,4,-4.60568,4.060603
180209,4,-4.5138054,3.8476098
149454,3,-2.6801524,-2.7277117
25705,3,-2.79272,-3.1670249
144572,1,8.090197,0.15228084
190308,1,8.520219,1.1917634
75846,3,-2.9462285,-2.920294
163493,1,8.768894,0.9789973
91562,4,-4.2875023,3.9844427
46351,4,-4.5419927,3.674739
162631,1,8.996322,1.1352503
151186,3,-2.78961,-1.6716895
168708,2,-4.7296476,3.222096
80178,3,-2.3298035,-2.4861941
47840,4,-4.0643907,3.763149
8557,2,-4.412385,2.5197237
181586,4,-4.3851285,4.172957
99303,1,8.219858,0.45823434
129549,0,-4.029962,-6.6629605
96153,1,8.618551,1.3594966
95740,1,8.256356,0.027681243
61108,4,-4.3211937,3.665451
49177,4,-4.339897,3.925374
21706,0,-3.5801036,-8.453406
163114,4,-4.2801175,3.9166176
149268,1,8.695704,1.3911701
81250,1,8.281264,0.50341123
43042,0,-3.1655378,-8.312678
165474,1,8.554575,1.4248215
99551,0,-3.3325167,-8.158139
161475,1,8.533493,0.4132015
118096,2,-4.495716,2.2474666
183193,2,-4.404342,3.1201096
163384,4,-4.3370876,3.8173666
13756,4,-4.4451466,4.176042
161336,2,-4.131819,2.5638983
186910,0,-3.5846417,-8.93058
50753,1,5.918939,-4.6284833
86901,4,-4.5355206,3.4914958
59362,0,-2.8931177,-6.2760034
89203,2,-4.430047,3.0653703
129303,0,-2.7870922,-5.927473
173724,4,-4.664624,4.1405354
33332,4,-5.0188875,3.66234
106059,3,-2.9394479,-3.7427373
3407,1,6.5624986,-2.2539656
181542,4,-4.50848,4.255533
26454,4,-4.4982166,3.7243006
99527,0,-3.3527193,-7.63393
180633,4,-4.4195056,3.7337496
118673,3,-2.772657,-3.7588568
12222,1,8.5120325,0.7491088
189609,4,-4.282131,3.9993203
48126,1,8.083014,0.05642632
49119,1,8.624747,0.9527742
34855,4,-4.382492,3.981368
172022,4,-4.416034,4.406827
87810,4,-4.369094,3.9121852
91821,3,-2.890574,-3.089198
158020,1,8.697046,1.4324988
78551,2,-4.352411,2.6390185
159917,4,-4.4754105,4.2650886
28735,4,-4.4992294,3.8519301
1670,4,-4.3146195,3.6064043
106946,4,-4.393526,3.6276772
94464,1,8.715258,1.1392108
103249,1,8.575898,1.3421823
181951,2,-4.5546246,2.8990424
9715,1,8.748637,0.24890581
7628,1,8.39865,1.064908
42075,4,-4.4891734,4.0422645
169608,3,-2.8970103,-2.5486662
92028,3,-2.814819,-1.9904118
93676,2,-4.4808483,2.7306314
16048,1,8.451805,0.8775385
153582,1,8.58604,1.6166813
143646,1,8.638582,1.3295199
116486,3,-2.6958416,-1.4441788
62593,0,-2.7964108,-6.4454165
23911,2,-4.486946,3.3028977
158817,1,8.755705,1.05695
13710,3,-3.1560898,-3.268392
69677,3,-2.4301004,-3.4182158
76947,1,8.925497,0.843361
112837,1,8.397741,-0.62011445
33979,4,-5.1762543,4.136021
15745,1,8.513302,1.1406208
2348,1,8.818124,1.2048019
116028,0,-2.960499,-7.4897647
47064,1,6.02227,-5.1358976
181764,0,-3.8767629,-8.328299
10912,3,-1.9659723,-1.9601506
27714,4,-4.4256563,4.089703
33088,0,-3.081145,-8.192509
3977,4,-4.343124,3.9863381
33588,1,8.553631,0.3793386
103804,4,-4.448247,4.137574
156369,1,8.852436,0.742725
159560,2,-4.0023885,2.5852854
107636,2,-4.4198356,2.6278946
177709,1,8.879326,0.91342294
101439,0,-3.3405452,-7.451921
107939,0,-3.06404,-8.603623
174994,1,6.0115047,-5.4492354
107563,2,-4.740217,2.669777
19431,4,-4.4001727,4.292133
86482,1,8.652197,0.34156924
91210,0,-3.6974685,-8.830074
18928,0,-3.5029416,-7.2159376
110594,4,-4.5481267,3.9786243
97922,0,-3.2898579,-8.137904
7639,4,-4.1998215,3.417152
92941,1,6.120858,-3.6316242
155479,2,-4.479652,2.6564035
30382,0,-3.3607688,-7.3909407
80039,3,-2.667936,-1.2659458
60675,4,-4.157553,3.702532
175340,4,-4.6178217,3.95287
15092,2,-4.4039664,2.7596517
29131,4,-4.6664987,4.2380753
175500,2,-4.5912304,2.0979502
161298,1,8.944664,1.2399826
102040,1,5.9744725,-2.6491573
10341,2,-4.2512774,2.5286517
16205,4,-4.3895526,4.00281
163843,3,-2.7601418,-2.3763785
90387,0,-3.2662194,-7.2983155
67076,3,-3.8423872,-4.802016
27077,0,-3.482812,-7.412186
90525,1,8.639182,1.2458706
97091,0,-3.5958173,-9.05315
84067,4,-4.40825,4.307853
106487,4,-4.4383073,4.1534147
88951,4,-5.1738977,3.7135725
175331,4,-4.620522,3.944811
77707,4,-5.053688,3.786501
75409,4,-4.128382,4.037014
48769,1,8.354425,0.031733222
12749,1,8.850849,0.93273205
35209,1,8.5831995,0.40599492
51524,4,-4.2195163,4.0941863
178346,3,-2.8017368,-3.4777215
181278,0,-3.231173,-7.2550006
92133,1,8.41303,1.3137541
108637,3,-2.6396773,-1.5124078
22343,1,5.817432,-5.1122766
150363,3,-2.8606362,-2.8859944
25165,2,-4.4392467,2.5215847
99504,0,-3.453946,-7.6287413
181559,4,-4.3450465,4.17429
44860,0,-3.7235007,-8.5950365
36855,0,-3.619537,-7.2322855
181765,0,-3.8373413,-8.174818
181216,0,-3.767091,-8.465915
167362,1,8.667325,1.2973671
86088,1,8.912954,1.104916
104672,4,-4.3788505,4.1761584
116551,4,-4.185766,3.7467844
129539,0,-3.220152,-6.5933595
183884,0,-3.3543382,-7.776253
45817,4,-4.2796206,3.8865848
120005,3,-2.3512924,-2.3862822
49167,2,-4.3904867,2.6688378
175354,4,-4.682473,4.130895
99172,4,-4.527618,4.192835
155169,4,-4.4652724,3.8117497
90771,4,-4.315296,4.1568813
143965,2,-4.215872,2.5230403
35794,0,-3.7332892,-8.761928
18155,3,-3.0716217,-1.8783853
46602,2,-4.3189406,2.4954588
18830,0,-3.5744736,-8.80099
149641,1,8.329291,0.5704472
95709,3,-2.8186026,-2.7918224
138066,4,-4.0518503,3.9767835
86069,1,8.905557,1.0501158
35791,0,-3.7602088,-8.664307
104860,4,-4.491148,4.1899223
144656,3,-2.7873368,-1.9048281
142304,1,6.131617,-3.749154
11099,2,-3.9601152,2.6715276
71811,3,-2.557805,-2.4115965
37276,4,-4.2484937,3.6969619
172123,0,-3.7688618,-8.578753
80032,2,-4.4131737,3.2246225
94655,4,-4.4071865,4.2325892
91643,4,-4.2665744,3.703648
7766,1,8.809922,1.1101754
26843,0,-3.0424747,-7.271521
190491,1,7.785285,0.15600206
17630,3,-2.85839,-1.2801274
154720,4,-4.4705033,4.109962
25294,1,8.630139,1.2494161
180535,1,8.573345,1.0480831
5776,1,7.8076596,-0.094825454
111999,0,-3.1368966,-8.475431
119912,1,6.1917253,-2.8571384
188348,4,-4.6103563,3.9845822
180066,0,-3.565554,-8.327461
111296,1,8.736697,0.84786946
85036,1,8.687291,0.45801452
145162,1,8.622702,1.2324026
135883,0,-4.1289907,-6.669248
150368,3,-2.856423,-2.91172
23244,3,-2.8291094,-3.8459716
96332,4,-4.631477,4.117674
104406,1,8.809474,1.2215537
162196,1,8.781322,0.97459024
7723,4,-4.450677,4.088011
164491,1,8.652958,0.039645642
108440,0,-3.7175844,-8.676044
60441,0,-3.708816,-6.522046
103827,1,8.100726,0.6285661
87619,1,8.809524,1.3338457
187138,0,-3.3111036,-8.8274355
82244,1,8.773865,1.3005961
149683,4,-4.3301663,4.0722027
26760,0,-3.3819664,-8.905254
77293,4,-4.273496,4.007601
81251,1,7.7868896,0.10623724
12276,1,8.545327,0.15038157
147675,1,8.479002,1.1683902
101163,0,-3.613873,-8.666294
157416,3,-2.501223,-2.7551107
184775,1,8.538518,0.9783228
165450,4,-4.54843,3.7232566
87950,4,-4.3817472,4.0394998
109901,0,-3.1828277,-7.15176
14379,2,-4.479508,2.575514
98506,4,-4.6064277,3.950904
11717,2,-4.290027,2.4000328
112844,1,5.390676,-4.411511
171807,1,8.691058,0.46377796
113156,0,-3.050638,-8.205504
156687,1,8.10037,-0.004649976
97037,4,-4.3951755,4.295622
37363,0,-2.9845805,-7.496922
110416,4,-4.510412,4.015078
98662,0,-3.1922274,-8.457692
160680,4,-4.1703997,3.6182113
137257,0,-3.348743,-6.40199
8336,1,8.221924,0.11452088
150230,2,-4.4098344,2.6524708
138298,1,5.6983085,-4.265557
162096,1,8.36425,0.20685206
181949,1,8.280656,0.6197834
27043,0,-3.2999024,-7.568061
16029,1,8.596115,1.2103719
161690,4,-4.3441653,3.286065
188893,4,-4.35914,3.7361984
51249,1,8.444728,1.0759319
152258,1,8.79484,1.1417242
91831,1,5.618322,-4.3621683
174358,1,8.4391165,1.0584735
93853,1,8.907656,1.268137
173878,4,-4.495383,3.906817
99170,2,-4.5465136,2.5598073
107645,2,-4.3081803,2.585367
13340,1,8.666031,1.0377611
17643,3,-2.8015378,-1.101907
33564,0,-3.8922253,-8.246733
113626,0,-2.941609,-7.1811466
129265,0,-2.9146748,-5.6675797
70287,1,8.132579,-0.012482368
86093,1,8.679916,1.2989627
30504,4,-4.3574014,3.677295
45516,2,-4.2568755,2.4068482
5235,1,8.583328,1.1309736
150976,4,-4.5049396,4.034854
14292,1,8.1782255,0.13719471
31738,4,-4.3605313,3.3226335
16293,1,8.578981,0.3681939
99464,0,-3.09807,-7.139106
39702,2,-4.54691,2.8220937
27432,0,-3.5623546,-8.373175
14077,1,8.34789,0.15499738
159332,1,8.705807,1.1768332
66820,3,-2.7480433,-2.9193618
10823,4,-4.1355453,3.8586438
3827,1,8.787375,1.0670806
18217,1,8.465911,0.63440496
87288,4,-5.350812,3.7607582
17011,0,-3.0345454,-7.079981
15288,4,-4.4654446,4.1562805
181936,1,8.352089,0.5900546
31315,4,-4.4646583,3.982024
63677,0,-3.1850808,-6.4333234
90979,3,-2.7595983,-1.4182172
99853,0,-3.4231672,-7.741914
25967,0,-3.57066,-8.977173
102566,1,8.32782,0.22706904
185093,4,-4.259531,3.8817205
180961,0,-3.482229,-8.663252
171571,1,8.494874,1.0390505
27596,4,-4.540732,3.8203938
163546,1,8.913053,1.0214056
136963,3,-2.2977257,-3.8369327
70030,0,-2.9641953,-4.8145795
13949,1,8.877413,1.2993553
96973,4,-4.4482923,4.1503406
25236,4,-4.2215934,3.2803135
110093,0,-3.4059289,-7.445544
93026,4,-4.4335513,3.7257042
96736,0,-3.4012096,-8.536163
189706,4,-4.2068634,3.5946722
103634,2,-4.6088166,2.7091124
2314,2,-3.4404128,2.9775815
107933,0,-3.0231645,-8.449282
36588,0,-3.4614918,-7.8666453
169713,1,8.657447,0.403673
178114,1,8.328262,0.43279448
106493,2,-4.1868887,1.9715862
161318,1,8.760766,1.2213542
64827,1,5.639588,-4.8222623
27517,4,-4.7324014,4.032213
181487,0,-3.622955,-8.533656
153411,4,-4.358537,3.8607726
147521,1,8.65106,1.1556154
154858,4,-4.3913207,4.100634
111730,4,-4.4155593,3.8881416
115757,4,-4.195033,3.6001537
15600,2,-4.259181,2.9371426
85073,3,-2.6431785,-2.5187712
186976,4,-4.4193845,3.9619274
82750,2,-4.038358,3.2145915
172122,0,-3.277292,-8.573341
68683,1,8.5022135,0.9959584
68206,2,-4.061702,1.778217
10593,2,-3.2304618,2.0407934
183558,0,-3.395832,-7.418524
147392,1,8.716195,1.1330113
156164,4,-4.2432556,3.8335347
102705,4,-4.2643366,3.7946258
30369,0,-3.3188589,-7.4605494
112024,0,-3.8049335,-8.44642
11731,2,-4.407501,2.6221015
21360,4,-4.439381,4.221389
109541,0,-3.5731266,-8.787215
186555,1,8.497958,0.94554514
108350,0,-3.246329,-7.6845493
171086,1,8.206812,0.5639269
165389,2,-4.1373343,3.0862355
168713,4,-4.573652,3.9702852
21182,0,-3.6482847,-8.716069
109108,4,-4.4115434,4.0485783
73215,4,-4.045312,3.1801515
72934,3,-2.7256572,-1.9736018
26683,4,-4.399989,4.013168
152584,4,-4.2434545,3.78472
177946,4,-4.5313163,3.7301297
92103,2,-4.519929,2.9395337
97432,4,-4.0631866,3.4744902
162038,1,8.821543,1.455514
180480,1,8.4492235,0.020591792
176840,2,-4.1386337,2.311237
150732,1,8.694195,1.4388368
156468,1,8.64641,1.2875017
171610,4,-4.2261605,4.0232334
166024,1,7.845737,0.40018088
184265,4,-4.3289275,3.9091578
164089,4,-4.5279794,3.9174843
15550,4,-4.3798285,4.1716123
191375,1,8.511602,1.3490855
158514,3,-2.9366925,-3.7011313
21728,1,8.086592,0.7230007
86457,4,-4.550582,4.0316997
97029,2,-4.0876913,2.4450188
77415,2,-4.51033,2.4497924
113782,1,8.663702,1.0330213
161798,1,8.73057,1.0906107
34211,4,-4.2468014,3.8771963
14081,4,-4.3899374,4.003302
9757,1,8.55379,0.122585036
145072,4,-5.205011,3.6757815
181972,4,-4.652071,4.139606
32523,3,-2.7938764,-1.1946223
92077,1,9.026191,0.9697632
77516,4,-4.3935885,4.2521353
159833,4,-4.368489,4.0188866
60731,4,-4.085692,3.8210068
28075,4,-4.6229644,3.7843034
180584,1,8.440085,0.7804597
141058,2,-4.188962,2.6101804
179592,0,-3.4330077,-7.396342
79479,3,-2.6916664,-1.4848751
30803,4,-4.410156,3.657554
190110,1,8.490279,1.3112549
62745,0,-2.8032224,-5.4374456
148197,2,-4.3174872,2.5380447
179920,4,-4.705153,3.6707928
25447,3,-2.7056985,-2.8641534
3067,1,8.491312,1.2421322
2328,1,8.773835,1.1593496
153174,1,8.598583,1.2674193
112830,0,-3.2369688,-8.268313
141287,4,-4.442687,4.012723
177014,4,-4.6211452,4.061435
149475,3,-2.8865888,-2.5394297
7921,4,-4.027733,3.6143079
163618,2,-4.5421596,2.6122496
6248,1,8.419747,1.2496209
37321,4,-4.208427,4.1055126
151733,1,8.723449,0.9404808
117986,3,-2.7902305,-4.2842426
83146,4,-4.506081,4.022984
187238,1,8.4175825,-0.28802723
149573,2,-4.471011,3.1432128
32051,1,8.598655,0.9809814
31702,1,8.406956,0.17335314
33613,1,8.639392,1.2123711
161168,1,8.760391,0.95076317
36589,0,-3.174928,-6.8486986
27846,0,-3.4591324,-7.531157
50118,3,-2.8054514,-3.725267
108836,2,-4.404594,3.357071
11901,1,8.012887,0.025092553
120020,3,-2.7144487,-2.7196436
177042,2,-4.6707954,2.366969
153662,1,8.403571,0.99040335
159122,1,8.51222,1.0954812
48922,4,-4.3444753,3.5407953
154906,4,-4.4054956,3.9097555
159461,4,-4.3986115,4.1618123
23905,1,8.797744,1.3177317
161890,1,8.7651,1.1120806
8142,4,-4.252993,3.159179
176456,4,-4.613596,3.5298412
28444,2,-4.636113,3.1985195
12445,1,8.390035,0.025341805
38101,4,-4.424194,3.7063148
108435,0,-3.3619335,-7.64702
4061,1,8.865787,1.1973087
44209,0,-3.013732,-7.2180147
14836,4,-4.078001,3.6933663
48958,2,-4.3011026,2.3323078
169498,4,-4.3756776,4.077085
17657,3,-2.7169087,-1.1009852
99844,0,-3.586743,-7.446659
84525,1,8.49439,0.7755017
29042,0,-2.9484038,-7.3070965
94069,1,8.598549,-0.15302375
84597,1,8.645029,-0.22456577
2361,1,8.742385,1.1302898
43992,0,-3.4988039,-8.39424
153266,2,-4.2479086,2.5541432
162647,4,-4.517203,4.0429525
167373,1,8.772393,0.016930321
185571,0,-3.554161,-8.863915
3726,1,8.38923,-0.062950745
175585,4,-4.2380304,3.6471367
64252,0,-3.1809874,-6.4149694
25648,0,-3.5255203,-8.645825
15825,1,8.553487,0.14826132
104977,4,-4.4484706,4.1464357
174913,4,-4.639797,3.7781315
17414,0,-3.3983846,-7.3387365
113722,1,8.824303,1.0943329
171204,2,-4.348696,2.7231941
83874,1,8.373091,0.0057596834
80364,1,7.766858,0.19060765
39428,1,8.700713,0.96778274
13572,1,8.8114605,1.2599115
83501,2,-4.105278,2.433604
154575,1,8.359949,0.11496752
94343,1,8.56685,-0.08193176
114705,0,-3.4507203,-7.6067753
187087,2,-4.1991525,3.1185234
163569,3,-2.6584258,-3.2568152
4888,3,-2.8580465,-1.3164663
13504,1,8.510779,0.5622943
35435,1,8.278663,0.2739735
90244,2,-4.521222,2.6751647
30958,4,-4.5615172,3.9322195
98011,4,-4.4141726,4.193344
75475,2,-5.1963496,2.2558155
187032,2,-4.44411,3.2390513
101256,0,-3.2745733,-8.76493
149396,1,8.91163,1.305938
150520,1,8.704507,1.1263165
181009,0,-3.3502061,-8.768039
43165,2,-4.4875374,2.5383885
168000,1,5.825264,-3.3539832
156180,1,8.104966,0.19525549
167123,4,-4.588327,4.2155743
159701,1,8.484301,0.829298
87229,1,8.224341,0.10066408
84108,2,-4.0368104,2.2591195
158781,4,-4.35933,3.9107873
20151,1,8.519216,0.11787396
153644,1,8.026089,0.013049807
89021,1,8.751115,1.0823717
100391,4,-4.9860783,3.5257792
48942,4,-4.405953,3.6621428
87681,0,-2.9491732,-8.142868
162275,2,-3.7637126,2.1263978
151208,2,-4.5048294,2.9038155
177688,1,8.829369,0.90454125
149569,3,-2.6326227,-1.3057237
19246,1,8.62573,0.9490241
161288,4,-4.4347825,4.151038
25964,0,-3.4941282,-8.670354
146817,1,8.448638,0.81875724
137185,3,-2.799305,-2.9349687
62737,0,-2.765449,-5.7587414
65238,0,-3.1349115,-6.8670626
183205,2,-4.395562,3.1508112
88821,1,8.6367035,1.2970934
160787,4,-4.273729,3.8612847
115584,2,-4.0202127,2.556183
107567,1,6.740783,-2.5841014
161215,1,8.846407,1.2069694
73319,4,-4.2291517,3.6121335
95743,3,-2.739302,-2.8563142
97163,0,-3.5789247,-9.133531
62333,0,-2.7102726,-6.4940543
121610,2,-4.3520284,2.1278965
174889,1,8.528814,0.29038686
162002,1,8.624562,0.6635025
181561,4,-4.5735,4.2563486
158561,3,-2.8227513,-3.113309
64868,0,-3.9939399,-6.4798746
111328,4,-4.6796517,4.24083
169203,4,-4.471071,4.053992
89792,1,8.732062,0.9956958
38987,1,8.625779,0.99874026
26729,4,-4.339125,3.6757283
32445,4,-4.4743366,3.8141122
42327,2,-4.505157,2.730063
172555,2,-5.155403,2.481665
154352,4,-4.0350084,3.6993914
85947,2,-4.4575357,2.4992747
165310,1,8.764288,1.1414198
14085,1,8.63591,0.73716384
190303,1,8.338329,1.4636285
175921,2,-4.5707207,2.9039435
172176,2,-4.7635384,3.0601575
154785,2,-4.3749495,2.6840377
115304,1,8.537254,0.3347255
112589,3,-2.711321,-2.9391313
14102,1,8.471069,0.42809132
42226,4,-4.4208627,3.9259925
17532,2,-4.5941334,2.703905
38873,1,8.391455,-0.06947544
12397,4,-4.8139515,4.1828785
74628,1,8.124548,0.029523116
86913,4,-4.4739327,3.8607113
21848,0,-3.5286968,-7.6739564
160168,2,-4.2164946,2.5584073
49682,2,-4.5152597,3.215395
91924,1,8.486525,0.25464535
189457,2,-4.177294,2.436531
161469,1,8.738594,1.2457818
21011,1,8.363341,0.124829665
87840,3,-2.5959115,-1.5318385
184809,3,-2.801317,-3.6449046
176203,1,6.163413,-4.424152
27748,4,-4.5047116,3.8720686
47899,1,5.6223207,-4.695284
14846,0,-3.5543575,-8.996399
175021,1,5.9789643,-5.080185
182761,2,-4.628324,2.623658
17583,0,-3.3816323,-7.3552556
41592,1,7.7965035,-0.45715085
28443,3,-2.699339,-1.4853338
26296,4,-4.4718466,4.127802
45346,0,-3.0544739,-7.00379
14394,1,8.567745,0.19947319
110314,4,-4.4849567,4.231823
164412,4,-4.2489057,4.0820575
90565,1,8.9365425,0.9074603
161617,3,-3.0691433,-1.8141029
93769,4,-4.530529,4.1239696
173160,4,-4.554015,3.951119
162814,1,9.005742,0.7883661
176938,4,-4.246504,3.869723
159326,1,8.696827,1.0799505
85612,4,-4.168749,3.6664138
82266,1,8.685171,1.18403
19897,2,-4.700304,3.5464413
160020,1,8.881198,1.2955729
171550,1,8.318286,0.61367935
15625,4,-4.284899,4.015513
83098,2,-4.3300347,2.304927
91657,1,8.786244,1.2085164
103331,2,-4.4203305,2.6427908
148081,1,8.156502,-0.04436921
156758,4,-4.308938,4.020913
26324,0,-3.642058,-9.04998
191080,1,8.747844,0.7473979
19674,1,8.792913,1.3172947
44803,0,-3.0602307,-7.0096874
181546,4,-4.4109106,4.1314697
39629,1,8.635099,1.1960729
143951,4,-4.372714,3.651718
97161,0,-3.376536,-7.3931484
190622,1,8.661636,1.1376805
118216,3,-3.138331,-4.015012
80044,4,-4.337003,4.154551
46573,0,-3.1123266,-8.654227
26081,1,8.473698,0.22338708
149684,4,-4.362318,4.04636
162894,3,-2.2474284,-1.7913615
90283,1,8.228952,-0.35886186
98158,1,8.692949,0.7125982
161134,1,8.251482,-0.10069679
154382,3,-3.1049128,-2.7661293
187760,0,-3.415408,-7.4044037
62739,0,-2.7323105,-5.726061
9398,3,-2.8445346,-2.6276238
29446,0,-3.5431066,-7.383393
181057,2,-4.5513315,2.8000426
176477,1,8.335373,-0.04913928
181100,2,-4.6135335,2.702993
1051,1,7.7336807,0.83343333
51276,1,8.473039,1.1881459
150359,3,-2.832932,-2.9103248
163395,4,-4.461323,4.1549983
60041,0,-2.9115176,-5.9843454
150075,3,-2.4511456,-2.623873
166334,4,-4.208372,3.7303822
26558,2,-4.112257,2.5222328
45943,2,-4.9728546,2.2304323
41412,4,-4.415285,4.088187
3052,1,8.785355,1.0711403
87836,1,8.374731,-0.12346567
48135,1,8.572754,1.4345832
174242,0,-3.3008802,-8.597298
40307,1,8.596085,0.6521222
18379,1,8.707424,1.187139
42610,0,-2.9521992,-7.0322065
189578,1,8.87779,1.1294136
1829,4,-4.364175,4.0510564
174779,2,-4.601858,3.1195128
162790,4,-4.4490128,3.9675555
34421,4,-4.2757406,3.9995148
28298,0,-3.4030008,-7.4131603
24302,1,8.077462,-0.23888391
100972,0,-3.8495665,-8.368462
12982,2,-4.2288027,2.12748
176166,4,-4.4397173,3.9796815
162150,4,-4.404318,3.6657557
82810,1,8.238714,-0.20287775
36528,0,-2.9052365,-7.199172
95697,3,-2.9584932,-2.7135298
21164,0,-3.4098754,-7.6990438
103417,1,8.744137,1.1727175
166749,4,-4.6066484,4.085053
35900,1,8.873288,1.1582589
178191,2,-3.9926598,2.9422338
96666,3,-2.7986128,-4.112418
80932,1,8.575525,1.1954967
165457,1,8.180886,0.21068366
187449,4,-4.280183,4.0699
90841,4,-4.140398,3.7131767
10324,2,-4.033538,2.280092
163950,4,-4.457748,4.137991
137632,4,-4.5211186,3.827381
131189,0,-3.4164975,-6.666256
88569,4,-4.562655,4.0975347
28983,1,8.47786,0.3973313
45507,1,6.20356,-5.3864603
42220,1,8.804802,0.9898352
21450,4,-4.46014,4.2797313
55483,2,-4.3816953,2.099105
94360,1,8.740047,1.1145982
147518,1,8.209451,0.050395433
35770,0,-3.3560562,-7.617697
77804,3,-3.857178,-3.2555296
102854,4,-4.3641505,3.492167
94522,4,-4.4421153,4.1510477
34850,2,-4.485714,2.531224
91003,1,8.806548,1.1078777
48759,4,-5.0601997,3.5662546
82138,3,-2.872613,-3.3687148
78457,4,-4.198923,3.8023827
79548,4,-4.3367844,4.00876
81542,3,-2.7425456,-1.5413419
27785,0,-3.8084276,-8.7518
153780,1,8.790343,1.1804442
8463,1,8.152968,0.64413226
15859,1,8.588482,1.3120226
86655,4,-4.5963607,4.062031
175341,4,-4.263587,3.4670196
85217,1,8.501753,-0.01370584
191062,4,-4.512735,4.0943346
94600,1,8.638447,1.4268872
106579,4,-4.502484,3.8233552
44459,0,-3.5534973,-7.2936068
173643,2,-4.386174,2.3673139
94311,1,8.685885,1.1343027
111502,4,-4.6108284,3.948435
7227,3,-3.244812,-3.386133
147918,1,8.655822,1.3050368
149513,1,8.252433,-0.004439411
15117,3,-2.7260907,-1.2440012
106705,1,8.561202,0.536558
151935,1,8.907831,0.90339273
175967,2,-4.3862853,2.5121188
155194,4,-4.4219184,4.0951004
49532,1,8.804628,0.9055372
19839,0,-3.8180802,-8.430278
84921,1,6.609232,-2.6907911
18695,1,8.583862,0.6318091
114783,1,8.69068,0.96654737
187366,4,-4.2942367,4.089596
106111,1,8.128019,0.045248803
25961,0,-3.4752405,-8.764323
171254,1,8.127052,0.19358796
156768,4,-4.412491,4.1559677
2456,1,8.801312,1.1962336
160467,4,-4.501493,3.9985132
161758,4,-4.397884,3.8430922
153105,1,7.7690587,0.9242872
100209,4,-4.509665,4.259248
169106,4,-4.4987345,4.0413074
24237,0,-3.2615716,-8.547208
44874,0,-3.5403051,-8.707654
102057,1,8.693796,1.1058502
187381,4,-4.453227,4.0250597
153560,4,-4.412308,3.9440506
62590,0,-3.8771045,-6.6794357
68019,3,-2.092018,-3.0332818
135848,0,-3.9357326,-6.5092983
20991,1,8.686377,1.5132097
77117,1,8.407589,-0.41379473
173367,4,-5.220487,3.9159312
97819,0,-3.7081208,-8.507111
174778,1,8.844661,0.807981
60260,1,8.19158,0.5514229
50556,4,-4.294041,4.1941214
123493,2,-4.1444774,2.1896436
38960,1,8.786866,1.1489973
103930,2,-3.6229448,2.2458575
80522,1,8.489861,1.2313523
163499,4,-4.4736547,3.476598
21824,0,-3.4417243,-7.0803313
176599,1,8.374426,0.3461573
186981,4,-4.418464,4.0226936
10572,4,-4.3267217,3.8254235
175795,1,8.933722,1.1161491
3938,4,-4.448094,3.8370442
179615,2,-5.1726565,2.167896
94563,1,8.7249975,1.16408
167172,1,7.897107,-0.2960538
182369,0,-3.7065637,-8.9491825
91969,2,-4.4558377,2.9226372
69761,3,-2.4381394,-2.7849274
189592,1,8.837099,1.1229162
175787,1,8.92191,1.0946271
106838,4,-4.3531585,3.9745135
178466,4,-4.4205694,3.2683265
192485,3,-2.3951983,-3.447884
157699,1,8.2701235,-0.07852177
31711,2,-4.1976204,2.0234606
51531,2,-4.072484,2.4583228
188844,3,-2.7725086,-5.072821
4112,2,-4.326547,2.7465632
177970,1,8.545716,-0.09490041
7398,1,8.332765,1.0790341
109969,1,8.7491455,0.16170765
154204,1,8.220861,0.44381967
162971,4,-4.3673873,4.0078053
159086,1,8.644435,1.232641
115272,0,-3.8078625,-8.300741
98099,1,8.310029,-0.15011677
34177,2,-5.1370077,3.1887252
70355,4,-4.3648305,4.085751
189536,1,8.533795,1.2499518
164368,1,8.148442,1.0194423
2355,1,8.809056,1.2080203
5213,1,8.811563,1.0177697
160331,1,8.471661,-0.21767513
178111,4,-4.395788,4.1581264
20173,1,8.85204,1.0955757
47878,4,-4.077864,3.621557
164498,2,-4.2708287,3.185371
154582,1,8.734041,1.3385626
156732,4,-4.65492,3.9857612
186926,0,-3.5812354,-8.60458
83012,1,8.820335,1.0830392
6238,1,8.165531,-0.12763532
147492,1,8.46396,1.3137786
115287,0,-3.2180245,-7.8710637
80383,1,8.033377,0.22897586
93401,1,8.747098,1.4796292
93553,2,-4.428324,2.8730443
77786,3,-3.6713805,-3.0401983
150508,3,-2.8997197,-2.9767652
144051,3,-2.5458195,-1.3229581
165739,2,-4.458029,2.561433
28194,4,-4.6323557,4.18316
40719,2,-4.583442,3.0440087
23879,4,-4.7551017,4.259285
176237,2,-4.1761045,2.3067214
11134,3,-2.5928376,-2.9884746
116968,1,8.668588,1.0984145
101326,4,-4.532554,3.723779
162877,4,-4.456387,4.0143123
168355,2,-4.371002,2.460208
26458,1,8.450141,-0.12001925
25558,4,-4.528959,4.0524087
97920,0,-3.7402968,-8.766118
162787,3,-2.4868433,-1.773918
20888,1,8.453723,1.2985859
35307,0,-3.5330343,-8.85136
161208,1,8.982881,1.0884728
137253,0,-3.033999,-6.5607266
9063,3,-2.8517213,-1.1223841
159093,1,8.591676,1.139218
99625,4,-4.408248,3.4887018
123850,3,-2.9001904,-4.2273245
181552,4,-4.453393,4.290868
36555,0,-3.296531,-6.987338
112399,4,-4.2447305,3.824625
10636,1,8.777452,0.79119825
15608,2,-4.362166,2.7063115
90988,0,-3.281136,-7.4117393
158890,1,8.455095,1.195576
25408,4,-4.360228,3.9861443
31340,2,-3.8934743,3.2487257
94601,1,8.626646,1.4061321
144337,4,-4.3046465,4.171963
107790,4,-4.1960692,3.500091
41364,0,-3.3306692,-7.611176
159261,1,8.757677,1.3327901
154619,4,-4.121285,3.9192536
99244,4,-4.2627373,3.7789838
38914,4,-5.21442,3.9419677
4007,1,8.566848,0.84129834
13576,1,7.751513,-0.0040759356
86476,1,8.783635,0.17970574
161079,1,8.538005,1.0328662
43717,0,-2.7956798,-7.3795953
90816,4,-4.287996,4.217849
3793,1,8.367884,1.1010138
102981,1,6.127805,-2.6512587
97087,0,-3.658447,-8.580405
180738,0,-3.7795663,-8.493788
143814,2,-4.1349444,2.5229836
28030,2,-4.731149,2.7185178
39301,1,8.846275,1.0012745
74501,0,-3.067927,-6.6453032
13624,1,8.646966,1.3034533
174413,2,-4.2535586,2.7129471
99536,0,-3.4158778,-8.776776
162268,3,-2.5864596,-1.4159569
13047,4,-4.3872976,3.726453
185223,1,8.434106,1.5022547
108326,0,-3.339149,-7.845033
7585,4,-4.273314,3.9616084
87048,2,-4.6288824,2.7662735
77588,3,-2.4337597,-2.599064
179946,3,-2.940452,-0.97282666
40958,1,6.396281,-2.465116
89339,0,-3.1499434,-7.2493024
166086,2,-4.4129233,2.4039001
179244,2,-4.551801,2.9261487
37015,0,-3.334535,-8.208979
138056,4,-4.1437435,4.0096664
148982,1,8.471819,1.1616247
86359,3,-3.1191163,-4.6362414
8010,1,8.408559,0.03905745
174854,2,-4.3461185,3.266964
153859,1,8.420576,1.237994
1492,4,-4.360049,4.04956
108619,2,-4.407924,3.0849137
21603,1,8.295801,-0.025025332
158972,1,8.44906,0.06629843
12765,4,-4.4840503,4.2695894
174504,2,-4.0105653,2.456308
99885,0,-3.7862477,-8.655085
162276,4,-4.543634,3.9880447
187529,0,-3.1652112,-8.394727
2125,2,-3.5769956,2.435525
39562,1,8.746553,1.1286173
33214,1,8.676248,0.84821725
183772,1,5.715311,-3.409225
109308,4,-4.3439045,3.9379497
89972,1,8.811278,0.9711088
145535,2,-4.0832777,2.1427994
80843,3,-2.8582666,-1.8026284
187164,2,-4.9164853,2.2101789
141139,4,-4.2447963,4.069925
39721,2,-4.45553,3.208119
79106,4,-4.5949917,4.0481606
51497,1,5.920362,-3.4135103
84050,4,-4.0354633,4.124043
27199,2,-4.141471,2.6661718
146906,4,-4.1571465,3.5486352
142159,4,-4.230736,3.7222757
107833,0,-3.5158215,-9.058859
27181,1,8.452402,-0.26237896
59629,0,-3.3747456,-7.3557134
77777,3,-3.55218,-3.1176152
27005,3,-2.9187176,-4.184567
97861,0,-3.744189,-8.771718
9452,3,-2.670337,-1.4908978
96944,4,-4.5461116,4.2670374
91956,4,-4.1672306,3.2619784
178019,1,8.278928,1.2710354
82238,1,8.786407,1.2694858
24078,2,-5.166158,2.3299387
27910,4,-4.372336,3.93152
110359,2,-4.474659,2.037621
108519,4,-4.5814962,4.1786385
35493,4,-4.4917555,3.7288172
144224,4,-4.253336,4.008614
53166,1,6.1068435,-4.631007
15303,1,8.776779,1.2177417
102038,3,-3.0090225,-1.6428763
78640,2,-4.2359743,2.5545666
92249,2,-4.633817,3.164674
112921,4,-4.5317407,3.7975495
38059,4,-4.666148,4.0420847
62752,0,-2.6582813,-5.7165174
129330,0,-2.7212095,-5.7992096
153475,4,-4.5298553,3.8575754
180456,0,-3.7186024,-8.787014
4087,2,-4.2675047,2.5981152
30461,1,8.803504,1.1600788
93039,4,-4.499111,4.0082326
97428,0,-3.582112,-8.641173
38576,2,-4.526032,2.6741164
21600,2,-4.0228157,2.8284414
123516,2,-3.9886694,2.3412025
88315,0,-3.5742707,-8.667628
84069,2,-4.336844,2.846001
30040,0,-3.5971398,-7.476691
83357,1,8.285635,-0.11963099
153395,4,-4.3902454,4.0379887
149502,1,8.542818,1.2229415
169103,4,-4.4280634,3.6018612
163824,1,8.3651085,-0.28358305
111258,2,-4.2622166,2.7847257
49600,4,-4.3807206,3.8295677
159248,2,-4.8212595,2.118865
187757,0,-3.5358436,-7.071748
48650,0,-3.498246,-8.631027
11973,4,-4.502949,4.1904254
36408,1,5.9520125,-4.832409
94580,1,8.219689,0.03748638
115516,0,-3.5272722,-8.430674
146551,4,-4.5464525,4.1045074
170134,2,-4.479853,2.2674477
5783,3,-2.7927501,-1.9904006
147848,1,8.807171,1.1044108
121651,1,8.6324215,1.1494737
176915,1,8.9199095,1.195088
177829,4,-4.46649,3.8189862
15944,1,8.466045,0.95569235
156752,2,-4.4723144,2.4217255
34156,1,8.088481,0.18319993
14963,4,-3.8653212,3.1307163
12252,4,-4.675722,3.823921
154064,1,6.247264,-2.7367623
110867,1,8.2495165,0.11581649
162738,4,-4.535081,3.9079916
178416,2,-4.2845597,2.743731
80749,1,8.434191,1.3194833
165951,1,8.768676,1.2023853
137609,4,-4.331694,3.8475506
79466,3,-2.6632314,-2.52251
12216,4,-4.503022,3.7376013
114427,4,-4.263571,4.0729003
154578,1,8.6477785,0.94719917
99092,2,-4.6343107,3.3597832
152841,1,8.144993,-0.18596415
150078,1,8.378001,0.010238524
97149,0,-3.6515222,-8.85866
165298,1,8.715579,1.0704535
81262,1,8.084113,-0.057708897
87692,0,-3.3203084,-8.367033
67627,3,-2.2276294,-3.0327058
185816,1,5.6912336,-3.0832691
29610,4,-4.4781003,3.9092443
103054,3,-2.7147067,-1.9505165
29326,2,-4.578433,2.441182
159698,1,8.196998,-0.051511243
143241,0,-2.8579907,-4.3704233
15465,4,-4.4919457,4.274167
38588,4,-4.435128,4.140875
85816,1,5.8215036,-3.1113167
156987,1,8.12729,0.4473087
50397,4,-4.3520303,3.7418869
154627,1,8.737693,1.3336172
100415,2,-4.568139,2.488046
177669,1,8.554853,1.0560945
22017,1,8.64413,1.3257184
85831,4,-4.5800815,3.5968344
14989,1,8.562713,1.0365255
31348,4,-3.8746676,3.320505
166600,4,-4.209613,4.2478333
62488,0,-3.228281,-6.402705
47069,1,6.122222,-5.1947737
110657,2,-4.488913,2.6799734
53825,3,-2.758214,-2.9431665
90259,4,-4.4688077,4.0491176
168519,2,-4.3849373,2.7873864
162534,1,8.296652,0.055222392
14109,1,8.827425,1.4587963
173271,4,-4.7222958,3.9900746
14866,0,-3.2802188,-8.31092
174494,2,-4.3081856,2.573001
11712,1,8.48463,1.0096428
191085,4,-4.445771,4.115724
51851,3,-2.7587872,-1.2559075
174638,4,-4.122849,3.9920413
101152,0,-3.319237,-7.377805
80950,4,-4.2231283,3.8163211
17680,3,-2.634704,-1.2407619
160014,2,-4.310952,2.0835128
107024,4,-4.375646,3.764214
156023,4,-4.376929,4.045871
17218,1,8.501345,-0.15113322
16060,1,8.426623,0.8986824
111336,2,-4.5611663,2.3377864
15835,1,8.5724535,1.1832471
39486,2,-4.4362917,2.530545
10305,3,-2.6804621,-4.2631097
164069,1,8.758757,1.2151057
60313,4,-4.122765,3.5829873
72378,1,8.393316,0.9405343
36443,0,-3.4626894,-7.477444
20170,1,8.165894,0.66304487
37071,2,-4.4177184,2.4139118
158524,3,-2.7880583,-2.956871
98905,4,-4.7304597,3.9612315
190624,1,8.199863,0.92471284
11166,4,-4.449105,3.7941186
90419,0,-3.1920648,-7.462199
51509,1,8.709752,1.2653278
41669,2,-4.345328,2.687458
36688,1,8.354509,0.16064993
21152,0,-3.4631743,-7.5892997
26455,1,8.480125,0.6241644
98375,4,-4.5549173,4.3329296
159177,3,-3.0224051,-1.4805173
168299,4,-5.074987,3.3318267
106277,4,-4.48623,3.925955
99711,0,-3.6696436,-7.5
99467,0,-3.4807558,-7.952901
81998,2,-4.585115,2.847508
15740,0,-3.368824,-7.343238
174355,4,-4.5973535,3.9588885
165413,4,-4.2565727,4.0953693
93368,1,8.60055,1.119516
14809,1,8.495304,0.40761656
98126,1,8.728047,1.0375988
21015,1,8.596693,1.5342984
157430,3,-3.01513,-2.495781
181743,0,-3.4805245,-8.506716
113275,1,8.324718,0.32701042
187359,4,-4.3894916,4.092974
150068,1,8.474189,0.938319
180764,0,-3.6421456,-8.516557
150543,2,-4.3050637,3.0787816
2319,4,-4.2860146,4.1359177
169980,1,8.804197,1.1013986
89233,2,-4.3511276,2.5820205
75504,4,-5.4798574,3.8977454
144648,4,-4.4065514,3.8298256
35743,0,-3.4346044,-7.5208764
185091,4,-4.282995,3.923524
42228,4,-4.5329175,4.010065
184072,0,-3.4676018,-7.672761
94815,4,-4.657924,4.1893535
107016,4,-4.4325647,3.673739
97373,4,-4.6662436,4.148449
175986,1,8.34286,-0.18835804
86095,1,8.732483,1.320389
186535,4,-4.4295955,3.8809237
184890,4,-4.6099133,3.7918644
1671,4,-4.4310837,3.8602228
150116,3,-2.7419465,-1.4330201
153691,1,8.364698,0.9786575
169582,1,8.530584,0.6289192
90913,2,-4.2783823,2.6459103
90560,1,9.044763,0.9115131
160140,1,8.9675865,1.153026
36739,4,-4.515338,4.131181
159714,1,8.29736,-0.17614277
183073,2,-4.178065,2.2600603
189712,3,-2.569225,-2.95671
19333,2,-4.379455,2.636673
163900,2,-4.4430504,2.788902
47148,3,-2.5584717,-1.7229164
181450,0,-3.718403,-8.323691
152261,1,8.983951,1.1510123
34557,4,-4.376308,4.014501
9553,1,8.813708,1.1063256
168828,4,-4.2912097,3.5406659
181045,4,-4.6270647,3.8250847
9194,0,-3.2287624,-6.7841334
177525,1,8.452777,1.2540857
116835,4,-4.331387,4.0686584
45506,1,6.055819,-5.230611
24363,4,-4.641358,4.1788573
174311,1,8.421191,1.1707076
37351,0,-3.2539573,-7.435219
96212,4,-4.646872,3.8344977
112110,2,-3.6746058,2.0808814
151200,4,-4.2494264,3.4923267
115289,0,-3.2979913,-8.291079
80535,4,-4.272113,3.7229824
129536,0,-3.3630824,-6.1903887
135832,0,-3.4083555,-7.0372167
180457,0,-3.5058818,-8.811515
24898,1,8.62386,1.2094475
109926,0,-2.9782228,-7.152442
26442,4,-4.583446,3.7923226
117183,4,-3.9724042,3.85347
33459,2,-4.453177,3.100039
39810,1,8.588656,1.1993957
26283,2,-4.430611,3.251119
83825,1,8.792507,1.0114766
155991,1,8.631232,1.2584274
94393,1,8.848669,1.1889392
18574,0,-3.189635,-8.448244
94419,4,-4.4200215,3.874972
86546,1,6.305651,-1.3910421
169108,2,-4.2056994,2.5245833
18376,1,8.505666,0.9597172
188231,4,-4.537813,3.5296307
171657,4,-4.1747346,3.7851994
5912,4,-4.32309,3.7016177
178870,3,-2.9915607,-2.8992603
153559,2,-4.484436,3.1145582
87296,1,9.101767,0.9524794
7949,1,8.704969,1.1744125
35867,1,8.674769,1.1324604
165933,3,-2.7158837,-2.4395359
48846,1,8.617316,0.6292617
155621,1,8.177839,0.030171929
25689,2,-4.605919,2.9796083
86951,1,6.537929,-1.5607145
42073,4,-4.399618,3.8234053
13473,1,8.699765,0.44163734
59991,0,-3.341864,-5.841393
123453,1,8.443655,1.0586861
11038,1,8.391384,0.6915698
91289,1,8.484317,-0.051500488
115288,0,-3.4586554,-7.055475
7383,4,-4.3361096,3.7937205
47151,4,-3.982472,3.6480966
166771,4,-4.4509463,3.9366138
181108,4,-4.305943,3.583205
177764,1,8.305989,0.30767307
188629,1,5.3798084,-4.571458
183033,0,-3.3406765,-7.1756577
102001,3,-2.8388002,-1.1985134
39515,2,-4.253483,2.661105
88194,3,-2.6017256,-1.4469249
82942,3,-2.8384244,-2.8175619
39474,1,8.769171,1.1285635
118776,1,8.678592,1.3178939
13004,4,-4.4013367,3.52025
12730,1,8.88731,0.8151684
11241,4,-4.512891,3.8885784
79384,2,-3.9261997,2.4921012
51871,2,-4.1081247,2.6261642
187476,3,-2.5373604,-2.9052975
190901,4,-3.9787307,3.8541005
159946,1,8.9572935,1.3880261
18791,0,-3.3651571,-7.8508615
100375,4,-4.5847497,3.9476535
45796,2,-4.11332,2.168976
99858,0,-3.4815075,-7.5484037
127881,2,-4.3191915,2.2241125
7690,1,8.660122,1.1684092
159899,2,-5.216739,2.1263723
75183,1,8.69111,1.190187
110167,0,-3.2694757,-8.740146
91656,1,8.773956,1.1681753
124060,3,-2.9926438,-2.489328
177883,1,8.5765,1.0554299
21318,4,-4.5147476,4.1239266
190741,1,8.584093,0.89288473
26568,4,-4.5032096,3.9325716
82010,3,-2.8392034,-2.2501585
165302,1,8.756527,1.1435536
35486,4,-4.4555235,4.2458487
192421,1,8.817284,0.7899763
146908,2,-4.2101135,2.3877692
97812,0,-3.6570354,-8.856439
6247,1,8.416263,1.1611525
171246,4,-4.2033644,3.726001
161667,4,-4.3401937,3.8250782
174849,4,-4.5800905,3.5487282
104412,1,8.858854,1.2751582
114833,1,8.767304,1.1401907
90658,1,9.00912,0.8956852
39887,3,-2.4839885,-1.5119166
86660,4,-4.2208953,3.631898
137628,4,-4.416427,3.7808332
39190,4,-4.3705297,3.325637
177974,1,8.61278,1.0072954
175580,4,-4.483418,3.7020442
84065,2,-3.691163,2.437549
14197,4,-4.376597,3.3707364
189832,1,8.135125,-0.5449478
182733,4,-5.3721514,3.5470061
99414,2,-4.2078185,2.6131506
113572,0,-3.3559015,-7.7737265
97073,0,-3.5915027,-9.0701275
184842,1,8.240405,0.046806473
161660,3,-2.7634792,-1.429811
88456,1,8.757659,0.7908157
31898,1,7.4170594,0.03771509
42194,2,-4.5698075,2.484579
95701,2,-4.7594314,2.5978878
8422,1,8.54171,1.233134
91923,1,8.822098,1.1962512
60357,0,-3.2311327,-6.5620728
177904,4,-4.5569553,4.166166
150127,2,-4.2745633,3.1995983
80446,3,-2.894641,-1.2574745
149691,2,-4.334538,3.0854497
159161,1,8.619341,0.8851981
169496,2,-4.431659,2.9412754
75159,4,-4.3459187,4.1502867
116449,1,8.382188,1.0371028
16343,1,8.648711,0.9837434
123696,0,-2.6851997,-6.762842
191078,4,-4.447009,4.10391
188872,4,-4.2920966,3.6689365
19400,4,-4.459226,4.281798
161915,1,8.978276,1.1244617
26688,2,-4.478799,2.4533086
121686,1,5.9596086,-3.624254
41873,0,-3.2140827,-8.326081
105024,4,-4.3573775,4.1489754
33783,4,-4.2696395,3.294323
189730,3,-2.5646968,-2.6898909
17754,1,8.398394,0.51104087
177048,2,-3.7880692,2.4229317
183573,2,-4.452503,2.5330558
181016,0,-3.7250185,-8.745454
166014,4,-4.222337,3.9257882
98166,1,6.456672,-2.1035426
26230,2,-4.3910723,2.7684343
88239,3,-2.7322817,-1.3199757
28760,2,-4.671604,3.3000062
161198,1,8.644675,-0.06681787
36598,0,-3.155568,-8.492854
161992,1,8.83741,1.1526755
26275,4,-4.5466523,4.3266335
178003,4,-4.075796,3.3286076
20810,1,8.790392,1.2945153
5357,1,5.5742745,-4.7667866
62451,0,-2.6949096,-6.4688187
156190,1,8.334723,-0.119446665
77366,3,-2.6429086,-1.3450426
13495,4,-4.3940215,3.5067656
82916,4,-4.4177623,3.8616219
20553,4,-4.5695887,4.1599536
174265,2,-4.6411867,2.3363862
163220,4,-4.1797247,3.79278
71289,3,-2.3716352,-4.452605
17689,0,-3.43685,-7.3966107
34494,2,-4.278127,2.7631955
111455,3,-2.8099604,-3.1953719
148069,1,8.17335,-0.1478587
94837,2,-4.2897034,2.4013987
19092,2,-4.6153865,2.7054482
171182,1,8.342645,0.13114202
79376,1,8.559648,1.2332487
163027,1,8.194896,-0.055727072
93773,4,-4.481621,4.2249284
165434,4,-4.261415,3.9826365
184878,2,-4.51793,2.378292
159677,1,8.37521,-0.165703
45133,0,-2.7206461,-5.26014
32718,0,-3.0565012,-7.9800997
97378,4,-4.4180408,3.594152
24022,1,8.240405,0.27552876
30563,1,8.672139,0.2169026
154967,2,-4.568041,2.6187606
84651,3,-2.5090091,-1.675391
70437,1,8.144627,-0.06431218
11804,1,7.770475,0.9326045
136640,3,-2.6033077,-2.9121122
171761,4,-4.284388,3.7065053
99458,0,-3.6012478,-8.834171
39639,4,-4.685533,3.8627188
168091,2,-3.915206,2.3336945
187189,0,-3.7222605,-8.615793
117038,1,6.0467086,-4.7507677
85615,2,-4.220655,2.2620692
32920,4,-3.9196496,3.4101748
20542,2,-4.3222933,3.268258
146747,2,-4.3813033,2.2315586
27089,0,-3.6629214,-7.283146
33803,4,-4.330635,3.5265357
154715,4,-4.4099894,4.0747848
156413,2,-4.2469087,2.3805988
179536,4,-4.331074,3.7114904
109797,0,-3.6126657,-7.17287
84458,1,8.728917,0.95821685
182237,2,-4.0991144,2.9418192
88660,0,-3.5163226,-8.470461
32172,1,8.513105,0.912736
174117,1,6.187836,-2.536445
167320,1,8.504437,0.8466876
81403,4,-4.0971155,3.8049474
18213,3,-3.3913949,-1.4244215
114702,0,-3.537635,-8.484072
79867,4,-4.0951414,3.5756423
148226,2,-4.345183,2.3788042
114296,1,8.699185,0.6386926
149319,1,8.505116,1.1839402
6218,1,8.94444,0.8804392
173916,2,-5.1978393,2.2529557
173162,1,8.381773,-0.21068056
30651,1,8.502325,0.43304276
91251,0,-3.2069693,-8.441638
45976,0,-3.727188,-8.330023
50396,1,8.828021,0.84185153
154385,3,-3.2918017,-2.7067666
27597,4,-4.359141,3.1388843
1988,1,8.205039,0.039976444
82514,4,-5.102404,3.7885578
22076,2,-4.304714,2.3413267
27090,0,-2.8765137,-7.3616977
151181,2,-4.555264,2.9319956
12762,4,-4.489158,4.0664563
49594,1,8.809301,1.1416343
114404,1,8.114236,0.046987414
119936,3,-2.8560884,-3.8673105
26802,0,-2.904653,-7.300533
44055,2,-4.572029,3.1567748
10618,1,8.353526,-0.04786042
99197,2,-4.1766315,3.0660396
191530,2,-4.4079566,2.0193563
175375,4,-4.600922,3.855183
25410,1,8.476232,0.17203428
24480,4,-4.124281,4.031981
96501,1,8.443865,0.99118036
161502,1,8.9334135,1.0416048
182770,1,8.954464,0.9867035
14241,1,9.009566,1.1315488
179940,3,-2.9552567,-1.5059849
15314,4,-3.98628,3.6362321
83182,4,-4.385597,3.8771653
191013,1,8.722716,0.95676816
186533,3,-2.5169172,-1.8219283
103763,4,-4.6181264,4.116531
119791,4,-4.5071063,3.904353
166478,3,-2.8609967,-1.1798669
43007,0,-3.2692297,-7.5081153
87332,1,8.776717,0.7037564
122381,2,-3.9552581,2.022505
182531,0,-3.6087444,-8.446921
173238,2,-4.3607287,2.5355778
29735,4,-4.604057,3.9515057
110613,2,-4.3422775,2.8550708
82334,1,8.170301,-0.07616553
179427,4,-4.4434443,3.2282257
169168,3,-2.7804432,-3.3257468
19958,1,8.9504595,1.0809093
27599,4,-4.64051,4.004818
90794,4,-4.0919533,3.9600437
88197,4,-4.282968,3.787312
52685,2,-4.252205,2.4641442
185221,1,8.523386,1.5986224
27079,0,-3.5613837,-7.3600187
171733,4,-4.29034,3.7934544
176437,2,-4.4706326,2.5168197
31572,1,8.200959,-0.2131092
112809,3,-2.6089628,-2.863783
77445,2,-4.257211,2.6382983
85018,1,8.672422,1.320485
118193,4,-4.206638,3.8142078
21698,4,-4.337292,3.8870494
105596,2,-4.4926796,3.4168324
5265,1,8.731289,0.9324102
24613,4,-4.396475,3.9419448
150961,4,-4.5367036,4.1037655
25917,0,-3.5450447,-8.871756
26453,1,8.675092,0.5806958
11156,1,8.801969,0.9565405
49563,1,8.724244,0.9685354
150990,4,-4.3387856,3.9231098
136754,3,-2.2509174,-3.414914
163548,1,8.943429,1.1264149
172376,0,-3.5005789,-7.6547713
38473,2,-4.645743,2.6748445
164528,2,-4.438973,2.472523
149365,1,8.184925,-0.10510109
91666,4,-4.0616927,3.6460261
11954,4,-4.5730386,4.049844
169249,1,6.247295,-2.7406063
148019,2,-3.8384602,2.141787
168258,1,8.476992,1.1587253
159362,1,8.69897,1.3014097
105083,4,-4.421865,4.1736355
112823,1,4.9192314,-4.0078077
97165,0,-3.5511203,-8.873426
110446,2,-4.2913027,1.9742218
1507,4,-4.482031,4.0580945
15232,4,-4.5168242,3.5751789
145164,4,-4.365325,3.743753
110838,2,-4.591344,3.407155
165999,1,8.438836,1.374904
81637,2,-4.2324357,0.37758642
32388,2,-4.5441966,3.0467143
150129,3,-2.5785081,-1.4372077
40791,1,6.2589498,-4.9446335
150754,1,8.7144,1.347447
161464,1,8.9582615,1.1359603
17652,3,-2.7679057,-1.1474906
189537,1,8.506404,1.2447858
149738,4,-4.3365283,4.1295347
95805,3,-2.7992535,-2.9957108
97880,0,-3.724365,-8.761593
36618,0,-3.4382226,-8.025936
4067,4,-4.3436365,4.047495
99274,1,8.52868,1.2160112
79911,1,8.557025,1.2828789
173236,1,8.688477,0.85535777
164082,1,6.32736,-1.6397356
15609,4,-4.305821,3.7939098
81295,4,-4.138019,3.7024465
141111,4,-4.3444314,4.0389934
77574,3,-2.5247543,-2.6276474
189001,1,5.5731335,-4.3290343
141136,4,-4.463474,4.2283278
191130,2,-4.2137623,2.4435995
163693,1,8.831871,1.12812
160147,1,8.305334,-0.054784387
81109,2,-4.3950467,2.9035237
147696,2,-4.090508,2.14663
31683,1,8.763133,0.8924055
167524,1,8.36024,0.40162638
110343,4,-4.5060406,4.0031796
79953,3,-2.7695496,-2.2734733
34453,0,-3.5012908,-9.064913
7404,1,8.622628,1.2609692
18315,3,-3.0539632,-1.0503309
117142,4,-4.3854995,4.1221848
90768,1,8.405871,0.49046898
173460,4,-4.555073,4.137446
177099,3,-2.7542346,-2.710748
158793,4,-4.4855046,3.4100606
79638,3,-2.7648032,-1.6297792
34034,1,8.646242,-0.0055231247
164333,3,-3.9355395,-3.2806556
81760,2,-4.3641267,2.3409007
163352,1,8.745187,0.9778173
124062,3,-2.8248389,-2.1771169
183644,1,8.101732,-0.17608038
36437,0,-3.375605,-7.7717605
30021,0,-3.4990573,-7.0077057
37618,4,-4.455321,3.554152
31881,2,-4.467748,3.0268407
18408,1,8.463914,0.2860297
111429,3,-2.7474227,-1.7265627
17600,0,-3.5182755,-7.4824395
28980,0,-3.7223954,-8.499647
51475,1,5.7845654,-4.257871
18935,0,-3.539333,-8.584079
18357,1,8.824878,1.1662055
130098,0,-4.076917,-6.288448
119504,4,-4.395679,3.7914968
46943,0,-2.965601,-5.16862
3064,4,-4.316754,3.5240996
24929,2,-4.486511,2.895304
166169,3,-2.8787818,-3.4165077
36722,2,-4.044921,2.4296274
29008,0,-3.0209367,-7.13534
160539,1,8.826825,1.37749
156057,1,8.44266,0.47152868
154852,4,-4.454998,4.0635037
85819,3,-2.929431,-2.1639779
83665,1,8.554191,1.3425077
80150,2,-4.23193,2.5015109
189569,4,-4.468209,3.6542962
88319,0,-3.4293694,-8.549471
113627,0,-3.5755546,-8.499451
103880,4,-4.550216,4.256975
19563,1,8.809836,1.1345264
35193,2,-4.500649,3.0774832
92503,1,8.498159,-0.007853844
104600,2,-5.0162363,2.1531277
108835,1,9.000622,1.0019548
23604,4,-4.3272614,3.9252183
163416,4,-4.2595463,4.0709124
87759,4,-4.413987,4.0107036
154580,1,8.797471,1.2650349
83027,1,8.8917465,1.2086563
159999,1,8.865621,1.3606317
62330,0,-2.7099802,-6.4957366
60696,4,-4.1890407,3.9035153
44944,1,6.1001987,-5.204309
108937,0,-3.6787298,-8.600558
171281,2,-4.8702736,2.2871246
110120,0,-3.469213,-7.3795104
143881,4,-4.1829944,4.1067653
162395,1,8.58929,0.6494909
24633,1,8.585597,0.73920226
113958,0,-3.570855,-7.267998
69662,3,-1.8816546,-2.7963164
80354,1,8.409702,0.82559246
85494,2,-4.229123,2.4145584
103833,1,8.334233,0.4342661
60126,0,-3.4030654,-6.518869
109118,1,8.36442,0.4747771
48311,0,-2.9645214,-7.2199373
186883,0,-3.568879,-8.943695
111609,4,-4.620148,4.012594
165376,2,-4.4462066,2.6736758
188869,2,-4.110635,2.290712
143749,1,8.307859,-0.0985967
101247,2,-4.4916315,2.4931211
85663,2,-4.5311317,2.3021874
69844,1,7.9678636,0.016430635
13682,0,-3.6697938,-8.520383
173706,2,-4.705196,3.3170962
10755,1,8.397267,0.61083174
147006,1,8.992081,0.9027545
168111,1,8.782139,0.9574411
96955,4,-4.371433,4.0037384
187769,3,-2.8887694,-4.8833737
30451,2,-4.4649444,2.3491635
7519,4,-4.3099256,3.589453
85790,4,-4.3556514,3.9767544
167440,1,8.491594,0.84771323
154733,4,-4.2618394,4.0519896
154972,4,-4.519159,4.0429807
103256,4,-4.245689,3.4996939
37688,1,8.604918,0.71102864
47149,4,-4.5069046,3.8250537
51869,2,-4.2120037,2.7701194
167171,1,8.383058,0.6263314
184779,4,-4.460693,3.3072042
118778,1,8.678992,1.3153322
19083,2,-4.573969,2.6933854
154326,3,-2.8433425,-2.0336852
1493,4,-4.488517,4.0852594
161547,1,8.502356,1.0375552
80528,1,8.278503,0.58056766
45056,0,-3.4372203,-7.3257017
193164,2,-4.037584,2.2688491
15289,1,8.727938,1.3247048
3930,1,8.74818,0.9744088
156061,1,8.151934,-0.17651728
45319,0,-3.0786853,-7.893667
127938,4,-4.1596074,3.604818
30031,0,-3.618411,-7.2604675
5925,1,8.692572,0.83825004
81260,4,-4.013277,3.4391022
119978,2,-4.269222,2.5267913
44764,0,-3.5657177,-8.8921585
161521,1,8.530532,0.90025836
15551,4,-4.399938,4.270909
47918,3,-2.3280644,-3.3080504
183516,0,-3.525918,-7.351659
168272,1,8.495038,0.9868541
34198,4,-3.7566051,3.207674
3036,1,8.33195,-0.13792627
137344,3,-2.8881679,-2.7115788
1514,1,8.886055,1.1664381
182586,1,5.5528264,-3.7916532
38545,2,-4.3899,2.7932477
41500,1,8.771117,1.2007366
162974,4,-4.26059,3.9702334
44824,0,-3.1727178,-7.13489
91911,3,-2.9832218,-1.8994648
33504,0,-3.464806,-8.911932
106288,2,-4.476055,2.560915
97134,0,-3.5445676,-8.824452
90412,0,-3.3100288,-7.60715
169695,1,8.481902,1.014463
167800,4,-4.4224334,3.5333903
21479,4,-4.3455825,4.184393
185932,3,-3.1498258,-3.4135
94173,1,6.1034837,-4.6649675
33990,1,8.891136,0.9592057
97948,0,-2.9555345,-7.30868
35443,1,8.350889,0.15799263
59902,0,-3.3254013,-6.6822133
186163,0,-3.0179634,-5.367582
102814,4,-4.416474,4.1838756
15706,2,-4.5973334,2.820434
29878,1,8.579191,1.2891752
24478,2,-4.119652,3.0507107
154724,4,-4.283373,4.1377316
181008,0,-3.7222526,-8.237396
17137,0,-3.4492002,-7.4380236
19151,4,-4.597611,4.0477743
35922,1,8.843408,1.1273247
179124,3,-2.651449,-2.0732968
37214,4,-4.254894,3.9035542
190322,1,8.464168,-0.34046695
14697,4,-4.523797,4.030168
49307,2,-4.415737,3.3991008
83844,1,8.561896,1.2388451
169654,1,8.5534725,1.1227543
60366,0,-4.0044703,-6.7587757
30547,1,8.697568,0.2054016
113373,0,-3.6608222,-8.450689
164303,2,-4.4229097,3.0595517
171576,4,-4.468151,3.895866
9357,1,8.4058895,1.3695806
109284,2,-4.5038986,2.6561582
158787,4,-4.4402714,3.9483135
123624,3,-2.8197339,-1.8783342
26316,0,-3.5539572,-8.888725
42412,4,-4.4951973,4.020956
162585,1,8.866873,1.1776584
14365,2,-4.528413,3.2892792
41851,0,-3.531111,-7.2602057
162050,1,8.811049,1.4794345
42603,0,-3.1083443,-7.1645865
36564,0,-3.3063107,-6.9192343
12357,1,6.172753,-3.9323125
24353,4,-4.449726,3.5235715
40297,1,8.900454,1.1868457
30187,4,-4.513049,4.102344
153894,2,-3.8994434,2.226305
166156,2,-4.447075,3.1884036
42273,2,-4.5461144,2.6630838
161574,3,-2.7946725,-1.2700108
89018,4,-4.0659494,4.0818043
61223,2,-4.321305,2.031582
178010,2,-4.1887517,2.7302284
161644,1,8.592758,0.81811213
184321,4,-4.0411367,3.4646184
103453,2,-4.4493065,2.6110249
26596,1,8.27329,0.23776942
87089,2,-4.5013046,1.7549185
101995,1,8.387024,0.9759988
36446,0,-3.3623261,-7.6084294
136437,0,-3.4193237,-7.209245
98200,4,-4.5817647,4.1279483
161294,1,8.780051,1.1108907
92228,1,8.218769,0.32195038
154472,3,-2.7926898,-3.3640666
44538,3,-2.5084949,-3.5575087
36467,0,-3.4983933,-7.673549
37846,0,-3.4203913,-7.403971
12096,1,8.688287,1.0113956
5629,1,8.703032,0.99172044
147446,3,-2.7776947,-2.3843699
28280,0,-3.7037642,-8.605861
26554,1,8.166516,0.25435913
21993,1,8.287667,0.08617123
49466,2,-4.2194557,2.5081258
36823,0,-2.996552,-8.178581
156589,4,-4.348573,3.904659
8850,1,8.604336,1.1916865
18225,3,-3.439672,-1.7755725
161655,3,-2.5824764,-1.252626
109802,0,-3.4898047,-7.4053903
44372,3,-2.7197733,-4.328379
11912,1,8.38538,0.13221654
15182,1,8.690015,0.99089015
21862,0,-3.4192617,-7.807561
143852,3,-2.3304014,-1.5260181
163163,2,-4.2551823,2.5213668
36363,1,6.1730514,-5.2227087
160734,1,8.7180605,0.7849586
137417,3,-2.8205185,-2.5262198
21667,1,8.757474,1.0851786
24654,3,-2.690026,-3.7884173
98132,4,-4.4688854,3.8631139
13485,2,-4.5432744,2.4682164
94061,2,-4.362912,2.7818377
44002,0,-3.62433,-8.69999
110224,0,-3.6842744,-8.712456
1708,1,8.421452,0.58734554
15950,1,8.546602,1.1248868
39196,4,-5.0379996,3.17798
176967,2,-4.7421384,2.731673
24374,1,8.302048,0.46979165
91112,1,8.664926,1.0974908
185990,3,-3.2137067,-3.432311
26969,4,-4.526507,3.2194276
183157,2,-3.6012971,2.5188632
87000,4,-4.501699,3.5180628
25962,0,-3.4416225,-8.7881975
62504,0,-2.927282,-6.1777234
175466,1,8.498296,1.0008916
8613,4,-4.4784384,3.678956
63333,0,-3.255039,-6.9198375
9323,1,8.482435,1.250849
94810,2,-4.637567,2.6013837
87948,4,-4.03545,3.8239336
190509,2,-3.7237587,2.1008182
152956,2,-4.379339,2.8164372
178705,3,-3.0620706,-2.9534998
19243,2,-4.33714,2.4129636
75312,2,-3.563241,2.9601667
30740,1,8.555124,0.82861024
21171,0,-3.3617418,-7.651206
19460,4,-4.634091,4.150863
16072,1,5.9453516,-4.1564903
100757,0,-3.490238,-8.277221
84408,1,8.622526,0.28234917
115349,1,8.297059,0.5552078
88168,4,-4.510927,4.1252356
1697,4,-4.2303057,3.5291
21807,0,-3.3210127,-7.2674212
79896,1,8.627038,0.9287609
103652,2,-4.4396553,2.5009737
81926,4,-4.367183,4.1285615
75032,1,8.834521,1.2657713
30435,0,-3.1602871,-8.39029
89622,2,-4.1568,3.29673
4033,1,7.646674,-0.061167438
81761,4,-4.332845,3.4127777
80504,4,-4.2485013,4.0261307
11789,4,-4.4547024,3.841901
7583,1,8.585105,1.304292
94658,4,-4.392461,4.1313353
179928,4,-4.376745,3.6516557
171614,3,-2.726896,-1.9530933
28982,2,-4.516397,3.0114133
150658,4,-3.983756,3.8984408
167203,4,-4.546644,4.097997
10537,1,8.325454,0.9367641
42210,1,8.870673,1.0160766
187554,0,-3.7188313,-8.192597
174895,3,-3.2084432,-3.0806296
3089,4,-4.418581,3.8181863
114084,4,-4.577098,3.6638525
86044,1,8.60002,0.19247021
88538,1,8.956779,1.0747616
7934,1,8.337588,0.07513994
190288,1,8.280837,0.0013200642
27465,1,8.249285,0.07141698
24659,3,-2.7319393,-3.7584333
181776,0,-3.713102,-8.198824
30812,1,8.739096,1.3091152
162509,1,8.62014,0.14498624
154896,2,-4.2739186,2.2975361
176424,4,-4.485664,3.9257157
83786,1,8.272067,0.63702774
99895,1,8.5451975,1.081995
99119,2,-4.4859285,3.253807
135930,0,-2.716219,-6.5836477
27641,1,8.306678,0.2781274
167385,2,-4.425024,2.770014
166786,4,-4.270871,4.018547
114581,4,-4.221989,4.053009
115657,1,8.450007,0.6993581
16423,1,8.521222,0.563084
1502,1,8.733576,1.1593666
99130,4,-4.48026,4.12118
18785,0,-3.4728866,-8.228223
175062,1,6.255026,-4.982446
72736,4,-4.2902117,3.919614
17114,0,-3.0592446,-8.187725
173283,4,-4.592367,4.2728815
166757,4,-4.4572897,4.0501146
10608,1,8.540797,1.0486578
51345,1,8.458925,1.1008666
156235,2,-4.0072684,2.088354
177935,3,-2.9845777,-2.0685947
165780,4,-4.507993,4.179183
20737,0,-3.6498384,-8.921774
182242,3,-2.9214034,-2.832731
8295,4,-4.407078,3.7602272
43137,4,-4.392528,3.6461928
107400,1,8.820945,0.67095244
29574,2,-4.2457986,2.1767755
36819,0,-3.7848227,-8.753826
34326,4,-4.6019964,4.201342
97416,1,8.516053,0.102766186
177550,2,-4.4395185,3.002782
101663,2,-4.647328,2.7660549
183549,0,-3.4985995,-7.0270524
181883,4,-4.4597826,4.168484
90807,4,-4.410379,4.042744
37018,0,-3.0564606,-7.954471
152231,1,8.492733,1.2381607
173987,3,-3.0945473,-2.5092776
155170,4,-4.4801183,3.918336
96333,4,-4.6109853,4.1495976
33983,1,8.949501,0.90474063
151684,1,8.729577,0.9395204
160418,1,8.942223,1.0363029
115311,3,-2.808736,-2.8833952
77269,4,-4.389565,4.0239105
83905,1,8.5831375,1.0829021
162707,3,-2.6618187,-1.4957287
77110,3,-2.78955,-1.4598262
78202,1,8.345007,1.3432701
108951,0,-3.1397405,-7.217148
45855,4,-4.4379296,3.9477623
17674,1,8.207517,0.1690124
165936,3,-2.9180098,-4.0402484
29650,4,-4.5978355,4.2260637
178256,2,-4.7045317,3.1314077
171787,4,-4.4212866,4.1694098
45938,4,-5.037902,3.588615
87995,2,-4.3622794,2.4634688
115362,2,-5.047906,2.4798713
34230,4,-4.5373945,4.2045283
35279,0,-3.6293843,-8.80795
46,4,-4.3176136,3.6743336
83168,2,-4.2608514,2.2638113
112850,2,-4.3422666,2.432293
155617,1,7.9182453,0.882476
44224,0,-2.9811354,-7.20774
163536,1,8.952806,1.1874491
144376,2,-4.4324384,2.902117
47858,4,-3.836978,3.509554
99516,0,-3.681447,-8.53187
24241,2,-4.5246277,2.4990504
95636,1,8.588793,1.1014249
141165,4,-4.454631,4.0361485
160871,2,-4.422277,2.6739924
58112,3,-2.6421003,-3.1925352
49286,2,-4.5238457,2.7385209
114636,4,-4.130551,3.6095166
101251,1,8.481839,0.59491944
18538,0,-3.164949,-7.9504595
72722,1,8.79937,1.245028
175362,4,-4.6889997,4.1097126
13379,1,8.633929,-0.24385053
164061,1,8.749213,1.1979977
10721,1,8.679758,-0.17952096
93629,1,8.514493,1.2059996
158569,3,-2.7006004,-2.9235804
86583,1,8.961052,0.6857091
7391,1,8.542616,0.9805787
7433,2,-4.150342,3.1452966
80003,4,-4.348315,3.99959
97197,0,-3.5430522,-9.026552
90982,1,6.0862765,-3.2200904
24921,1,8.351911,0.17402093
161508,1,8.967164,0.9835596
116123,4,-4.133532,3.818893
175293,1,8.828218,1.2508917
3985,1,8.594255,1.2467835
38505,4,-4.415955,3.8546422
17864,4,-4.3786163,4.0256658
29241,4,-4.499449,3.7741342
180425,0,-3.5005317,-8.948762
182960,0,-3.5945528,-8.79961
154723,4,-4.257021,4.0259247
91542,2,-4.451486,2.38929
148023,4,-4.3350105,3.9754262
22886,4,-4.5407615,4.2353783
80833,4,-4.362002,3.7806082
31546,4,-4.41531,3.864848
113392,0,-3.055,-8.239385
57801,3,-2.7779665,-3.617972
160522,1,8.835284,1.3514855
167715,4,-4.4788103,3.8830125
15863,1,5.67124,-4.79824
160795,1,8.769111,1.1665355
14326,2,-4.489249,2.4960444
88674,1,8.23589,-0.040616866
84684,4,-4.205445,3.6415231
180485,2,-4.510318,2.391689
83877,1,8.488941,0.003881982
8118,2,-4.339936,2.5455194
115596,0,-3.0135393,-7.32558
98600,0,-3.1007211,-7.0059977
165325,1,8.714857,0.89672434
174222,2,-4.234332,2.5620117
30302,1,8.498582,0.40882283
149710,4,-4.3009725,3.8707082
103065,1,8.416661,0.3101962
189774,1,9.025815,0.99222845
48459,4,-4.562746,4.097113
191061,1,8.650019,-0.19044645
181224,0,-3.4823864,-7.3113456
44828,0,-3.602461,-8.701032
20980,4,-4.484401,3.6739576
17672,1,8.280257,0.36640868
15552,1,8.841411,1.351196
18134,0,-3.0586274,-7.3412433
37608,1,8.593368,0.025966953
177321,4,-4.459758,3.8959293
179666,2,-4.2645793,2.685582
124125,4,-4.18138,3.554651
187347,4,-4.363537,4.1081433
91344,4,-4.4300747,4.0324135
93643,4,-4.424531,3.9114325
185073,1,8.555747,1.0890999
149745,3,-2.6485212,-3.2064195
167468,4,-4.1899233,3.6031644
114022,0,-3.2085345,-8.339706
163391,2,-4.3026333,3.0288808
98346,4,-4.5954266,4.2436314
166112,1,8.292981,0.572475
8702,4,-4.6112385,3.679
164160,1,8.883722,1.0324731
35620,4,-4.425491,4.1414685
99417,4,-4.2802763,3.8186207
44007,0,-2.9115877,-7.184012
165775,2,-4.0046797,2.4736788
74637,1,8.013085,-0.1129402
90770,4,-4.4005046,3.9671314
162737,1,8.836872,0.80631644
38035,4,-4.5749254,3.6879754
160637,4,-4.4610887,4.0172377
22804,0,-3.2773921,-7.587363
58096,3,-2.742788,-2.8474169
3424,3,-2.528616,-2.4121861
146725,1,8.603238,1.002956
81847,4,-4.468032,3.4911897
144207,2,-3.9766374,2.3306189
79533,1,8.943039,1.066318
28345,0,-2.9806662,-7.3742447
176968,2,-4.573347,2.4491985
42964,0,-3.287093,-7.636147
95415,1,8.009251,-0.13427661
46319,3,-2.9653888,-3.6128385
9506,4,-4.3699384,4.0756907
148117,2,-4.3434854,2.579059
98580,0,-3.8849921,-8.817615
98594,0,-3.6438065,-8.577386
83901,4,-3.9260852,3.8797207
113953,0,-3.4408789,-8.8241005
87266,0,-3.596313,-8.555339
188003,0,-3.4345918,-7.607315
52604,1,8.504127,1.3591658
8448,4,-4.4037256,3.6585007
73306,1,8.658828,0.874396
161750,4,-4.455065,3.5851326
88683,2,-4.691254,2.6537547
98604,0,-3.152584,-8.300719
175866,4,-4.5467815,3.976531
9141,1,8.781433,1.2743111
109257,1,8.090376,0.08182563
82977,4,-4.443541,4.030383
87198,1,8.920343,1.2529051
96601,3,-2.445667,-2.9933116
61168,4,-4.1763773,3.3197434
32307,0,-3.8082266,-9.010298
94376,4,-4.3600597,3.4775252
82050,3,-2.7360976,-1.7431117
27923,4,-4.3857117,3.654574
11848,1,8.67961,1.0592921
109333,2,-4.2135515,2.49765
113395,0,-3.4983659,-8.269792
29896,4,-4.304104,3.7993765
67596,0,-3.1254296,-6.852285
152054,4,-4.229181,4.0262637
37824,0,-3.3327055,-7.661617
30792,2,-4.537673,2.6398492
12054,1,8.603879,0.66515964
161620,1,8.559771,1.2657663
88313,1,6.466841,-3.1250026
37330,0,-3.1091292,-7.433242
88918,4,-4.350675,3.8377984
111643,4,-4.445367,3.9810112
156938,2,-5.2438493,2.8765543
177296,2,-4.744646,2.749866
180350,0,-3.5319238,-8.838895
151450,0,-3.0049226,-4.2375307
48434,4,-4.6314683,4.09528
50380,4,-4.444875,3.8145711
27036,0,-3.3255873,-7.6612005
86925,4,-4.569823,3.999631
156205,2,-4.432987,2.6089208
167839,1,6.1582274,-3.3559465
17584,0,-2.8676558,-7.3236437
3509,4,-4.286995,3.2831225
151188,3,-2.6139767,-1.6267061
16253,1,6.080277,-3.3836224
30623,1,6.0268283,-3.0000849
110114,0,-3.3876135,-7.4436345
18879,0,-3.51018,-8.777399
183085,1,8.326504,0.6186187
112111,1,8.660522,0.922325
156185,2,-4.291883,2.2780273
142929,2,-3.828894,2.5188334
153818,1,8.547238,1.2092222
74407,1,8.62949,0.9904592
78139,1,7.8413615,-0.024809951
97202,0,-3.5228295,-8.595666
29945,2,-4.5799685,3.3383853
107898,0,-2.9125695,-8.511331
112284,0,-3.601088,-8.753
109083,2,-4.305817,2.4602482
189775,4,-4.511332,4.0422955
18006,1,8.557108,1.3048955
28459,2,-4.6546626,3.1086571
165662,1,8.633849,0.11272586
118194,4,-4.205973,3.8061464
142777,4,-4.315082,3.7409432
153201,1,8.098641,-0.020857276
181981,4,-4.27792,3.5923254
135816,0,-3.6553245,-6.7403407
189711,3,-2.433632,-2.9876182
166004,1,8.693363,1.094174
13215,1,8.412456,0.089426145
26411,4,-4.3085337,3.8107955
41977,1,8.780783,1.136851
13166,4,-4.4469557,4.194698
129636,0,-3.8349926,-6.352311
85760,4,-4.480839,4.0095425
107081,1,8.459893,0.064861864
49456,1,5.7574296,-3.1447463
36445,0,-3.3504372,-7.7202053
36829,0,-3.107618,-8.15912
166772,4,-4.4356546,4.012723
176317,0,-3.2404203,-8.577242
120371,3,-2.544654,-3.2716959
89718,2,-4.467309,2.3641586
107326,2,-4.568755,3.197741
29797,4,-4.4956603,4.156092
171532,4,-4.4526005,3.9559376
109799,0,-3.4550612,-7.4223857
11135,3,-3.8346002,-2.8966932
161500,1,8.848128,0.39647788
105206,1,5.888423,-5.2431264
19216,4,-4.3324203,3.510188
51344,1,8.361724,1.5593262
51357,1,8.136437,1.3218148
14183,1,8.706082,0.57587856
34392,2,-4.29709,2.582404
13573,1,8.797148,1.2731746
190705,4,-4.633811,4.192688
8267,4,-4.4656725,3.7550762
45862,4,-4.59073,4.0159564
154840,2,-4.165839,2.316887
12400,4,-4.7743826,4.224225
157851,1,8.730512,0.65562034
177091,2,-4.4063272,2.3823807
50756,1,6.1461544,-5.052219
99924,3,-2.8688831,-1.9853593
179422,2,-4.4962015,2.687284
10363,1,8.460353,0.084341265
41490,1,8.000409,0.212329
108867,0,-3.575952,-7.038749
32096,1,8.65901,1.239414
23048,2,-4.7712836,3.1573448
166530,2,-4.516864,2.9308982
83813,1,8.474401,-0.07370263
3847,3,-2.576189,-1.6884255
85948,4,-4.584784,3.813584
181010,0,-3.314289,-7.305635
135867,0,-3.7122846,-6.6204123
59623,0,-3.3620918,-7.359662
38287,0,-3.4747622,-8.853043
5381,1,8.612594,0.6643195
20313,1,8.1330185,0.3046879
169084,2,-4.217619,2.568779
106910,1,6.0517473,-4.2983193
42404,4,-4.573526,4.0377636
174405,3,-2.84765,-2.356995
163194,1,8.993186,1.0014112
122712,4,-4.2818174,4.0759897
162149,1,8.548118,1.115164
49495,4,-4.4406877,4.1133103
187737,0,-3.0301542,-8.292842
28625,3,-2.5273087,-2.7462277
188567,3,-2.6768978,-2.6717863
96839,4,-4.4426484,3.8633456
49536,2,-4.474013,3.228562
89142,3,-3.0384576,-4.2556205
175628,3,-2.7183685,-3.1947453
149251,1,8.589588,1.1542813
95080,4,-4.4476,3.8109035
165466,4,-4.2559524,3.8077667
10750,4,-4.1272707,3.9695227
181501,0,-2.9905446,-7.3031273
13325,1,8.6818285,1.0189111
84231,2,-4.5485835,3.1596897
114827,4,-4.511373,4.0252204
145087,4,-4.452569,3.811208
20492,2,-4.628403,3.2420876
117102,1,6.1197553,-4.2704973
14695,4,-4.388901,3.6685069
121593,2,-4.352208,2.3485816
174326,4,-4.598928,3.7941055
189175,1,6.0952125,-4.808856
32339,2,-4.4301977,2.5095663
146476,2,-4.3231707,2.783107
98128,1,8.432631,0.9819815
157323,1,8.471181,0.12186092
10921,1,6.1351423,-4.3881297
180170,2,-4.2546473,2.4703217
153632,4,-4.1634164,3.7201073
91143,2,-3.47539,2.3007555
180530,2,-4.4619737,2.5093808
49224,2,-4.516302,2.795675
111422,3,-2.7344913,-1.8081468
11902,1,8.877686,0.53697157
89178,3,-2.731351,-2.862996
105643,1,8.397003,1.2754471
46252,0,-3.1212692,-7.6789947
9339,3,-2.6565025,-3.925731
46010,2,-4.447377,2.561704
107800,1,8.138418,0.26476154
31608,1,8.749961,1.1463667
177011,4,-4.5920477,3.8317263
86663,4,-4.373581,3.9046445
87944,1,8.767639,0.8603935
114861,1,8.133428,-0.08988249
37208,1,8.786005,1.0205597
79991,3,-2.765234,-2.446464
34375,4,-4.4650016,3.8324418
114252,0,-3.2802386,-8.500214
9777,4,-4.3805065,3.7952626
47812,2,-4.1069,3.2536979
61205,3,-2.9736512,-3.2307792
18353,1,8.610537,1.1131133
15771,0,-3.3241544,-7.575565
86579,4,-4.528583,3.7778516
186645,0,-3.8145354,-8.329473
189653,1,8.176464,-0.050925698
8210,2,-4.3781195,2.5362809
161183,2,-4.339439,3.2078755
154796,4,-4.4860477,4.2187715
73034,3,-2.77744,-2.2468767
42290,4,-4.4512186,4.060619
37654,1,6.1337166,-5.199492
114681,0,-3.3096108,-7.962676
165986,2,-4.3444753,2.6567996
144925,2,-4.207429,2.422102
42309,1,8.692371,1.0897518
176245,2,-4.5921497,2.554798
30509,1,8.811922,1.1366591
147621,1,8.571096,0.9749011
10094,1,8.503976,0.9777605
155396,4,-5.1551194,3.7797506
50914,1,5.83925,-4.2623262
96563,1,8.544917,0.986975
86105,1,8.221227,-0.129713
87547,1,8.404205,0.01330622
92251,4,-4.5222044,4.122006
38229,0,-3.6961877,-8.684221
101974,1,8.540008,1.0442882
5714,1,8.779392,0.71506417
86109,2,-4.602983,2.6252143
189628,1,6.116698,-2.7922983
161362,4,-4.3365617,3.8065646
166313,1,8.4134865,0.8980361
84928,3,-2.7947512,-2.0157568
8105,1,8.560252,1.0307673
150901,2,-4.2726827,2.9495454
61203,2,-3.790954,2.0244205
100517,0,-3.6407862,-7.4649096
79554,1,8.64595,0.9485682
81831,1,8.614179,0.4184173
19373,2,-4.32505,2.6027517
10410,3,-2.4268508,-2.9902668
50091,1,8.2796,0.56542295
110094,0,-3.5931475,-7.2243032
86172,3,-3.1846128,-4.6461673
42764,2,-4.193981,2.1914775
24422,4,-4.459698,3.5143435
15111,4,-4.421067,4.171459
147999,1,8.2946615,-0.1949529
85985,3,-2.7966483,-1.303754
24468,4,-4.4435687,3.8125718
37149,2,-4.041903,2.999606
161220,2,-4.3522453,2.6151483
146563,4,-4.3197575,3.9107957
149260,1,8.653386,1.2594677
83709,1,8.900715,1.0491124
156211,4,-4.5421557,4.110754
70356,4,-4.3574567,4.085285
137750,4,-4.492414,3.9138744
21504,4,-4.271111,4.2042513
183067,3,-2.7833755,-1.180219
80461,1,8.705966,1.2031976
112913,4,-4.62463,3.7887404
191532,1,8.63804,0.9758001
180064,0,-3.5160866,-8.839601
44693,3,-2.3519788,-3.21017
79998,3,-2.736927,-1.4477051
38198,0,-3.53859,-8.911283
102665,4,-4.436189,4.3462586
17031,0,-3.1919525,-7.144179
45935,2,-5.246456,2.6064956
46635,1,5.2888055,-5.1753697
24804,4,-4.257759,3.7121534
172888,4,-4.1930804,3.6524732
163179,1,8.720369,1.0405588
185020,1,8.311252,0.23750219
5553,1,6.282171,-3.2774413
86880,1,8.686902,1.0629896
29743,4,-4.533551,3.9077566
104599,2,-4.448565,3.1633766
121599,1,8.552406,0.9150738
171208,4,-4.390414,4.068124
93678,1,8.34101,0.4273654
181007,0,-3.4405982,-8.608519
158412,1,8.655627,1.0385568
129321,0,-2.6221938,-5.966926
113249,4,-3.671451,3.1717844
78224,1,8.352822,1.046721
81004,1,8.097739,-0.026598683
176114,0,-3.3436387,-8.449619
13896,2,-4.3876295,3.476999
1794,4,-4.4605107,3.8969562
183770,1,5.473301,-4.5705123
26842,0,-2.9581318,-7.332699
92230,4,-4.5052123,3.710027
82225,1,8.675782,0.88036066
154668,4,-4.535992,4.1567874
142681,4,-4.3431144,4.0806456
79335,1,8.385164,1.1646919
134548,3,-2.384777,-2.8793356
164534,4,-4.1700854,3.6863437
113617,0,-3.5909276,-8.556252
137437,3,-2.5920608,-3.3958225
28265,4,-4.344959,4.016664
164507,3,-2.5153127,-1.4370313
29531,0,-3.4352999,-7.6266527
180648,2,-4.5482497,2.2720034
123838,3,-3.169796,-2.8793654
21792,0,-3.6076236,-8.475429
26103,4,-4.5523376,3.5981886
31011,4,-4.4633646,4.070341
16062,4,-4.5286283,4.0783625
20734,0,-3.8700902,-8.419666
157109,1,7.985211,0.19714688
108308,0,-3.333278,-7.5685806
178653,3,-2.7333715,-2.8741815
75108,1,8.777861,1.1052836
8551,4,-4.43569,4.0704527
109359,4,-4.1598415,3.5457485
15158,3,-2.7359085,-1.4219784
154711,4,-4.2697845,4.1400747
26233,4,-4.3415337,3.558376
163559,2,-4.4145794,3.1504734
7607,1,8.610863,1.0964782
79456,3,-2.7740295,-2.042496
166552,2,-4.2719626,3.4164662
28020,2,-4.6383257,2.4639869
46359,3,-2.9748945,-3.5224702
117977,3,-2.8219357,-4.0319977
24396,1,8.447464,0.46777797
151038,4,-4.2326026,3.7731042
2460,4,-4.375797,3.9286635
122397,4,-4.3175125,3.5287092
85744,1,8.568501,1.1846219
60736,4,-3.9930015,3.8222482
28347,0,-3.1223717,-7.5083003
38264,0,-3.624581,-8.420035
184228,2,-4.5390477,2.461832
119750,1,8.766408,1.2832878
45658,1,8.3280115,0.24194139
120647,3,-2.6617062,-3.1714814
79629,3,-2.9307132,-2.1282704
109092,2,-4.307917,2.592441
137762,3,-2.6809907,-2.8869474
178362,1,8.476355,0.6824885
85044,2,-4.6073313,2.9763007
33106,0,-3.3384445,-7.4234686
29433,0,-3.415112,-7.5326133
135781,0,-3.3876157,-7.088469
100111,0,-3.8176434,-8.231087
13686,0,-3.4236052,-8.656182
167384,1,8.908538,0.689186
110716,4,-4.4553847,3.7142763
35803,0,-3.2161756,-8.088151
103924,4,-4.434902,4.170608
24940,4,-4.3394,3.739256
92288,2,-4.455374,2.440103
41874,0,-3.4719505,-7.465111
82752,1,8.299341,-0.05796637
32227,1,8.409306,0.09825559
33378,4,-5.1130447,3.2866328
149407,1,8.777295,1.1072022
9490,0,-3.615207,-8.296787
30485,1,8.821053,1.141433
81512,2,-4.363043,2.5170739
7936,1,8.7322235,0.90463006
97991,0,-3.3812664,-7.8892007
154327,3,-2.882477,-1.0215771
8589,1,8.670269,1.2367517
92188,1,8.783145,1.2197623
50940,1,8.508596,1.4160266
25148,2,-4.3918414,2.6997502
158909,4,-4.3565536,3.5060227
109816,0,-3.6150622,-7.1038446
75565,4,-5.1680446,3.7513857
23736,2,-4.5873933,3.3024921
29104,4,-4.487408,4.1741357
53765,3,-3.5237966,-4.381468
47166,4,-4.359867,3.675956
40647,0,-3.1918073,-8.087864
79449,3,-2.6825612,-1.4452555
80971,3,-2.5781605,-1.3831254
90709,1,9.009034,0.86599964
161914,1,8.985701,1.1210502
49644,4,-4.2290792,4.075811
86917,4,-4.7188673,2.9769187
183559,0,-3.3300824,-7.184358
71312,3,-2.5132558,-3.854953
119975,1,5.7960167,-5.8190813
114085,4,-4.651921,3.7731864
38343,0,-3.5674272,-8.802017
6214,4,-4.2447453,3.7826295
162843,3,-2.5642223,-2.6790621
172020,4,-4.5146995,4.376919
17543,1,6.1228867,-4.224663
49575,4,-4.4151144,3.7824392
81699,3,-2.9013927,-1.0837238
101220,0,-3.6226573,-7.7789993
178760,4,-4.3847237,3.724991
30497,1,8.80696,1.0929486
93113,3,-2.6905823,-2.6855257
114834,1,8.800126,1.139091
1675,4,-4.388388,3.8862746
20948,1,8.576798,1.4484404
180611,1,8.482565,1.3171774
36894,4,-3.4608414,3.139535
102211,4,-4.483779,3.9468367
11385,4,-4.1828837,4.0109506
121619,4,-4.36845,3.732059
90267,4,-4.367675,3.9367523
191697,3,-2.2243242,-1.9042639
141086,4,-4.4765105,4.064639
94567,1,8.493228,1.5371314
102003,2,-4.3260784,2.5452268
84697,4,-4.3268847,3.7429779
15281,3,-2.6901834,-1.8423177
88568,4,-4.5767407,4.105713
41838,0,-3.753556,-8.544205
51856,1,8.501414,1.6555792
10722,3,-2.5066864,-1.3406104
14189,1,8.648216,1.2871679
180802,0,-3.2404282,-7.1193547
100175,0,-3.806756,-8.562379
31338,1,8.557499,0.08543075
110103,0,-3.5428255,-7.1754284
44920,1,8.764619,-0.084896885
14815,1,8.7588215,0.23131153
99842,0,-3.6124215,-7.8115788
48798,0,-3.1188467,-8.486399
32463,2,-3.7057035,2.6947649
80130,2,-4.357553,2.6376646
159277,1,8.743738,1.1249225
33631,1,8.526418,1.3215775
178267,1,8.436108,0.6128947
98379,1,8.9514065,1.2646303
86893,1,8.263385,0.08457636
149293,1,8.277236,-0.2082665
119104,2,-4.1696906,2.3904908
24109,4,-5.0855865,3.3204331
28892,2,-4.2923584,2.4177685
3,4,-4.279805,3.439255
179557,0,-3.4282856,-7.180033
174105,4,-4.5169373,4.0042906
9632,2,-4.4675465,2.4604483
174744,4,-4.7384934,3.86146
157190,1,8.524027,0.5815257
163376,2,-4.422072,3.0244823
93619,4,-4.288777,3.9772637
115369,2,-4.362908,2.9348195
154835,2,-4.3216505,2.5862117
92002,3,-3.1751745,-4.508455
38037,4,-4.6699123,4.040832
15419,4,-4.375643,4.155645
164040,1,8.460973,1.0921103
4023,1,8.78107,1.209631
189718,4,-4.1533628,3.6873581
109581,0,-3.67089,-8.493456
79654,1,6.491763,-1.610321
182210,2,-4.0918484,2.5157373
87677,0,-3.5345457,-8.50242
75263,1,8.675886,0.5342806
21301,0,-3.4403672,-7.554915
3902,1,8.362836,0.7701976
18525,0,-3.2947571,-7.956761
161663,1,8.684951,1.2198011
18697,1,8.5427265,0.73196214
48946,1,8.439341,-0.058348343
100362,4,-4.626473,4.0492816
169820,4,-4.291245,4.0119433
27788,0,-3.7156057,-8.529307
49593,4,-4.4518933,4.263919
7266,4,-4.3341217,3.6784835
32333,0,-3.7765791,-8.662848
53960,3,-3.1055217,-2.759188
96829,4,-4.5105147,4.217841
75695,1,8.447058,0.5947001
40646,0,-3.7327213,-8.338791
109911,0,-2.7989647,-7.311303
113227,4,-4.2929225,4.184939
113813,1,8.748998,1.0117326
161270,2,-4.3970966,2.6151
107927,0,-3.3801603,-8.553832
90589,1,9.068641,0.914543
82026,4,-4.456244,4.058373
160526,1,8.82785,1.3580337
29748,4,-4.52718,3.8653972
166635,2,-4.388984,2.9922318
176879,4,-4.6677012,4.0388045
155950,1,8.733363,1.3809469
15806,4,-4.571903,4.0706058
48435,4,-4.5263243,3.8649974
35514,1,8.501697,1.1345218
79033,2,-4.1910677,2.1500778
176370,1,8.419837,-0.39975753
90955,2,-3.7927363,2.3566127
122760,3,-3.125057,-4.0773816
111886,4,-4.351036,3.7085428
45569,0,-3.26697,-7.562337
62415,0,-2.910894,-6.984887
52877,2,-4.2250266,2.1935446
79817,4,-4.310386,3.5663524
48293,0,-3.6116495,-8.74444
184680,2,-4.5516233,2.4322388
37417,0,-3.566567,-7.326513
85746,1,8.445705,-0.05607643
110874,4,-4.585638,4.2323823
176308,2,-4.5003424,2.3908558
101574,0,-3.2621353,-7.2927217
103091,1,8.761115,1.310238
86658,4,-4.4559474,4.070428
101459,0,-3.2900236,-7.210266
105009,4,-4.391829,4.1284485
91933,1,8.626792,1.380599
117992,0,-3.3200953,-7.6083574
173065,4,-4.5817866,3.9559796
98177,4,-4.272062,4.0172577
35354,1,8.470373,0.17906553
85451,2,-4.4957466,2.3044167
169212,1,6.024598,-2.553246
19294,1,8.677323,0.9660856
97771,2,-4.3649487,2.6825886
181628,4,-4.563319,3.5982628
112225,2,-4.3285904,2.5587704
189885,2,-4.2962346,2.385168
180698,0,-3.5980368,-8.495392
11123,1,5.4666433,-4.7664456
101682,2,-4.477474,3.2283552
190702,4,-4.55213,3.954439
177721,4,-4.512307,4.141808
11366,4,-4.346549,4.104736
124904,4,-4.492056,3.734136
26168,1,8.714016,1.0946726
136427,0,-3.4938335,-7.2156973
90546,1,9.062293,0.9166147
93979,4,-4.4611993,3.8171024
88791,1,8.738172,1.3178349
111544,4,-4.409002,3.4826837
173915,2,-4.493854,2.3678646
13179,1,8.867039,1.340563
94541,4,-4.3452935,3.9407349
164629,0,-3.1936214,-7.829176
144395,2,-4.2125382,2.3729186
55113,0,-2.586218,-5.78252
109828,0,-3.3460608,-7.4639344
67635,3,-2.1631212,-3.2538228
27833,1,8.319288,0.02921591
136966,3,-2.519679,-3.6539128
151153,4,-4.5104213,3.959864
16264,1,8.778867,1.1760571
88661,4,-4.568495,3.7529504
81105,1,8.374612,0.9738505
75030,1,8.443283,-0.0052889492
41379,0,-3.379492,-7.6815257
27805,0,-3.2444334,-8.372428
101291,4,-4.4163623,3.8290155
28147,2,-5.016675,2.339634
12396,2,-4.7055693,2.6903913
27045,0,-3.4727993,-8.518692
165608,4,-4.430099,4.267636
36435,0,-3.3000772,-7.6343246
99542,0,-3.2899632,-7.8744035
159390,4,-4.309538,4.1649346
30010,0,-3.6122518,-8.676868
19070,1,8.749964,1.0161419
62617,0,-3.8316853,-6.563523
151035,4,-4.3082724,3.6417625
190314,3,-2.6604643,-3.6294992
162323,4,-4.523521,4.24089
47882,3,-2.3639705,-3.2278595
79731,1,8.639818,1.4383842
143613,1,8.12315,-0.008599176
88749,1,8.787472,1.1449779
94517,2,-4.2962737,2.556919
183052,3,-2.7886407,-3.0437598
52629,1,8.196192,-0.0109763
161623,3,-2.5718675,-1.9880352
182540,0,-3.64661,-8.583027
79457,1,8.075779,-0.0051072976
189876,4,-4.3858504,3.990003
123843,3,-3.1921482,-2.9909964
193176,4,-4.3476515,4.0249667
60535,4,-3.818023,2.7981353
117975,3,-2.9678664,-5.1932826
163639,1,8.374239,0.0016608499
16845,0,-3.3907535,-7.443008
80127,1,8.445354,0.79228824
154884,2,-4.1755958,2.3762631
26742,0,-3.6357665,-8.995396
177508,4,-4.309381,3.713319
13740,1,8.594188,0.5459788
112892,1,8.756186,1.3731284
66324,3,-2.57514,-3.988827
67622,3,-2.2572112,-3.2229607
100394,2,-4.0920634,2.819062
35014,2,-4.3238964,2.768356
181247,0,-3.4410226,-8.490866
161578,1,8.284942,-0.025331182
72725,2,-4.136971,2.499809
14188,4,-4.545372,3.9767547
182978,0,-3.6996775,-8.671807
32957,4,-4.4569497,3.825843
28628,4,-4.4136024,3.9333634
147857,4,-4.2815447,3.7155318
48432,2,-4.435032,2.6880984
162063,4,-4.287341,3.5681057
64261,0,-3.2079432,-6.5581694
161154,1,7.774894,-0.21097927
86809,2,-5.2673945,3.0325696
180074,0,-3.3437505,-8.462435
37423,0,-3.384332,-7.5925417
161181,1,8.316443,-0.015075425
92411,1,8.238245,0.32803962
47906,3,-2.3934305,-3.3302171
154823,4,-4.4415717,4.045962
92099,1,8.32701,0.39301315
156801,4,-4.4747047,3.9263976
25943,0,-3.5792155,-8.506703
160462,1,8.676739,0.44554332
184033,4,-4.4141183,3.9525685
97164,0,-3.5077095,-8.698977
87317,1,8.944718,1.0044428
33818,1,8.508851,1.1975735
8464,1,8.370637,1.3720001
15319,1,8.802014,1.05234
141103,2,-4.293035,2.6267943
154351,4,-4.093833,3.7147837
146684,4,-4.3568172,3.886249
100130,0,-3.5488017,-8.402258
158111,2,-4.359354,2.6814678
161654,3,-2.9949892,-1.698101
33568,1,5.503329,-4.242265
168389,4,-4.5355725,3.9377563
83505,4,-4.0151834,3.8262558
171668,2,-4.1343513,2.6210084
90625,4,-4.388107,4.0607433
14868,0,-3.6753082,-8.768812
153074,3,-2.6547673,-2.3535712
112009,0,-3.6296942,-8.960713
184841,1,8.137089,0.049219
174396,3,-2.798855,-1.1387826
162696,4,-4.40642,3.993335
100659,0,-3.6341166,-8.7629175
95690,2,-4.5681853,2.6508276
68074,3,-2.461814,-2.588061
154873,4,-4.304438,4.0331016
21831,3,-2.5064192,-2.1248028
26536,3,-3.1014404,-4.664419
81855,4,-4.482091,3.7981389
113380,0,-3.81093,-8.391005
10734,1,8.630281,1.2225964
13235,1,8.743161,1.2150819
117194,2,-4.5828996,3.035175
12191,1,8.810664,0.37124357
159829,1,8.744815,1.034825
80841,2,-4.2858067,2.323686
38402,2,-4.469365,2.8509383
147924,1,8.435137,0.8439848
18952,1,8.663813,-0.27866426
90942,1,8.473618,0.52150327
173812,2,-4.6729965,3.2349021
98560,0,-3.6333513,-7.2987804
74603,1,8.336015,1.269028
11892,4,-4.3674984,3.7364194
99277,1,8.377924,0.50281864
38923,1,8.725618,1.1541812
167704,2,-4.275917,2.3742888
32209,2,-4.368376,2.8051145
135950,0,-2.721549,-6.576952
151031,4,-4.13706,3.884915
80738,4,-4.0774937,3.5617595
169238,1,8.866591,1.2450536
86009,1,8.636532,0.8566045
141114,4,-4.396271,4.141268
160934,4,-4.4028244,3.9661922
182078,0,-3.1111593,-7.2810254
187480,1,5.7215753,-3.8052118
15851,4,-4.5632486,3.840368
20767,0,-3.409413,-7.544951
11917,1,8.787433,1.3473008
97859,0,-3.7170196,-8.664216
100983,2,-4.4232564,2.5383537
183526,0,-3.6979885,-6.949442
96298,3,-2.852141,-1.1414578
86397,2,-4.359533,2.6891446
97839,0,-3.646355,-8.736846
150727,1,8.730141,1.3367817
154849,4,-4.6107864,4.0903563
88433,1,8.439297,-0.008406385
151631,1,8.71895,0.8540279
104775,4,-4.472934,4.2538605
3059,1,8.283146,0.7989104
182959,0,-3.4765265,-7.3413615
114694,0,-3.4167562,-7.3092256
99372,3,-2.6103587,-2.4333587
147610,1,8.90262,0.82046795
90828,4,-4.0687866,3.9456427
165308,1,8.785458,1.1753863
156736,1,8.2131815,0.0016489384
98888,2,-4.1683297,3.064576
38334,0,-3.249512,-8.110828
190131,1,8.045902,-0.07824127
147691,4,-4.294752,3.5583105
18578,0,-3.1591492,-7.2038207
78164,1,8.508651,1.2205474
180985,0,-3.6354442,-8.419327
75517,3,-2.8932984,-2.8217793
79676,3,-2.8865814,-2.4672477
146827,1,8.238847,-0.29546377
33126,0,-3.4649565,-7.86698
180131,1,8.850525,1.2738866
145101,4,-4.435978,3.7474706
51513,1,8.6351595,1.1692638
150988,4,-4.352948,3.8537889
167363,1,8.287487,-0.24337131
18782,0,-3.5257347,-8.945913
105266,1,8.587459,0.2928916
137652,4,-4.354084,3.8671918
81144,4,-3.8116055,3.5104501
39001,4,-4.4044356,3.8115182
186376,3,-2.9672647,-3.5323076
129282,0,-3.1930656,-6.720624
163330,3,-2.2172847,-1.6441661
102989,4,-4.412437,3.612529
77531,3,-2.4803028,-2.6649249
72024,2,-4.1864967,2.5586605
3619,4,-4.39225,3.58023
168889,2,-4.3671937,1.978378
42452,2,-4.4020696,3.1544774
50337,4,-4.1698303,4.033365
177957,4,-4.5147715,3.8593142
111409,4,-4.0322204,3.7564642
101668,4,-4.458237,4.05054
86955,1,8.479006,0.08886822
151547,4,-4.5372615,4.036659
49400,2,-4.3039203,2.561787
112157,3,-2.859448,-2.751824
81917,4,-4.3489223,3.8566613
161344,4,-4.251695,4.272297
11367,4,-4.316711,4.0873194
49098,4,-4.2779546,4.0374746
123752,3,-2.8790698,-1.1125281
24013,1,8.775683,1.3226777
94442,2,-5.12003,2.3122363
23988,1,8.592566,-0.08811789
86362,1,9.085735,0.9377137
176433,1,8.80769,1.1059074
81657,3,-2.2300997,-1.9606485
103229,2,-4.6715837,2.666934
72703,4,-4.2534623,4.009095
15816,4,-4.231598,3.4690313
17032,0,-3.2102485,-7.5800138
143033,0,-2.548421,-4.7173862
81001,1,8.52019,1.5168717
190811,2,-4.424944,3.0450094
75807,3,-2.8475935,-1.5185839
43123,1,4.89432,-4.9979258
89638,1,8.372663,-0.035572797
16056,3,-2.818127,-3.9581494
1449,2,-4.3216424,2.71065
166072,3,-2.6100688,-1.1691712
84706,1,8.134584,-0.2283341
110590,2,-4.6134872,3.2285972
164417,4,-4.3824644,3.6744962
167268,1,8.75444,1.0834851
48262,0,-3.5188541,-8.801039
170511,2,-4.3283815,2.2951868
165372,2,-4.1953955,2.4451787
36604,0,-3.323552,-7.5680337
17637,3,-2.7941813,-1.0522822
94369,1,8.870849,1.0535392
153,4,-4.3582215,4.0500627
70530,2,-4.158656,2.3147964
142309,1,5.786845,-3.5242498
32569,4,-4.3263326,4.0314927
191091,1,8.930933,0.9154326
154899,4,-4.399365,3.8834383
9299,1,8.651245,1.4625353
92299,1,8.397581,-0.098403685
93703,2,-4.60088,2.882357
174739,1,8.550904,1.2555984
185702,2,-4.3302517,2.4762752
169792,2,-4.4313617,2.784494
39788,1,8.66678,1.2503214
114291,4,-4.4706364,3.5715942
154853,4,-4.3184576,3.8439872
901,2,-3.9791555,2.6002538
76943,1,9.105582,1.013465
144258,1,8.235785,-0.0482072
99843,0,-3.6391363,-7.541411
34544,2,-4.5138865,2.6042361
156401,1,8.755204,1.1837661
49559,2,-4.525151,2.4857972
14530,1,8.568864,0.41971087
173865,2,-4.6760087,3.1995342
144440,2,-4.0645995,2.1673098
7716,2,-3.6116872,2.1349437
104748,4,-4.618025,4.0123944
117308,2,-4.649153,2.7586718
36206,1,5.9061847,-5.3546963
161532,4,-4.427211,3.573338
79209,2,-4.4058385,2.5108879
163230,4,-4.264279,3.6656053
35017,2,-4.3509326,2.7338488
13621,1,8.77159,1.4307783
112957,0,-3.4820173,-7.464423
83310,4,-4.2888646,3.905024
14151,1,8.468628,0.44478193
27677,2,-4.5278144,2.893399
193167,4,-4.574721,4.034653
158788,4,-4.455158,3.9714448
169312,4,-4.5352726,4.0479174
34558,4,-4.381688,3.9184823
44491,0,-3.6076224,-8.622214
49694,1,8.615291,1.0347333
97502,0,-3.15706,-8.304668
162970,4,-4.286444,3.744625
18640,1,8.875666,1.1429347
77806,3,-3.5925317,-2.8601863
34217,4,-4.2154617,3.9332752
137311,3,-2.6962733,-3.5632663
11857,1,8.654217,1.1566942
178593,2,-4.4776406,2.8151376
20512,1,8.487464,0.3993313
45623,0,-3.6647756,-8.654854
110112,0,-3.4210637,-7.368402
163675,1,8.707682,1.1081606
40788,0,-3.4455895,-8.520535
80090,1,8.290812,-0.01601381
14332,2,-4.741554,3.0247376
107353,1,8.591434,-0.22519301
33917,1,8.864702,1.2275593
45861,4,-4.499332,4.0192513
77699,2,-5.063531,2.1054265
27643,4,-4.4594007,3.7061632
98170,1,8.493187,1.4135487
167225,4,-4.6233344,4.237678
7372,4,-4.11812,3.6498194
108342,0,-3.4405572,-7.730319
35303,0,-3.2416885,-8.103628
79874,1,8.471152,0.9171441
178038,4,-4.618671,3.929631
174476,1,8.55782,1.2504026
83169,2,-4.50426,3.0103467
49002,4,-4.2913585,3.3895874
191706,4,-4.16293,3.5888376
190865,4,-4.397575,4.162817
15291,2,-4.450862,3.2773767
177882,4,-4.541314,4.035457
38453,4,-4.4588647,3.998383
179560,0,-3.1386304,-6.9630003
9307,3,-2.708194,-1.9173884
123731,3,-2.666355,-2.2689347
79397,4,-4.292039,4.1426406
77520,4,-4.372211,4.0683355
36438,0,-3.3916047,-7.4166207
178503,3,-2.7674112,-2.5321233
48267,0,-3.5587204,-8.64006
13569,1,8.811884,1.4138423
116782,1,8.807473,1.1841486
79355,3,-2.6063302,-1.3645686
156474,4,-4.087485,3.9425287
75469,3,-2.8917332,-1.2527778
75541,4,-5.213782,3.9361484
17660,3,-2.6754355,-1.0793701
21284,0,-3.453323,-7.455988
94519,4,-4.5129247,4.143023
181526,0,-3.4379344,-7.345273
159076,1,8.624632,1.1281576
43555,1,5.5320945,-4.621584
115360,2,-4.5163507,1.8804542
103906,4,-4.459649,4.0281916
99548,0,-3.3467271,-7.6529393
168563,2,-4.680378,3.116161
143892,4,-4.1606154,4.061466
82220,1,8.854807,1.0837188
137271,0,-3.2660294,-6.5217996
87777,3,-2.8210974,-1.7966111
183626,4,-4.335933,3.867844
111712,1,5.3301697,-3.648563
173125,4,-5.3597956,3.7475827
27532,4,-4.5602593,3.9644117
143760,4,-4.385603,3.9732666
45881,4,-4.3708186,3.8081677
91876,1,8.766831,1.1261593
115763,4,-4.347387,3.7851598
9094,3,-2.765442,-2.1760378
86177,2,-4.0179234,2.354058
156759,4,-4.409099,4.2146883
75189,1,8.686633,1.2217934
83954,3,-2.719453,-2.6537523
83428,2,-4.424762,3.2203662
44762,0,-3.7660737,-8.264259
118143,3,-2.8988004,-2.8213725
180808,0,-3.5928893,-7.599618
44060,3,-2.464583,-3.2680638
26590,0,-3.1994717,-7.802324
27413,0,-3.5537746,-8.588597
44005,0,-2.9673223,-7.2235
87911,4,-4.538131,3.995984
9093,3,-2.6541631,-2.212979
15135,1,8.687769,1.0644766
117007,4,-4.1988716,3.964392
160514,2,-4.200629,2.29089
13562,1,8.385126,0.18263838
60698,4,-4.2432446,3.8441057
156332,4,-4.425874,3.8990428
173836,4,-4.558308,3.9073172
15156,1,5.084057,-4.5322514
101880,1,6.154359,-2.6319544
37479,1,8.659398,1.0509055
174801,2,-4.2889185,2.6559758
129390,0,-3.2025113,-6.3071413
144660,3,-2.6567523,-1.4182565
29351,1,8.444616,1.2304065
79769,3,-2.578251,-1.0771399
189031,1,8.2951145,0.05392129
167945,2,-4.6225243,2.9452941
98669,4,-4.4870615,3.7128007
33975,1,8.864756,0.8710862
27797,0,-3.562218,-8.3580675
27897,4,-4.651954,3.73343
72693,2,-4.159184,2.5612457
36840,0,-3.3996925,-8.193375
103543,0,-3.4973626,-8.5916815
62558,0,-3.0697753,-6.5037913
21276,0,-3.5089896,-7.5489817
193171,4,-4.503391,4.037117
187582,0,-3.6745083,-8.612212
117005,4,-4.3096666,4.086902
62343,0,-2.7049015,-6.495835
110634,2,-4.4659753,2.3326178
69854,1,8.610576,1.0668638
18205,4,-4.3945775,3.832667
113397,0,-3.2427692,-7.187137
106322,2,-4.820423,3.309883
172422,0,-3.3773499,-8.462646
142684,1,8.739796,1.0918667
157810,1,8.026758,0.104753666
104554,4,-4.4976487,4.095062
149438,4,-4.3295865,4.059076
185624,3,-2.8361416,-3.7493854
115305,1,5.6269794,-4.764105
166476,2,-4.5968018,2.4920824
91249,1,5.9991016,-4.1647005
33084,0,-3.0968904,-8.213062
9905,1,8.831757,0.5576243
8483,4,-4.3823442,3.3421693
156312,4,-4.509167,4.084458
135779,0,-3.3182545,-6.9562225
181850,2,-4.459278,2.4809813
106574,4,-4.6037526,4.1751127
5570,4,-4.4611745,4.0282974
23016,4,-4.5301538,3.4623914
33996,1,8.417429,0.16746335
10826,1,8.637647,1.2641248
15800,4,-4.5581264,4.0110216
96176,3,-3.0328984,-3.3586664
151167,1,8.390112,-0.4754959
75719,1,8.815746,1.1595813
173391,2,-5.1964173,2.2539792
80171,4,-3.9928968,3.3720698
149671,2,-4.1017075,2.2500575
100353,2,-4.667459,2.320821
88492,1,8.721004,-0.20534748
149331,1,8.480754,1.1982384
124187,3,-2.8146894,-3.286938
177030,4,-4.478931,3.5427132
44225,0,-3.124175,-7.9665003
41881,1,6.2758784,-2.855982
11143,3,-3.5721412,-2.9937398
151864,1,8.72787,0.5467036
9227,2,-4.3203564,2.345387
185037,4,-4.5166063,4.142443
191247,2,-4.9828615,2.3289998
161249,1,8.873294,1.0016497
39797,2,-4.647837,2.7412012
144096,4,-4.233778,3.8364565
178060,1,8.521325,1.298418
153410,2,-4.2157474,2.5428157
12931,2,-4.381149,2.6211762
33285,2,-4.649118,3.1501656
33193,0,-3.759981,-8.601681
32180,1,8.782464,1.2819321
165388,1,8.782493,1.2806281
34594,0,-3.6188412,-8.523597
161055,2,-4.4708157,2.5084758
26072,1,8.339274,-0.046211153
134566,0,-3.0762815,-6.445347
1421,1,8.598866,1.2995467
87290,1,8.647467,0.98841804
179635,4,-4.496728,3.6867273
43140,2,-4.0623875,2.8078578
151281,4,-4.1844172,4.069721
112094,4,-4.4641767,4.096589
162524,2,-4.5005174,2.9947948
111294,4,-4.363698,4.012374
16341,1,8.491128,0.09390683
176823,2,-4.9953113,2.3220692
93992,4,-4.5187993,3.919037
40682,0,-3.5650115,-8.496696
15596,4,-4.3486614,3.7627842
189770,4,-4.451524,3.9582841
100071,0,-3.6679378,-8.610296
174187,2,-5.3435354,2.609798
113386,0,-3.0904105,-7.014468
84441,1,8.126676,-0.15575269
90941,1,6.0640574,-4.5681825
92633,1,8.391944,1.2469752
107025,4,-4.54636,4.1410766
145088,4,-4.558972,3.8079486
30701,4,-4.45676,4.158355
122777,3,-2.9542804,-3.465244
52624,1,5.8063135,-4.618296
117955,3,-2.5320344,-2.6593053
151453,4,-4.2110577,4.1478577
18806,0,-3.6028345,-8.425436
30675,1,8.331807,0.16586055
164085,1,8.658743,1.2178476
16595,4,-4.5948763,4.151896
154811,1,8.455851,0.559866
114202,0,-3.449858,-7.409807
33981,2,-4.414344,2.6149743
169636,4,-4.5668783,4.0206475
118653,4,-4.5484447,4.051182
86541,3,-2.6434126,-1.3136142
149457,3,-2.5446677,-1.2589462
62754,0,-2.6706345,-5.742855
161427,1,8.639514,-0.18256673
159403,4,-4.413448,4.1192603
80371,1,8.017414,0.17379323
24675,3,-2.5454376,-2.9425993
118826,3,-2.4391818,-2.7338974
102996,1,8.381018,0.1588604
16073,1,6.111795,-3.43848
43917,3,-2.8068318,-3.6893888
1668,2,-4.285202,2.645031
190227,1,8.502688,1.2127011
43796,1,6.1196294,-4.5760403
37404,0,-3.4686496,-7.405276
177616,0,-3.0077095,-7.268485
11955,2,-4.459799,2.5849767
13016,1,8.759614,1.1145778
93753,1,8.711504,1.0340842
15247,4,-4.4545603,4.0287113
85884,4,-4.548582,3.7725713
161850,1,8.769568,1.1911165
4900,3,-2.5306578,-1.3313128
79287,4,-4.1282163,3.8228238
187801,0,-3.8595636,-8.33926
156102,1,8.2862835,0.3674046
87525,1,8.184825,0.06364512
22362,0,-3.1365001,-6.940525
114952,4,-4.4462624,4.3549027
35804,0,-3.5194209,-9.052255
188193,3,-2.48634,-2.0952199
134297,3,-3.67238,-3.2653937
178228,4,-4.506545,3.3508494
108492,1,8.81439,0.7965501
165917,1,8.762662,1.2172531
49050,4,-4.3855,4.209369
82929,2,-4.350109,2.3475323
81065,1,8.398304,-0.1326908
34088,2,-4.4044046,2.4051414
104332,1,8.304382,-0.0066917185
59359,0,-2.9572837,-5.978799
85795,1,8.654863,1.1000513
174172,2,-4.2239246,2.6073802
85242,4,-4.3218703,3.684324
185364,1,8.532116,0.943387
183006,0,-3.583556,-7.444736
13611,1,8.305109,0.065509565
27083,0,-3.4868915,-7.3696556
92682,2,-4.5936117,2.9073706
9474,2,-4.362776,2.8002517
154965,2,-4.0467124,2.4015586
18967,1,8.900554,0.7724482
187911,4,-4.5077243,3.8864646
91342,3,-2.4324255,-1.5557284
147645,4,-4.2427006,3.6940439
11729,4,-4.3262343,3.494489
12683,1,8.305376,0.043355078
177649,1,8.416682,0.28771916
156220,1,8.8316555,1.2001995
176457,1,8.269574,0.3172333
47162,4,-4.4555125,3.8822172
78179,1,8.508852,1.3260856
112238,3,-2.6646519,-2.8967724
183048,2,-4.558241,2.526864
99859,0,-3.5777047,-7.2812853
14856,0,-3.3953722,-8.258139
79783,1,8.355737,-0.055947743
190789,1,8.4215555,0.98556274
147597,1,9.004026,0.90099967
149281,1,8.543266,1.3623701
124214,3,-3.1090424,-3.5242407
162207,2,-4.6295414,2.4835758
158525,3,-2.7975183,-2.652859
166385,4,-4.366839,3.6183896
26758,0,-3.761174,-8.7485075
34246,4,-4.466877,4.01995
25289,4,-4.6652956,3.7261064
147014,1,8.940262,0.883372
164147,1,7.618447,0.2053938
102065,1,8.227938,-0.038986478
143629,1,8.334805,-0.057045165
105104,4,-4.462085,4.2244477
14107,2,-4.5600896,2.6729832
147896,1,8.148213,-0.03535278
154614,4,-4.5226088,4.0066495
107178,2,-4.5648327,3.0636969
97169,0,-3.6316633,-8.578137
47885,1,8.594298,0.611028
85670,1,8.389677,0.8401641
5244,1,8.767558,1.0800886
80814,1,8.332302,1.1850853
84878,2,-4.4115767,2.3879223
99136,2,-4.570681,2.516335
131186,0,-3.084443,-7.0103207
176649,4,-4.408519,4.0820284
186598,4,-4.3296227,4.002665
33928,1,8.39782,-0.14724779
96523,2,-5.18847,2.593822
6386,1,8.6654825,1.0904199
10856,3,-2.962214,-3.6051352
79830,1,8.287417,0.13949478
156820,1,8.128057,0.0017121888
109345,2,-4.4380484,3.1467764
150743,4,-3.9306993,3.7381423
159932,1,8.980716,1.3689307
47071,1,6.075532,-5.1420918
26836,0,-3.5038593,-7.2288394
155870,1,5.708209,-5.017542
36820,0,-3.48577,-8.317966
191597,1,8.652547,0.9063279
156436,4,-4.2640924,3.5106723
160421,1,8.9358,1.0445865
128,3,-2.2759514,-1.7829943
13997,1,8.841569,1.26342
180049,0,-3.478281,-7.110936
110833,1,8.210916,-0.15388905
109804,0,-3.3656764,-7.3110538
99588,0,-3.1195312,-7.3204226
86220,1,8.469683,-0.038981646
181907,4,-4.5843678,3.9372456
49295,2,-4.5108914,2.6985674
86268,2,-4.3499503,2.7773225
168273,1,8.402154,1.3076175
108281,2,-4.4162493,3.3607426
144211,4,-4.2726583,3.9878285
113265,1,8.622952,1.1380454
23312,1,8.649207,1.1160874
187337,1,8.819686,0.85703665
156461,4,-4.123868,3.972485
34087,1,8.759803,1.0926889
64842,1,5.566159,-4.811476
183562,0,-3.4929745,-7.056179
28093,1,8.6140585,0.77700824
25692,4,-4.5019484,4.215642
181271,4,-4.489865,3.6346498
159119,2,-4.311315,2.5623837
101933,4,-4.4607263,3.8671634
89404,4,-4.5678287,4.190869
144042,4,-4.326517,4.0977817
192455,3,-2.3931184,-3.413564
79388,2,-4.379266,2.719965
18966,1,8.893076,0.75829154
156137,1,6.52938,-1.8763912
124503,1,8.284049,1.0504833
75392,2,-3.4194078,2.120684
11238,1,8.350783,0.057585787
116122,2,-4.1040936,3.2188394
98912,1,8.855382,1.0211618
14533,4,-4.4586916,3.478204
79004,1,8.129855,-0.06296094
135186,4,-4.290303,3.7689474
123452,1,8.531779,1.1481123
141112,2,-4.4084415,2.6398034
123685,3,-2.916026,-2.9301784
160638,1,8.753643,1.1966926
159271,1,8.811892,1.224414
30322,2,-4.4404798,2.5594923
4854,3,-2.1459982,-1.5753481
152919,1,8.450045,0.04895841
12078,1,8.7766695,1.2508873
8015,1,8.494982,1.360656
156788,1,8.322744,-0.08040579
39061,4,-4.292473,3.7523892
34320,3,-2.7866702,-2.552422
16905,1,8.962937,0.6749278
40222,3,-2.8732255,-3.677889
17370,4,-4.03874,3.477876
148044,2,-4.307023,2.4124365
22083,1,8.184359,0.25367355
145104,4,-5.1672697,3.7077632
51612,1,5.9905376,-3.807895
28174,2,-4.6441298,2.8122184
29956,1,7.9005833,0.07946808
181253,0,-3.750174,-8.164009
168248,1,8.28049,-0.056899697
156381,2,-4.2119465,2.4259632
129356,0,-2.799098,-6.3700166
97426,1,8.048616,0.2594156
106659,2,-5.1717787,2.968895
79802,1,8.517611,0.83997315
22043,1,8.497003,0.3309701
161848,4,-4.4972253,3.7191854
40443,2,-4.2379966,2.6257095
85836,3,-2.829063,-1.0156267
115413,1,7.2027264,-0.062345803
189715,4,-4.0657187,3.4502685
110369,4,-4.3567586,3.487773
100907,0,-3.5204456,-7.323133
36537,0,-3.639942,-8.824976
149792,3,-2.3871057,-2.7660482
159963,1,8.873697,1.415016
69661,3,-2.393619,-3.0242085
107488,4,-4.4582787,3.3127508
902,4,-4.192434,4.1320868
109036,0,-3.3538716,-8.567304
3626,4,-4.554974,3.7960713
34280,1,8.393372,1.432855
190302,1,8.338835,1.3629006
90413,0,-3.3766682,-7.484746
94562,1,8.548847,1.0741711
35480,4,-4.338526,4.067523
90597,1,9.0327,0.92455655
159116,1,8.590393,1.183806
147389,1,8.889697,1.157253
20546,2,-4.3835354,3.0833063
163007,2,-3.855156,2.2372744
86478,1,8.953402,0.95848984
97539,3,-2.6120753,-3.2353747
166291,4,-4.4273915,3.9757738
20626,1,8.360851,0.68065315
99235,0,-3.2835293,-7.9073496
52705,1,8.486432,1.2538823
45729,3,-2.5601132,-2.6184978
25101,3,-2.8259206,-2.0259333
86280,4,-4.3885665,4.07327
112919,1,8.626897,1.2264513
20177,4,-4.5796723,4.1968966
168477,1,8.573054,0.9271527
116204,0,-3.4789543,-8.547685
80861,1,6.996888,-1.3069198
105058,4,-4.2989573,4.222979
79954,1,7.963805,1.0041846
66599,4,-3.31054,3.0464017
191067,1,8.793542,1.0590128
94078,1,8.884271,1.2700807
47995,3,-2.6110785,-2.6076772
19440,4,-4.52992,3.7790725
94441,1,8.255941,-0.011427624
96019,4,-4.714895,4.1883445
109343,4,-4.386359,4.076441
102741,2,-4.446387,2.8102071
205,4,-4.1972947,3.5207167
121621,4,-4.4670143,3.7666743
10294,3,-2.6381664,-4.009075
83904,4,-3.964351,3.9112942
172186,4,-4.682627,3.732126
169521,2,-4.381053,2.8699021
141110,4,-4.335048,4.101175
31712,2,-4.4243336,2.3994434
93857,1,7.8095536,0.2860003
40268,0,-2.9347892,-8.230954
109810,0,-3.3227158,-7.332677
78946,4,-4.2788067,3.4065776
2323,4,-4.3127255,4.120863
188402,2,-4.073422,2.4572513
68365,3,-3.1332736,-2.606939
135040,3,-2.0626106,-4.801356
159300,1,8.510142,1.0272572
97610,1,8.680051,1.5332024
39064,2,-4.423066,2.6910067
75518,2,-5.3478985,3.0055392
167074,4,-4.2956905,3.682753
15558,1,8.883338,0.8192962
104899,4,-4.458197,4.022215
176451,3,-3.3123314,-0.984683
109791,0,-3.47356,-7.1274424
10575,1,8.716327,1.2130902
23654,4,-4.5335603,3.909664
3718,1,8.135271,0.12081374
153634,4,-4.1162567,3.5859628
169515,4,-4.481526,4.001454
2964,1,9.06535,1.0241143
77191,1,8.0622425,-0.033585876
157024,1,8.150401,-0.032170888
96878,1,8.857277,1.0321957
14023,1,8.889104,1.0470414
38141,4,-4.4151683,3.8184338
190699,2,-4.472774,2.3749433
96594,2,-4.638725,2.4315338
28999,0,-2.8263047,-7.415146
21174,0,-3.6314366,-8.626976
27342,4,-4.4603777,3.8818839
14509,3,-2.3269262,-2.0746071
114793,1,8.610668,0.85782623
112794,2,-3.4892046,1.9140457
173554,2,-5.2005033,3.0681117
26574,4,-4.3993006,3.9162717
118066,3,-2.7944672,-4.8304315
76931,1,8.805917,1.0246525
17653,3,-2.6988437,-1.137852
88432,1,8.489663,0.7363929
72912,1,7.9546275,0.10909199
36554,0,-3.550242,-8.609268
162035,4,-4.4729714,4.001841
91176,1,6.4256234,-2.299627
105035,4,-4.4002905,4.239153
51473,1,8.709448,1.0816195
177466,4,-4.1930194,3.7101176
24890,2,-4.816849,2.791366
176430,1,8.770565,1.2848611
14162,4,-4.4170136,3.9472044
95079,4,-4.045673,3.5278263
174712,2,-4.632387,3.1053867
29812,4,-4.4832764,4.0736513
154691,4,-4.3983464,4.1243286
34933,2,-4.289002,2.3788779
60601,1,8.404288,0.8096658
73082,2,-4.0853004,2.4270642
191602,1,8.78935,0.99535197
27091,0,-3.399291,-7.5242367
77242,3,-2.9145918,-2.0409777
96242,4,-4.5229645,3.6977093
87679,0,-3.5423672,-8.412091
157751,1,8.310945,0.079346836
59832,0,-3.1947815,-6.6516294
164616,2,-4.096615,2.1877594
7408,4,-4.339281,4.03297
80917,4,-4.4049897,4.0954676
23364,2,-4.537053,3.1624627
102736,1,6.617951,-1.7431717
137676,4,-4.385278,3.8503196
111967,0,-3.6290207,-8.820366
5270,1,8.893236,1.0757947
167599,2,-4.3413258,2.6314783
189729,3,-2.5736065,-2.6615188
38760,0,-3.5903986,-8.844295
68544,1,8.298002,-0.37974596
20147,4,-4.521279,3.5460489
80717,1,8.395089,0.6670285
118771,1,8.285553,1.3601198
24227,3,-2.61304,-3.3993065
21663,1,8.661961,1.028078
80098,1,8.241625,-0.01396448
146833,1,8.727634,0.78405815
95333,1,8.929017,1.2242459
11036,3,-2.7469695,-1.2785715
100726,0,-3.88339,-8.796057
168285,1,8.22888,0.3506991
112800,4,-4.449165,4.2150445
163502,2,-4.3338714,2.4553576
98563,0,-3.474655,-7.762574
85215,4,-4.353667,3.9594872
30490,1,8.758549,1.1520178
77460,2,-4.4484353,2.8867226
24904,4,-4.359806,4.0054994
11150,3,-3.5797265,-3.2155993
149512,1,8.238802,0.013574023
157082,1,8.687193,1.1902897
174462,3,-2.9606318,-2.7900276
107857,0,-3.4990578,-8.843416
155580,4,-4.442069,4.098375
138060,4,-4.104683,4.08349
133943,3,-2.5132334,-3.587591
110921,4,-4.5054574,3.9113286
44494,0,-3.5954475,-8.554084
175569,4,-4.6545296,3.231372
161095,1,8.72712,1.3515549
152000,4,-4.244109,3.2628727
183520,0,-3.4493952,-7.3609614
85021,1,8.658405,1.3203223
187893,3,-3.002563,-4.6363983
111291,1,8.5290365,-0.049271856
21892,0,-3.3521342,-7.2825327
12973,4,-4.5233483,3.5761855
19918,2,-4.7353606,3.5398347
24104,1,8.503942,0.25332096
150547,3,-2.7661397,-2.285969
136457,0,-3.4046063,-7.3274517
88612,0,-3.1047745,-8.09013
85511,2,-4.3429575,3.0009801
99584,0,-3.388801,-7.655663
119439,2,-4.2903132,2.381571
104525,4,-4.530686,4.2185435
178231,3,-3.0328,-2.3079922
97611,1,8.637638,1.4923018
31897,2,-4.317908,3.064518
103094,3,-3.113659,-1.1152103
81859,4,-4.350471,4.043996
107759,1,8.5540905,1.2712945
48651,0,-3.389695,-8.509664
26564,2,-4.485514,2.6608067
131801,1,5.5457044,-4.2997518
46643,1,6.1252575,-4.6275725
153091,2,-4.598683,1.5853096
74468,1,5.984648,-3.3645718
27786,0,-3.444777,-7.218973
9245,1,8.776102,1.3925264
145180,1,8.61671,1.256106
181953,2,-4.4122562,2.594612
191110,1,5.6438613,-2.3437715
159053,1,8.736888,1.1340309
52716,2,-4.2718945,2.326458
109790,0,-3.6171958,-7.1980257
28824,1,8.558672,1.1012887
182388,0,-3.4972565,-9.011476
136546,3,-2.4691694,-3.2825282
44674,3,-2.3909843,-3.214272
1260,4,-4.4335184,3.997658
71057,0,-3.3145432,-6.2895813
7240,3,-3.1923773,-2.9870424
83807,4,-4.536281,3.8262825
83773,1,8.600186,0.94785863
10224,1,8.333525,-0.122806355
110015,4,-4.31998,4.045891
88417,1,8.801722,0.048398733
161550,1,8.303746,0.01688009
143143,0,-2.7400575,-4.8139815
189969,4,-4.560681,4.0838294
105980,2,-3.8059938,2.3298802
16588,2,-4.4918385,2.900424
84470,1,8.087943,0.046594623
176205,1,6.2309203,-3.6385407
62378,1,8.312421,0.9511149
166282,4,-4.609676,4.1421947
28107,4,-4.6088076,3.8250954
82717,1,8.006043,0.12682272
112357,4,-4.380798,3.7262132
161297,1,8.840855,1.1110748
113369,0,-3.7528627,-8.159771
153840,1,8.607421,1.0354279
29618,2,-4.1782465,3.1193006
187244,1,8.352752,-0.22095728
105606,4,-4.4654016,4.2597876
7319,2,-4.2778373,2.3963695
73047,1,8.1924925,-0.14931925
37829,0,-3.5840597,-8.882054
90634,1,8.983626,0.84874564
109898,0,-3.1186397,-8.168263
19249,4,-4.414959,4.264088
146482,2,-4.155815,2.6518548
40302,4,-4.3918214,4.0673547
159789,2,-4.340733,2.2890062
190559,1,8.922437,1.1558468
113118,0,-3.6313179,-8.843664
74654,1,8.403483,-0.24059351
176822,2,-4.5799723,2.2573605
8776,4,-4.311952,3.3490927
81872,4,-4.491102,3.9031234
16019,1,8.519047,0.91558367
165886,1,8.635126,1.4289285
157450,2,-4.387713,2.9862552
6056,1,8.715544,1.138104
127883,2,-4.291723,2.151721
73305,1,8.873664,0.7039616
158871,4,-4.4945283,3.537587
91106,1,8.251314,0.11975788
156874,3,-2.6487114,-2.2391763
71957,3,-2.958698,-3.4612947
158008,4,-4.2227626,3.9118967
188696,3,-2.6563752,-2.204035
40353,3,-2.420481,-1.3567587
87442,4,-4.525421,3.2643154
82221,1,8.939342,1.1792833
179472,3,-3.0495381,-2.6857204
141454,2,-4.315052,2.3842328
30991,2,-4.183968,3.3732827
29050,1,8.708599,0.49492335
174174,1,8.370365,0.13849767
186718,2,-4.194135,2.4071696
9896,4,-4.4775105,3.3600316
81852,2,-4.504473,2.334497
11990,1,8.729073,1.2616938
157270,1,8.635295,0.26070225
171837,1,8.54137,-0.12632477
7860,4,-4.313228,3.9314353
179936,1,8.682786,1.3923752
89224,4,-4.4263277,4.069835
7718,2,-4.3178444,2.4397032
15748,2,-4.432312,2.1518087
169405,4,-4.2930527,3.532752
106473,4,-4.5327077,4.1684628
28420,1,8.535492,0.8362419
174640,4,-4.119728,3.8682525
90805,4,-4.350486,4.0573134
149125,1,8.799957,1.230101
77533,3,-2.5780344,-2.6270711
151063,3,-2.625596,-1.3377444
70200,0,-2.6648698,-4.407724
18845,0,-3.6445372,-8.702827
44797,0,-2.9186623,-7.305473
162131,1,8.408712,0.17732131
108008,1,8.423842,-0.21209148
167426,1,8.363934,0.9783842
162637,4,-4.491498,3.8737254
86843,4,-4.439357,3.7761152
14532,1,8.8264265,1.2314289
169991,1,8.708889,1.0522707
29024,0,-3.182565,-8.08528
85430,1,8.61934,0.9519144
180615,4,-4.245655,3.7176583
189555,1,8.609807,0.87898505
10736,4,-4.1973042,3.786574
150598,3,-2.6027033,-3.2895892
60269,0,-3.17852,-6.6147575
85465,4,-4.381106,4.0913115
50399,4,-4.463268,3.4784105
85216,4,-4.2639933,3.8641486
14356,2,-4.253106,2.451502
43914,3,-2.1225584,-2.2313898
33792,1,8.811916,1.1218132
174169,3,-2.956927,-1.9958519
172444,0,-3.30044,-7.657013
183542,0,-3.7348282,-7.021996
70547,4,-4.201705,3.4914083
20211,1,8.262957,0.07939711
52610,4,-3.701751,3.6100993
25140,2,-4.602359,3.1837327
60327,0,-3.8589747,-6.5969534
160297,1,8.183131,-0.10870365
59827,0,-3.273907,-6.4624515
152071,2,-4.183673,3.1926262
118652,4,-4.4685774,3.8220305
119505,4,-4.2724586,3.3117845
15174,3,-2.9196177,-2.036063
96317,4,-4.4492955,3.730065
18807,0,-3.4233181,-8.230223
152326,1,8.579476,1.1759795
99812,0,-3.3474789,-7.520117
17493,1,8.116191,0.28058982
87056,4,-5.2344646,3.8667748
124124,1,8.44234,1.2104361
103762,2,-4.480303,2.5891886
37103,2,-4.5593534,2.4417164
112954,0,-3.8022196,-8.594368
91558,2,-4.487881,3.3731997
149174,4,-4.233593,4.0021687
159280,4,-4.2048097,4.0140038
176453,1,8.328211,0.17789325
10444,4,-3.9742703,3.5059235
184885,4,-4.623491,3.7220924
162213,3,-2.8706653,-2.3249187
189610,4,-4.2666426,3.9261656
181236,0,-3.7747946,-8.206176
21836,1,8.479412,0.003492325
156092,1,8.3107815,-0.21467113
110009,2,-4.3865643,3.1765594
169159,1,8.797009,1.2303897
17165,3,-2.7401466,-3.4435482
77539,3,-2.4280055,-2.8084636
21812,0,-3.4044106,-8.065112
98345,4,-4.724882,4.285005
39803,4,-4.4989104,3.6261656
155990,4,-4.3973975,3.9718893
49492,1,8.689263,0.6944539
110697,4,-4.381492,3.452562
105223,1,5.7696333,-5.14162
161,2,-4.192597,2.4305315
190281,1,8.010413,-0.39100626
176358,1,8.292726,0.29022056
150775,4,-4.109342,3.876645
171047,1,8.505841,1.1573609
109672,0,-3.632859,-8.833203
171544,1,8.4986,1.2291591
86773,4,-4.4190426,3.3997262
21666,2,-4.439885,2.8887165
177995,2,-4.15891,2.1921742
113882,0,-3.38771,-7.4849524
109815,0,-3.3307185,-7.4684424
75817,3,-2.7384603,-1.4320605
167861,2,-3.9426947,2.2911835
48440,4,-4.4769635,3.9354694
98354,4,-4.6715045,4.3504977
117121,2,-4.557884,2.5301893
154400,1,8.721961,1.1437944
38595,1,8.764316,0.81764233
70187,0,-2.919193,-4.4377155
162523,2,-4.431432,2.8241062
86796,1,8.7968,0.17967191
160706,4,-4.4178805,3.8506274
147707,2,-4.25288,2.197313
105014,4,-4.3398223,4.1475787
27055,0,-3.0961683,-7.0660458
137587,2,-3.6956973,1.824065
60132,1,8.208418,0.9696411
97136,0,-3.5814548,-8.8770685
102743,4,-4.6064076,4.22526
7017,3,-2.621115,-3.4912527
160100,1,8.1298685,0.045506004
77767,3,-3.648345,-2.9791048
27931,4,-4.595742,4.021927
88115,4,-4.461779,4.088401
115344,4,-4.2478967,3.5459764
4873,4,-4.483819,3.3995895
35450,1,8.614457,0.6540898
59341,0,-3.0640714,-6.5070553
77294,4,-4.2463713,3.9114811
102972,1,8.799065,0.29871038
18254,3,-3.4958441,-1.3510178
10712,1,8.756194,1.2603447
19876,2,-4.4853992,2.6176407
8190,2,-4.2861443,2.5022633
159075,1,7.9516706,-0.2565909
97394,4,-4.5882707,3.574556
13108,2,-4.6371236,3.1385
14039,2,-4.428614,3.2935317
5833,1,5.709113,-4.1258864
173010,2,-4.41367,2.2514143
112901,1,8.760773,1.3766698
51447,1,8.070566,-0.10764193
175788,4,-4.535832,4.3061924
159208,2,-4.8097296,2.2578802
167703,2,-4.6708565,3.324438
48336,0,-3.0828767,-8.142124
90762,1,8.608067,0.36545306
37447,4,-4.439532,3.4826653
185603,0,-3.8000216,-8.775303
113250,4,-4.2377543,3.6182175
103863,4,-4.6360483,3.7095993
68086,3,-2.4617944,-2.9799874
81762,4,-4.4598494,3.9130864
101577,0,-3.293775,-7.338011
20395,2,-4.487045,3.1836953
169797,4,-4.6913285,3.9733474
111828,2,-5.1060214,2.5117753
13382,1,8.534661,0.5752586
166595,0,-2.884391,-6.716803
33260,4,-4.4249616,4.0161853
176469,4,-4.519283,3.431789
83046,1,8.80992,1.0957544
92206,4,-4.4307184,4.0091715
184584,2,-4.4734607,2.603989
13627,4,-4.5056496,3.997024
103816,4,-4.3553224,4.011135
174288,1,8.537013,1.2769551
39462,4,-4.5961437,4.0622935
110256,0,-3.359304,-8.465187
89130,2,-4.0747285,2.6842093
111466,3,-2.751426,-2.6168978
147874,1,8.18599,-0.11826379
128164,4,-4.1240783,4.054903
36728,4,-4.336653,3.5658262
125273,3,-2.2387543,-3.6508873
87914,1,8.709122,1.2321361
124633,0,-3.40531,-6.804728
4899,3,-2.7971213,-1.201836
109886,0,-3.3979442,-7.4977455
143153,1,8.63437,1.2828873
161868,1,8.781979,1.3275949
83285,1,8.630672,0.97003835
153933,1,8.594861,1.7502046
185396,2,-4.4357624,2.7387455
187579,0,-3.4254649,-7.6132092
174395,4,-4.28418,3.930829
186043,0,-3.060638,-8.362218
154626,1,8.377815,0.21310517
155956,2,-4.2304387,2.5338588
137392,3,-2.8071856,-2.8111932
101975,2,-4.536447,2.8000047
149427,3,-2.5547335,-1.9074981
17682,1,8.639501,1.1578271
166414,1,8.625664,1.5363905
3505,2,-4.2939053,2.7483563
102694,4,-4.3067207,3.6171553
103370,4,-4.515364,3.663167
137607,2,-3.6293006,2.1405883
149161,1,8.341896,0.9451826
91358,4,-4.349339,4.1397157
165830,2,-4.300247,2.388934
157287,1,8.727623,0.037770912
151096,2,-4.1517425,2.76306
174178,4,-4.2771173,3.848993
108023,4,-4.3884735,3.7007596
37755,0,-3.4441667,-7.228217
121645,1,8.172522,0.20333807
12082,4,-4.4896665,4.1185913
24952,3,-2.3906212,-1.6147958
11511,1,5.6494493,-5.15532
154110,3,-2.233538,-2.0290046
17180,3,-2.6608992,-3.6122081
175829,1,7.7220984,-0.070069544
153505,2,-4.262937,2.517418
10318,1,8.468962,-0.07090416
107602,4,-4.4874516,3.8181689
179687,4,-5.3002844,3.9861035
163949,4,-4.4635572,4.10672
78235,1,8.437259,1.3576627
157271,1,8.897603,0.9130346
27245,4,-4.499307,3.941946
149446,1,8.621297,0.423996
35915,1,8.671299,0.9018315
8484,1,8.601138,0.90189457
154251,3,-2.8043828,-2.5700688
186252,3,-2.621486,-2.4160829
20227,4,-4.473736,3.9588802
41299,0,-2.9470673,-8.373517
147824,4,-4.289608,3.9032087
175334,4,-4.5778365,3.9576936
143822,3,-2.4962015,-2.4614933
44304,3,-2.2869923,-3.2033696
17420,1,8.864676,1.0656054
149600,2,-4.2204885,2.1952488
40317,1,8.872121,1.1743296
40750,4,-4.5043397,3.9866061
87203,0,-3.6133845,-8.561387
170528,0,-3.493667,-8.706696
119190,4,-4.2532806,3.9681468
154634,4,-4.4713845,4.123938
86488,1,8.728369,1.320141
31721,1,8.637603,1.1231537
68646,4,-4.2556343,3.6730537
45620,0,-3.3557684,-8.206443
90512,1,8.712059,1.1596869
96521,4,-4.648002,4.277658
53948,3,-3.1121154,-2.6779044
123840,3,-3.068023,-3.0009847
154374,3,-3.3898425,-3.7343488
48325,0,-3.0270011,-8.294041
162888,4,-4.4174523,3.5725183
22919,1,8.951756,1.0644436
159571,4,-4.0506697,3.8475876
159735,1,8.453096,1.1446793
137675,4,-4.5009685,3.8618279
96653,3,-2.7849364,-4.465003
13575,1,8.840308,1.2950362
188741,1,8.790854,1.1258591
185021,1,8.623472,1.2928643
15562,2,-4.538899,3.2250667
174351,2,-4.699614,3.2915587
176311,1,8.4461355,1.049091
186679,2,-4.41291,2.6665175
79621,4,-4.4223404,3.8892887
2252,1,8.238964,0.13014765
150299,3,-2.526548,-2.5602443
80907,3,-2.9306133,-3.1417844
112154,3,-2.9167373,-3.342949
163673,1,8.599984,0.8190555
114300,3,-3.1900585,-2.746184
13434,1,8.744818,0.737098
149421,1,8.463494,1.1227673
155040,4,-4.6001277,4.0589104
99752,0,-3.1260078,-7.23638
60735,4,-4.0492,3.7289193
94323,1,8.432461,0.050998367
64272,0,-3.2083666,-6.5626984
100068,0,-3.739354,-8.553035
18790,0,-3.2767663,-6.736913
100965,0,-3.2599175,-7.9626813
159249,4,-4.3106475,3.9628615
118109,4,-4.547972,3.9482787
144817,2,-3.5774925,2.0941343
180722,0,-3.7864032,-8.132311
117332,4,-4.59944,4.247079
20945,1,8.465988,1.0564631
180471,0,-3.6842752,-8.531454
27406,0,-3.4179673,-8.705629
33836,4,-4.1941442,3.4140444
30087,1,8.628644,0.8981525
8256,1,8.496218,0.91746134
24195,1,5.769574,-5.2275724
111739,4,-4.5299983,4.0519395
154146,1,8.538639,0.9399274
112006,0,-3.6101506,-8.677261
159954,1,8.906388,1.3676252
154621,2,-4.3277597,3.4072611
9775,1,8.660011,1.231201
17816,1,8.366486,0.10699217
86501,1,8.5953,-0.010325766
150667,1,8.509445,1.2524182
27540,2,-4.653895,2.6042573
181014,0,-3.800902,-8.475126
144004,2,-4.1683173,2.5945914
176894,4,-4.5192523,4.045479
114289,3,-3.1821814,-2.747574
85013,1,8.5430975,-0.20096084
27327,1,8.494836,1.1764804
19641,1,8.502344,0.72442895
101281,1,8.6402645,1.207799
23933,1,8.271445,-0.096154206
22064,4,-4.448511,3.8078113
99758,0,-3.4816456,-8.744035
96519,4,-4.598089,4.1481943
97179,0,-3.1178653,-8.343572
13145,4,-4.454788,3.797635
186918,0,-3.630371,-8.479862
87888,4,-4.3895936,3.91634
20446,0,-3.0514138,-7.1558657
90978,4,-4.3318486,3.7442868
29709,2,-4.5708046,2.7246673
72871,1,8.434556,0.9338454
159765,1,8.343417,0.8818355
88693,4,-4.4451537,3.745111
26703,4,-4.572355,4.074383
35768,0,-3.375576,-7.776355
49312,2,-4.274235,2.4307775
152937,1,8.71029,1.0594391
82871,4,-4.37111,3.8137941
43830,4,-4.6227856,4.039868
92215,3,-2.8400784,-1.096864
18515,0,-3.3769064,-7.8316584
185895,1,8.473152,0.80606556
149214,1,8.379536,1.5351006
21995,1,8.649576,1.2670671
145167,4,-4.488114,3.9443703
156505,1,8.576209,1.2604939
82635,1,8.520695,0.4733126
188735,4,-4.396869,4.346844
36929,1,8.137215,0.031081116
115811,0,-3.4555497,-7.4524803
87933,1,8.87439,0.9980027
33560,0,-3.7203887,-8.307363
35650,2,-4.3075314,3.282433
32740,1,8.466499,0.32568783
114950,1,8.986442,1.0067761
158784,4,-4.420209,3.7365568
5417,2,-4.336132,2.630085
147483,1,8.419187,-0.039281767
153457,2,-4.253971,2.3890963
173740,2,-4.1679144,2.574446
82034,4,-4.3381453,3.9835463
157581,4,-4.470676,4.112567
29189,1,8.735191,0.7407321
39467,4,-4.494099,4.0095754
38717,0,-3.5266085,-8.36918
111540,1,8.568102,0.9488058
30415,0,-3.5333278,-7.4773316
6084,4,-4.3974586,3.9340754
29426,0,-3.6434102,-7.4069667
139586,0,-3.6199338,-7.401927
109005,0,-3.550169,-7.316848
111947,0,-3.6497798,-8.864125
41958,1,8.402833,0.08009439
86781,2,-4.46443,2.6249926
80070,3,-2.3632457,-1.725822
11397,4,-4.0565495,4.019268
176848,4,-4.519041,3.879954
45956,0,-3.445397,-7.312448
46648,1,6.305452,-4.9194665
36844,0,-2.9700956,-7.1901283
94325,1,8.939442,1.15314
151876,1,8.868393,0.773799
187090,4,-4.2215185,3.8794272
47910,4,-4.0214148,3.7439604
108936,0,-3.2515259,-8.0034685
36884,1,8.702497,1.1550871
22920,1,8.94487,1.1239996
86551,1,5.9443903,-1.4769095
107845,0,-3.458722,-8.94802
137610,4,-4.3417697,3.8343756
48282,0,-3.6194127,-8.701009
24941,4,-4.462666,4.112516
17698,1,8.561598,0.95050293
22186,2,-4.5511355,3.228538
148420,1,7.9092913,0.31130704
49448,2,-4.4374123,2.6887958
119391,4,-4.4390197,3.8785696
116468,3,-2.5868287,-2.209784
182566,0,-3.6684897,-8.346301
173038,2,-4.5563965,2.123845
15317,2,-4.3085403,3.1126735
157946,4,-3.9376433,3.9096937
33431,4,-5.1920004,3.6660388
131799,1,8.177882,-0.13286066
166504,2,-4.2293487,2.4904623
90046,3,-2.904766,-3.2976184
103524,2,-4.4382696,3.272602
48843,4,-4.401198,3.8809485
87295,1,8.9484625,0.60203093
21352,2,-3.8131645,2.502211
171238,2,-4.3146386,2.589836
178664,3,-3.1964242,-3.3238099
166259,1,8.610409,1.0436865
176415,4,-4.4964275,4.065597
184889,4,-4.644578,3.802639
8577,1,8.824614,1.329611
161491,1,8.851298,1.1594933
92261,2,-4.4386272,2.4248452
53721,3,-3.5860877,-4.0170035
48617,4,-4.5022187,4.237648
191015,1,8.639159,1.0441737
111578,1,8.685507,1.0361737
143756,4,-4.393878,3.990927
137190,3,-2.3985827,-2.960995
91074,2,-4.481839,2.3535337
14368,4,-4.362618,4.2330146
26815,0,-3.2144454,-7.425284
23558,1,8.472802,0.9864619
95727,3,-2.8244443,-2.7772603
114803,2,-4.4198904,2.4069917
30499,1,8.8637905,1.1431708
188359,4,-4.5167766,3.7369764
59917,0,-3.430176,-6.2379317
156262,1,8.331954,-0.24118343
178939,3,-2.7809677,-4.071392
124452,3,-2.8945203,-3.195927
178061,1,8.543421,1.3686014
84544,4,-4.228432,3.6125848
157137,1,8.001069,-0.052243154
173247,1,8.355794,-0.081126824
99232,0,-3.3217242,-7.7430367
160433,1,8.25164,0.9909302
147559,1,8.207906,0.012809682
174915,4,-4.494117,3.7000763
9001,3,-2.5689294,-1.698633
79412,2,-3.7448504,2.2498624
159287,1,8.45216,0.7882082
188212,4,-4.667905,4.1372733
165768,2,-4.561359,2.7822585
114682,0,-3.702809,-8.64435
100228,2,-4.4741507,2.979145
161892,1,8.855571,1.2152603
16069,1,8.72197,0.12983772
156705,4,-4.295962,4.0067997
191633,2,-4.151762,2.8369558
162904,4,-4.2267885,3.597935
40047,1,8.228895,0.5848847
182774,4,-4.397054,3.4990525
111555,4,-4.48771,3.7374253
161113,1,8.800593,0.9386425
93371,2,-4.543628,3.1462095
82282,3,-2.9828296,-3.114042
88238,2,-4.031664,3.0433564
189542,1,8.452648,1.3230895
29247,1,8.497592,0.9249764
95848,4,-4.494088,4.178962
83942,4,-4.428628,3.7774491
60183,0,-3.3748367,-6.637037
187320,2,-4.406069,2.5749028
169586,3,-3.1193948,-3.459609
77560,3,-2.4746385,-2.612589
43403,1,9.030815,0.8856461
176389,4,-4.537523,3.9784603
94359,1,8.792976,1.2056843
26118,4,-4.5090837,3.407511
10923,1,8.11313,0.6370806
163224,4,-4.3822694,3.9674516
2340,4,-4.2573566,4.1463723
11095,1,8.4592705,1.4887571
35218,2,-4.202462,2.578337
178258,3,-2.991175,-2.8539886
49414,2,-4.368145,2.4598775
107894,0,-3.6471043,-8.702504
151778,1,8.88288,0.7704753
79105,1,8.413521,-0.08040022
150353,3,-2.864519,-3.0991483
83096,4,-4.3739696,4.0435853
3844,1,8.718799,0.7930551
80454,1,8.803393,1.227236
34457,0,-3.5277946,-8.886417
35485,2,-3.9245696,2.5522902
122279,2,-3.9562345,2.4543843
163096,1,8.580422,0.20528068
79945,2,-3.7049665,2.2226596
77585,3,-2.4234884,-2.6027703
89927,3,-2.672305,-2.3133755
79416,3,-2.6963959,-2.3275871
115337,4,-4.4777102,3.8195865
75547,4,-5.103935,3.8416135
74734,4,-4.2001905,3.8198524
164854,3,-3.519659,-2.6259437
168422,1,8.695299,1.3195983
97168,0,-3.4184606,-8.680096
156506,4,-4.443564,3.8645568
5646,4,-4.2702255,3.6606872
188624,3,-2.5762227,-2.3067784
81624,2,-4.4144773,2.6062334
167837,2,-4.412691,3.0082812
75830,3,-3.0902252,-3.3041644
25560,4,-4.542626,3.7074866
39477,4,-4.597639,4.088476
17405,0,-3.307581,-7.4838595
163349,1,8.765151,1.2217838
81142,1,8.2747135,0.3020577
37038,0,-3.464984,-8.291915
157300,1,8.715884,1.0907251
83550,1,8.147707,-0.23449832
179741,1,8.485151,1.2398764
8569,1,8.5372095,1.3933007
86782,1,8.70709,0.95264554
22171,1,8.761446,1.0616072
101155,0,-3.2976112,-7.9618735
99731,0,-3.5381398,-8.562553
114685,0,-3.3876529,-7.212575
157037,3,-2.4536288,-1.3655416
99468,0,-3.3803294,-7.7735224
30828,4,-4.245682,3.7020633
160252,1,8.173735,-0.04689119
159057,1,8.711756,1.1957926
77301,4,-4.1344476,3.8384693
100157,0,-3.2714477,-8.160297
68634,2,-4.3689027,2.3838234
2359,1,8.6995,1.122559
38910,4,-5.300504,3.5920732
127708,2,-4.167,2.274326
142682,1,8.789475,1.2427369
169078,2,-4.257207,3.0468605
86623,4,-4.496179,3.8432329
3096,2,-4.3667774,2.1168807
189534,1,8.517855,1.1840395
104089,0,-3.5975046,-8.866108
12479,1,8.737772,0.7639452
23032,1,8.654953,0.79750824
181001,0,-3.6591597,-8.572664
37283,4,-4.467417,3.455694
59436,0,-3.0525253,-6.5514593
83280,1,8.639796,0.9619
98171,4,-4.58926,3.9332678
80503,4,-4.371857,3.4137285
185367,4,-3.9232368,3.2903764
147798,1,7.6310153,-0.13603641
99076,2,-4.442666,2.9589708
26250,1,6.0737205,-5.1184483
51586,1,5.8306427,-3.4987698
75557,4,-5.213035,3.7721152
115689,0,-3.1104171,-8.126282
176917,4,-4.5706964,4.1385984
18292,1,8.684338,1.2870548
93710,4,-4.5519733,3.9107416
115802,0,-3.5121918,-7.690729
93114,3,-3.106916,-2.0734694
49467,2,-4.43124,2.3746731
142932,3,-2.4588478,-1.6796187
8003,2,-4.200561,2.9579954
121698,1,6.008264,-3.3908303
20831,1,8.532096,0.6619644
151875,1,8.756473,0.545933
5363,1,5.8058047,-3.9377828
110810,2,-4.5898404,3.2905695
19350,1,8.590478,-0.23256841
59822,0,-3.3023362,-6.394754
40644,0,-3.1500638,-8.671742
100361,2,-4.7436576,3.14337
89822,1,8.559906,1.1175419
29635,1,8.716753,1.4547561
28068,2,-4.3563805,2.6874762
43801,1,5.5926204,-5.0480776
82060,3,-2.7838469,-2.2838566
88758,1,8.720812,1.052327
168436,3,-3.1765163,-3.036237
29505,0,-3.66442,-7.2716618
20791,1,8.737927,1.0219517
39446,4,-4.6157637,4.09327
169623,4,-4.5914655,4.0409527
16828,0,-3.4583879,-7.4981275
19849,0,-3.4587243,-7.193962
97120,0,-3.5968516,-8.60061
84461,1,8.723169,0.96219814
17521,1,8.581291,0.99024653
28790,2,-4.633938,3.208874
52933,2,-4.293617,2.3069348
88653,2,-4.619716,2.3246253
109286,1,8.865455,1.1917468
15377,1,8.5847845,0.75566983
85719,1,8.169951,-0.027449155
86674,1,8.636633,0.78129566
97210,0,-3.4950879,-8.8300495
113230,4,-4.353413,4.138711
188750,4,-4.1527843,3.857786
89065,4,-4.420403,4.121904
167473,2,-4.41691,3.0665371
24381,4,-4.5320206,4.134043
42275,4,-4.5100155,4.232767
15792,4,-4.610345,4.214179
160450,2,-4.294765,2.3770125
114228,0,-3.430935,-7.248429
168106,3,-3.409453,-2.1286297
137476,2,-4.019765,1.9069043
60030,0,-2.9756603,-5.779881
119651,4,-4.5027504,4.2205215
81933,3,-2.7342079,-1.308147
178426,3,-2.936541,-0.9796667
26827,0,-2.9259236,-7.3039327
176953,2,-3.819461,2.6335278
12913,2,-4.424604,2.552017
96611,3,-2.3552594,-3.1159968
43305,1,8.253383,-0.25940216
41241,0,-3.5171402,-7.2620873
127870,3,-2.6015363,-2.1235533
41630,1,8.451714,-0.032696575
86278,1,8.8820505,1.207543
152595,4,-4.2578225,4.021048
80832,4,-4.412722,3.7339
82967,4,-4.467795,3.8616874
77243,4,-4.427213,3.8947802
35304,0,-3.8800106,-8.320364
75524,4,-5.226579,3.9164321
9649,1,8.5128355,0.78051627
46433,0,-3.3162436,-7.5479774
39222,4,-5.037958,3.5033374
85419,1,8.284491,0.102523215
187474,3,-2.6175961,-2.7522662
102535,3,-2.6809702,-1.8012983
164801,1,6.3031697,-2.9178138
48438,4,-4.5827804,4.1722417
67634,3,-2.1058662,-3.1843839
77555,3,-2.4723094,-2.604555
46258,0,-3.0863273,-7.6323414
171241,4,-4.3673615,4.126293
106869,2,-4.5321884,2.532574
173218,4,-4.5254116,3.6245368
166031,1,8.048015,0.1712213
123566,2,-3.95569,2.250667
170524,0,-3.5099025,-9.037963
155121,4,-4.645794,4.032139
101179,0,-3.1268613,-7.9519024
101999,1,8.50458,1.2809119
149310,1,8.602515,1.1662222
163535,1,8.8652725,1.0650537
175513,4,-4.55056,3.2720451
15128,1,8.706126,1.1519269
151033,3,-2.6458108,-2.5999079
86513,0,-3.561809,-8.681217
135102,0,-3.0645657,-7.399582
172179,2,-4.7197213,2.6343672
118108,4,-4.475502,3.9586391
73279,1,8.2438,-0.16534588
89722,1,8.046767,0.2187066
172594,2,-4.676426,2.6107311
152227,1,8.181765,0.09479386
105082,4,-4.427144,4.17799
165295,1,8.906289,0.7598095
92217,2,-4.5435724,2.5834696
103253,1,8.877043,0.821912
29816,4,-4.490701,4.055887
22023,1,8.507774,0.36650515
155404,1,8.4548645,0.60045767
92491,2,-4.4861426,3.0522642
126809,2,-4.061521,2.289904
18869,0,-3.5033238,-8.854971
155276,4,-4.052618,3.7371633
8731,4,-4.419319,4.049582
166122,4,-4.598524,4.080131
163396,4,-4.4030185,4.1231375
154441,1,8.474696,1.0691895
9941,4,-4.74198,3.8877587
39770,1,8.534084,1.0357577
8014,1,8.496155,1.363372
4828,3,-2.7595208,-1.0655891
103813,4,-4.36914,4.1163583
42862,0,-3.4910827,-8.4445305
180335,0,-3.4958975,-9.013722
173067,4,-4.583611,4.126027
180047,0,-3.9318874,-8.197661
23432,4,-4.3846917,4.116123
181958,4,-4.553593,3.6469786
21160,0,-3.363449,-7.5678844
187467,3,-2.5084486,-1.6059667
15296,3,-2.610925,-3.8716316
38228,0,-3.6076424,-9.049043
157293,1,9.007629,1.0502985
118608,4,-4.355,3.6777904
150355,3,-2.6678023,-2.7905526
169309,4,-4.6083264,4.2123713
147944,1,8.275374,0.9651652
23241,3,-2.8365057,-3.8449626
92106,1,8.691351,1.0442145
24033,1,8.079177,0.096943974
104744,4,-4.678919,4.0505633
179489,3,-2.98121,-2.8918993
152669,1,8.560852,0.8911159
181239,0,-3.7246504,-8.244255
189132,1,8.11824,-0.021003796
107388,4,-4.4458895,3.7186706
107843,0,-3.4722638,-9.042117
1680,4,-4.362082,4.128254
83199,1,8.629384,1.1581165
26580,0,-3.3032317,-7.92489
137560,2,-4.1460834,2.3392677
158091,2,-4.5121627,3.161077
100094,0,-3.7762668,-8.65259
14218,1,8.862264,1.376805
114953,4,-4.5013413,4.308439
25618,3,-2.266075,-1.7561207
5851,2,-4.213139,2.5940833
160213,1,8.351365,-0.18659028
102990,1,6.415262,-2.939851
174084,4,-4.5498767,4.207364
155986,4,-4.4041266,3.7157922
25598,0,-3.4174688,-8.828439
29548,0,-3.142405,-8.358206
180963,0,-3.3989992,-7.3271976
145133,4,-4.444574,3.8903897
44839,0,-3.4374516,-7.387571
114192,0,-3.4732928,-7.318234
30459,1,8.738453,1.0338868
49214,4,-4.2452106,3.6485343
12989,4,-4.3652897,3.8238413
46077,2,-4.3800445,2.530162
77618,4,-4.2499695,4.0422215
20563,4,-4.656124,3.910492
103117,1,8.432109,1.1116303
26370,0,-3.6209066,-8.968944
167784,4,-5.206598,3.8098824
119781,1,8.137033,-0.016839419
185050,1,8.526488,1.038465
29585,0,-2.9221768,-7.2981834
49878,2,-4.3961573,3.1592264
27471,2,-4.4154487,2.3270028
82748,1,8.1072,-0.0459185
168381,2,-4.5714703,2.316141
145540,4,-4.2296567,3.303848
147984,3,-2.5875065,-2.3916836
9363,1,8.322796,1.2310292
92332,0,-3.5275166,-8.588926
37205,1,8.703771,0.85713696
77129,1,8.819442,0.88077575
27410,0,-3.6152995,-8.506917
179944,3,-2.9377549,-2.4542375
161308,1,8.560958,1.3683747
76920,4,-4.3979096,3.7958972
20617,4,-4.3233976,3.7233016
24449,1,8.654768,1.1535543
15011,1,8.570396,0.3798728
111638,4,-4.624452,4.1810765
32721,0,-3.2113967,-7.982755
108628,4,-4.4575753,3.7429109
93617,4,-4.3252015,4.0780916
82948,2,-4.3021364,2.5160465
162892,4,-4.4799085,4.0007463
93916,4,-4.261708,3.1294417
27216,4,-4.4568057,4.127093
187987,0,-3.3319535,-7.8372836
61165,2,-4.3359056,2.1353986
31707,1,8.582463,1.306023
18840,0,-3.7264135,-8.455639
161226,2,-4.4269705,2.740557
152614,1,8.269681,0.15158273
163983,1,8.403357,0.21613477
173159,4,-4.5786004,4.179512
30838,2,-4.5753503,2.376712
41437,1,6.2437477,-2.7371376
10672,1,8.288361,0.99564
120007,3,-2.8590705,-3.3030467
22476,1,5.368656,-5.3412805
104413,1,8.847911,1.3185068
186775,0,-3.180799,-7.417912
193178,4,-4.3733234,3.9901633
9471,4,-4.3329663,3.2544973
11669,1,8.371539,1.2423251
152727,1,8.5061655,1.263296
107702,4,-4.4248405,3.7036247
99128,4,-4.5195236,4.2542443
162378,4,-4.425852,3.882996
105153,2,-4.062492,2.0716834
116222,0,-3.5495546,-8.864982
136376,0,-4.0610056,-6.4238844
185809,2,-4.388551,2.8303823
119385,1,8.064332,-0.14308193
81839,4,-4.3551373,4.0198708
181618,1,8.779326,1.1564791
114684,0,-3.5531983,-7.3103924
15047,4,-4.438959,3.5597668
180448,0,-2.979404,-8.41998
20182,4,-4.6162086,4.083678
86799,4,-4.3262568,3.6624682
180990,0,-3.4116607,-7.2984223
193023,4,-5.017315,3.4579005
169551,3,-2.8108704,-1.6730789
120948,0,-3.3037453,-8.629354
161864,1,8.706537,1.1697278
37711,4,-4.5738897,3.891776
17443,3,-2.5995398,-2.4260497
21476,4,-4.3108735,4.093556
146359,4,-4.2101755,3.6312182
49085,1,7.6027856,-0.34784096
86840,4,-5.072826,3.4555311
38961,1,8.805696,1.2761786
25563,3,-2.9988477,-3.767011
104908,4,-4.537623,4.198008
154712,4,-4.3923755,4.157601
77768,3,-3.7030973,-2.9515686
30768,4,-4.309664,4.0943546
162317,1,8.617847,0.6789374
14397,4,-4.446765,4.007961
108682,4,-4.6009665,4.1263194
102779,4,-4.4467278,4.1112943
187997,0,-3.200336,-7.8399673
8018,1,8.525485,1.4471775
49691,1,8.173344,-0.3073322
109174,1,8.649088,-0.066484734
26751,0,-3.6312356,-9.232583
91579,1,8.261441,0.35172066
29605,3,-2.7884142,-1.9130129
159160,3,-3.3201685,-2.6078105
94355,1,8.83662,1.1525363
92805,2,-4.1797156,2.3480725
105034,4,-4.4340672,4.124081
3863,1,8.24608,0.9058298
90262,4,-4.4797926,3.9933004
164427,1,8.418452,1.0163339
62664,0,-3.946024,-6.6620793
48822,4,-4.3238273,3.836562
93624,2,-4.2983756,2.684926
17860,4,-4.466776,4.0992227
45728,3,-2.5157797,-2.9775121
6069,4,-4.220934,3.8230443
111866,4,-4.760504,4.0972095
50523,1,8.411021,0.15913062
83837,4,-5.2772636,3.4640768
181219,0,-3.4298675,-7.352377
154732,4,-4.163746,4.075452
81606,1,8.396638,-0.14129321
178059,4,-4.4535522,4.173262
15261,1,8.657283,1.3042736
45652,2,-4.135665,2.5132625
181549,4,-4.463692,4.284711
91030,1,8.605331,0.9288613
129572,0,-3.4942536,-6.580581
149791,3,-2.4447725,-2.92496
7968,1,8.544165,0.6430622
45457,1,8.858987,1.1948234
86605,1,8.718672,0.22428176
159340,1,8.797326,1.248782
161291,1,8.916925,1.1351098
162030,1,8.840226,1.4664977
191608,4,-3.9903464,3.4371452
24245,2,-4.611101,2.9236202
181554,4,-4.3715835,4.2326827
37421,0,-3.1663663,-8.320297
5752,4,-4.290544,4.0009904
30533,1,8.564733,-0.10645003
97206,0,-3.673881,-9.279877
93636,1,8.516076,1.3570532
78240,1,8.350511,0.56184
19870,2,-4.497867,2.7052712
13051,4,-4.5965185,3.5363646
175408,4,-4.2480636,3.6197941
174335,4,-4.531946,3.8058212
10881,3,-2.511741,-1.973015
122231,3,-2.4378295,-2.9591851
110660,1,8.033334,-0.35023904
93942,0,-3.6541593,-8.512227
150334,3,-3.4401388,-3.034125
97666,4,-5.055046,3.4167824
89161,4,-4.1926675,3.884401
189032,1,8.597686,1.1045166
159706,2,-4.061941,2.4094129
161925,1,8.78619,1.2911738
167780,4,-5.3308744,3.9168909
60182,0,-3.203577,-6.432509
187043,1,7.9949045,0.069278106
13221,1,8.598637,0.08888076
188866,3,-2.195092,-5.235117
95738,3,-2.813949,-2.9015386
149805,1,8.199282,-0.072801106
103574,2,-4.6546702,2.546299
84437,1,8.756139,1.0794958
103007,2,-4.469327,2.4901838
45940,3,-3.3990784,-3.0430028
88515,1,8.4958105,0.07709638
26162,4,-4.5678563,4.191168
89044,1,8.890851,1.0930985
86188,4,-4.3592854,3.9540515
75066,1,7.851403,0.21344107
18973,1,8.922274,0.8872881
86225,1,8.820136,1.0158054
114708,0,-3.43268,-7.2914014
115497,0,-3.0146804,-7.3515224
149243,2,-4.4084435,3.001677
26222,2,-4.4692783,2.731804
10689,1,6.2049723,-3.952013
149264,1,8.684756,1.3894289
83200,3,-2.7381494,-2.304745
24294,4,-4.483141,3.9486904
11846,3,-2.8782127,-2.2223835
151060,4,-4.3890433,3.8406103
136462,0,-3.509095,-7.165391
158880,2,-4.225184,2.4405527
97549,1,6.003342,-4.2649264
174342,4,-4.370596,3.669752
13893,1,8.515905,0.71695715
156483,1,8.915294,0.87480134
159388,2,-4.29707,2.6241148
29556,0,-3.4967217,-7.2841964
176403,1,8.801169,1.1198506
149314,4,-4.207339,4.125393
169600,3,-2.9411101,-2.8674953
86683,1,8.870529,1.1589096
49850,1,8.516616,-0.30317947
129324,0,-3.1427588,-6.356728
185969,3,-3.2970605,-3.526058
43826,4,-4.3546586,3.6091661
191175,3,-3.4117868,-3.879575
22129,4,-4.6666765,4.031115
171598,4,-4.4302073,3.7552066
149902,1,8.455645,0.67353994
184808,3,-2.67158,-4.0830336
186824,0,-3.2355678,-7.3145046
174782,3,-2.97625,-2.536411
120658,0,-3.2393548,-7.650622
70181,0,-2.9693787,-4.367555
11101,1,8.301058,1.2546978
86864,4,-4.335647,3.787927
52846,1,8.476434,1.1244286
46343,2,-4.61274,2.655166
103344,1,8.6445,0.91380996
175760,1,8.363486,0.07683935
174346,4,-4.4778595,3.6920838
155601,1,8.71872,0.9068671
37510,1,8.306398,-0.016435822
87283,1,8.551804,-0.05332671
41861,0,-3.0296872,-7.136121
175851,4,-4.341169,3.7360034
27908,1,8.604871,1.2712507
163183,1,8.139838,-0.17997895
5838,1,8.866108,1.2995918
180472,0,-3.4690046,-8.473941
105548,4,-4.7239804,4.1042457
23887,2,-4.646081,2.815255
10627,1,8.548363,0.3673812
162452,4,-4.485994,4.0806174
47700,1,5.8754315,-5.069064
74591,1,8.382535,1.4126608
86406,3,-2.80382,-1.0862601
45045,0,-2.9212747,-7.2495747
19948,2,-3.8951263,2.5669289
88171,4,-4.455075,4.1128216
147573,1,8.576105,1.2200731
121703,1,5.920359,-3.9551039
8942,1,8.449646,-0.07641596
96021,4,-4.5231547,4.078696
15032,4,-4.390702,4.0834365
108907,0,-3.4310763,-7.441257
48883,2,-4.3122005,2.4350522
96012,1,8.340387,0.054917283
26465,1,8.678876,1.099141
15869,1,5.545555,-4.793355
1424,4,-4.452362,3.7219052
7896,4,-4.3775835,4.0164156
34529,0,-3.1117334,-8.241591
85917,3,-2.8150027,-1.2382149
149565,4,-4.4083686,3.7810333
182603,1,5.7727103,-3.29203
8523,4,-4.3726106,3.506224
33517,0,-3.1124532,-8.266744
118780,1,8.63647,1.3460208
21323,4,-4.4893,4.2055974
162421,1,8.444174,0.5720925
48662,4,-5.1943846,3.6153388
146813,1,8.533848,0.5990634
41359,0,-3.3672707,-8.553786
171280,2,-4.1277914,2.5006778
166074,4,-4.193472,3.7981873
36737,1,8.3277,1.0813069
37009,0,-3.6502376,-8.464326
166523,2,-4.430721,3.4257739
91999,3,-3.0138695,-3.233497
30917,4,-4.6456513,4.259596
23328,2,-4.490464,2.894598
65343,0,-3.1979594,-7.0443606
31323,2,-4.341047,3.2970362
51541,1,8.773775,1.1381195
154844,2,-4.4574227,2.4031487
148060,2,-4.257223,2.2543106
101560,2,-4.437343,2.5297787
163022,2,-4.3355165,2.4814055
20815,1,8.659145,1.228123
107979,4,-4.4103217,3.6827338
33952,1,8.572516,-0.31554666
36105,1,5.7862196,-4.9702578
20958,2,-4.526372,3.4601583
83051,1,8.79652,1.1458896
8763,1,8.459046,1.0448928
97703,1,8.6575165,1.0461242
74981,3,-3.0114565,-3.0315223
142779,2,-4.255734,2.2037232
95891,2,-4.316207,2.5600016
7958,4,-4.239841,3.4394712
146417,4,-3.7345943,3.572448
151026,3,-2.686546,-1.4669328
156596,2,-4.194873,2.3620842
31331,4,-4.4149013,3.6203153
107054,2,-4.3188405,3.3844736
182077,0,-3.292131,-7.246873
85203,4,-4.277505,3.7825353
116383,4,-4.684652,3.955499
183522,0,-3.309183,-7.2524343
2455,1,8.702365,1.0053957
49537,4,-4.421334,4.0423894
37430,0,-3.0852196,-6.962391
161293,1,8.919349,1.1233617
18098,2,-4.3691535,2.5330722
60667,2,-4.059655,3.1434581
44230,0,-3.2666829,-7.9553394
101992,4,-4.332712,3.92996
43695,0,-3.2158906,-8.107218
166119,1,8.291732,0.37309882
71831,1,8.353287,-0.22538036
149410,1,8.874799,1.12338
108785,2,-4.6600685,2.5892427
48132,2,-4.424027,2.6636863
87186,1,8.930321,1.0276934
169519,2,-4.4244146,2.8536563
148960,1,8.620362,1.3129872
159333,1,8.796942,1.2250085
80208,4,-4.1342072,3.5427592
6053,1,8.733264,1.138184
167959,4,-4.4030757,3.6289136
39819,4,-4.5952325,4.298313
83881,1,8.639425,1.1300975
145155,4,-4.565182,3.828543
23400,1,6.3771267,-1.849062
179349,3,-3.3196485,-4.053142
158887,4,-4.480844,3.626861
146645,3,-2.9393017,-3.0429068
154398,1,8.173382,0.20722218
78145,1,8.463456,1.4646549
97592,1,8.802954,1.0195541
190656,1,8.507389,1.5139072
88564,4,-4.5940676,3.9429135
743,4,-4.3413153,3.8486512
149402,1,8.890323,1.3740673
88787,4,-4.3607836,3.8691134
165779,4,-4.4976783,4.0567603
80931,1,8.178559,-0.011872574
32199,1,8.396543,0.6131573
3830,1,8.938526,0.9465317
104477,2,-4.463624,2.4895978
81626,1,8.208745,-0.09018608
151326,3,-2.4335907,-2.2073393
20676,1,8.39266,1.0281811
92000,3,-3.2114923,-3.934526
188765,2,-4.165974,2.4652824
79975,3,-2.6105304,-1.3201325
25919,0,-3.4323494,-8.72496
115624,4,-4.378435,3.7584496
81307,2,-4.1905937,2.3282142
35214,4,-4.447078,3.7899904
14550,1,8.897497,1.2336333
32179,1,8.732041,1.182061
103896,4,-4.516836,4.1624684
7146,2,-4.63301,3.3936286
8346,4,-4.371682,3.491105
166346,1,8.55942,1.0118268
15142,3,-2.7853901,-2.1422987
81540,1,9.010374,0.9410513
36460,0,-3.5160968,-7.4478335
156008,2,-4.411282,2.584402
79608,1,8.079456,0.15458925
40749,4,-4.5073924,3.9844146
30931,4,-4.5440717,3.783788
156730,4,-4.539481,3.7452087
97523,0,-3.7565417,-8.629863
83158,1,8.637163,0.753763
131190,0,-4.2715025,-7.0595765
102809,4,-4.376692,4.0145936
166125,4,-4.4257693,4.158741
87021,1,8.644049,0.9366089
141062,4,-4.3633776,4.11609
11781,1,8.796816,1.2134364
113678,4,-4.296427,4.028498
72935,3,-2.6529927,-1.954908
80929,1,8.507403,1.1287308
7611,1,8.233623,0.24404408
9407,3,-2.4950778,-2.7887015
27411,0,-3.8624241,-8.256938
117314,4,-4.529941,3.725277
155141,4,-4.5035906,3.899078
99854,0,-3.5452328,-7.361161
90923,0,-3.622084,-8.531642
94292,1,8.714105,0.84475446
80992,1,8.764604,1.1722927
154702,4,-4.431964,4.2170515
14794,1,8.463312,0.27929798
155992,2,-4.405969,2.4619946
36001,1,5.8951535,-5.1572104
123450,4,-4.4909205,3.8056126
84018,1,8.296622,-0.288778
177098,3,-2.7627084,-3.2544289
22883,4,-4.5547123,4.2101073
105069,2,-4.447721,2.5718832
10439,3,-2.2524672,-3.0474405
112281,0,-3.6333308,-7.0943375
184746,0,-2.6937144,-4.8508697
181119,2,-4.337618,2.635634
152351,2,-4.430453,2.3473017
29007,0,-3.5549855,-7.5364623
21477,4,-4.3264065,4.2497334
8258,3,-2.7455943,-2.2375405
17411,0,-3.1154554,-7.262328
86635,1,8.545319,0.20643346
13278,1,8.455546,0.23381418
68684,1,8.508257,1.0119851
80698,1,8.591403,0.4502
149670,4,-4.4002266,3.9176395
49866,1,8.672056,0.9931748
119918,3,-2.849709,-2.1204374
185495,4,-4.185806,3.63919
11981,4,-4.5034213,4.1826215
181741,3,-2.2484853,-3.2116756
190776,2,-4.4097166,2.7936356
7954,1,8.0295515,0.24434407
110864,4,-4.52683,3.9391851
185344,1,6.1387506,-3.8568559
187806,0,-3.7046163,-8.523306
87585,2,-4.449117,2.4949496
160214,1,8.808799,1.2050815
111663,3,-2.8050835,-2.5909953
96151,4,-5.180676,3.7578046
168373,1,8.317516,0.39732653
108658,1,8.691515,0.8788925
83694,1,8.45618,0.015038134
113207,1,8.083952,0.2674629
151512,1,8.784258,0.6246451
62249,0,-3.354509,-6.516569
38920,1,8.665601,1.1993057
89214,2,-4.227557,2.3187437
17007,2,-4.561505,2.4202802
160222,1,8.7593155,1.0819254
93372,2,-4.4009867,2.6070902
180765,0,-3.6417227,-8.75923
187468,3,-2.66674,-4.0259123
36096,1,6.2081695,-4.967002
108777,4,-4.620608,4.1581087
79841,1,8.3032,1.1265242
34606,0,-3.4149387,-8.892708
179181,0,-3.6643858,-8.622889
38944,1,8.261446,-0.040120304
29455,1,8.598852,1.3747473
81618,2,-4.315721,2.8914673
155132,4,-4.4190407,4.2307086
176981,4,-4.5312905,3.831321
94296,1,8.841701,1.1608806
14498,4,-4.4420695,3.8594818
48775,1,8.450452,-0.14831235
27087,0,-3.3096259,-7.57734
153300,4,-4.4735904,4.008789
159078,1,8.682411,1.2348543
25152,2,-4.3926415,3.3160806
92510,3,-2.620953,-1.734457
77326,4,-4.4289393,4.068608
21192,0,-3.3837216,-7.504749
79690,3,-2.7088907,-1.4534707
91164,1,8.269163,0.026781114
102795,4,-4.1539903,3.695027
100829,4,-4.4595394,3.7940304
182236,2,-4.256276,3.017064
150922,4,-4.4065504,3.6709514
62322,0,-3.3206873,-6.39218
5881,1,8.823084,1.1093098
161042,2,-4.406559,2.5246994
15576,1,8.474189,0.30959854
51667,1,5.938236,-3.3188329
147720,1,8.773714,0.3335966
151952,4,-4.3196015,4.0028405
34846,2,-4.353607,3.0099227
106878,1,5.611102,-4.3609886
59419,0,-3.756299,-6.67468
53956,3,-3.1151023,-2.7501407
24861,1,8.405694,1.3324639
73290,1,8.78885,1.0801919
110862,2,-4.2744956,2.4502184
36636,0,-3.6860232,-8.178095
164538,4,-4.021319,3.6673965
42295,4,-4.43872,4.0279455
24234,3,-2.7882764,-2.6490328
16287,4,-4.3420753,3.4697702
181234,0,-3.542724,-8.488861
8409,1,8.01828,0.099738635
77397,4,-4.0059977,3.5566678
159355,1,8.791072,1.2647971
20772,0,-3.1301184,-7.033656
9352,4,-4.3072696,3.6071622
104490,4,-4.5593314,4.105705
162475,1,8.631932,1.1134875
149494,4,-4.338272,3.9429626
93330,4,-4.3577085,3.8761408
175582,4,-4.4342594,3.69034
161309,1,8.377284,0.16578257
176375,2,-4.409412,2.6714764
147970,4,-4.296026,3.6670291
101665,4,-4.4501343,4.17457
154736,4,-4.1850667,4.06216
100461,2,-4.325746,2.5892146
86702,1,8.8465,1.2930452
107039,4,-4.676234,4.2167373
180365,0,-3.4955354,-8.558925
49223,4,-4.397226,4.16713
32713,0,-3.113736,-8.182256
79915,2,-4.048541,2.6094205
83026,1,8.876875,1.1339415
11878,2,-4.6661935,3.1889765
15647,1,5.194465,-4.3108172
94762,1,8.308052,0.17932987
32041,4,-5.222881,3.9528637
83230,4,-4.5270643,4.083311
50053,2,-4.063413,2.3567946
1946,0,-3.2526994,-6.5616713
5627,1,5.3218064,-4.6800785
75239,2,-4.1739106,2.6384468
178055,1,8.522633,1.3042642
8691,1,8.788434,0.3203409
92140,1,8.606823,1.3123716
33103,0,-3.7409801,-8.722385
16406,4,-4.449617,3.4964318
90753,1,8.789889,1.1678934
156215,1,8.857205,1.1672074
78182,4,-4.355966,3.4891026
62434,0,-3.3745632,-6.5069475
107502,4,-4.282049,3.7153783
118065,3,-2.5190287,-4.6386914
42670,1,8.1693945,-0.26204738
82123,4,-4.5858817,3.9874048
102744,4,-4.5889983,4.1934752
113814,2,-4.5584435,3.2071903
24198,3,-2.8562717,-3.2381399
38503,4,-4.5220523,3.72431
174141,2,-4.6175437,2.610937
147646,4,-4.4440613,3.988009
12832,2,-4.3539515,2.6689034
9106,3,-2.6555007,-1.5269526
153738,1,8.942874,1.0511113
147004,1,8.96206,0.9207154
27300,4,-4.438905,3.7973018
141693,3,-2.7874713,-4.3229213
176886,4,-4.5235114,4.055138
49043,4,-4.4964514,4.2042546
142595,4,-3.9823565,3.7765727
48914,2,-4.1270123,2.2260668
17901,0,-3.0606549,-7.29621
44524,0,-3.4074295,-7.391878
144805,3,-2.6488173,-1.7220142
109289,4,-4.2917166,3.8355708
5934,1,8.491018,-0.23118502
180922,2,-4.56954,3.0057223
181940,2,-4.6149774,2.7756517
88626,0,-3.2789187,-8.439422
113120,0,-3.7735214,-8.341963
149324,1,8.553604,1.3222728
25181,0,-3.2865922,-8.623263
43720,0,-3.0272186,-7.1463995
128886,0,-3.9325044,-6.479665
187581,0,-3.63352,-8.551417
3063,2,-4.3311954,2.4621499
103828,4,-4.2896986,4.019468
104689,4,-4.3341565,4.083511
16258,1,8.552316,1.4394293
109766,0,-3.6024199,-8.673477
111902,2,-4.525746,3.2489507
45318,0,-3.477548,-8.202822
118,4,-4.1949263,3.4790747
168432,1,8.370257,1.1758404
97199,0,-3.8297749,-8.995387
97632,1,8.662487,1.3613915
150706,1,8.385312,0.3786004
156101,1,8.231891,0.53129643
26192,3,-2.8292072,-3.211358
181901,4,-4.2640104,3.9631977
31852,1,8.39302,-0.1835351
152308,1,8.337049,-0.120910585
180343,0,-3.4345262,-8.885163
92014,0,-3.2716706,-8.417267
38041,4,-4.6250377,3.6987813
45531,3,-2.7564685,-3.2894194
149527,2,-4.1557765,2.3356814
86214,1,8.512012,-0.04841687
189636,1,8.340189,-0.059179313
149265,1,8.329209,-0.0053904136
153656,4,-4.321392,3.7576058
90662,1,8.9650755,0.84667593
165774,3,-2.7826672,-3.8825562
38956,4,-4.3929157,3.9305165
111496,2,-4.4908013,2.5005693
79309,3,-2.4393346,-1.8817283
158764,4,-4.3430977,4.014647
189928,4,-4.5519304,4.2116723
41974,4,-4.41032,3.9948778
13599,2,-4.2423816,2.8393867
39627,1,8.6339655,1.2144134
23962,1,8.467051,0.7757844
61212,4,-3.8438432,3.0370512
106239,4,-4.4723997,4.1681776
89801,4,-4.4576635,4.0328298
85460,2,-4.5026517,3.0903802
171212,2,-4.1037045,2.5799716
89985,1,8.513456,0.03335928
95329,1,8.558832,0.05025756
91337,1,8.286657,-0.052537143
89037,1,8.619815,1.0351641
113743,2,-4.2276044,2.8849998
89645,1,8.749236,1.0007166
24341,1,8.446125,0.88304526
83748,1,8.798057,1.2338805
187321,4,-4.5454125,4.1054773
27218,4,-4.3541503,3.8145835
181807,4,-4.4043484,4.1829815
168296,4,-4.392382,3.9913316
91245,1,4.760865,-4.981571
37784,0,-3.4735773,-7.462243
115940,1,8.430288,0.36768374
163191,4,-4.3724837,3.8330705
14051,2,-4.585734,3.4195778
182720,3,-2.7709298,-2.1178262
62557,0,-3.273858,-6.44923
107398,4,-4.4109955,3.7980735
108931,0,-3.7801511,-8.7729645
188292,4,-4.1760187,3.3101597
187190,0,-3.680653,-8.651712
105948,2,-4.400176,2.7058275
191035,2,-4.0945435,2.4502954
185071,1,8.182276,0.31704798
113701,4,-4.2748103,3.7072124
160091,2,-4.4238224,3.196898
6237,3,-2.5131733,-2.307298
29929,0,-3.23811,-7.746184
1792,4,-4.511404,3.8334599
148257,4,-4.25276,4.0456147
18997,1,8.822548,0.43361515
166365,2,-4.364104,2.2698753
93663,3,-2.763979,-2.4413075
79717,3,-2.7632253,-2.1700401
97883,0,-3.7034066,-8.6955
17435,0,-3.6380832,-8.550188
150522,3,-2.4803426,-2.7581592
48458,2,-4.3623805,2.4769664
64240,0,-3.2071085,-6.684376
50933,2,-4.285658,2.3624387
40980,1,6.4863257,-3.4386172
50095,4,-4.384512,3.708071
186492,1,8.562054,-0.006621566
160428,2,-4.492812,2.5773942
181766,0,-3.569945,-8.492084
192381,3,-2.5896802,-4.4238777
174629,4,-4.3822417,4.147375
180385,0,-3.7073925,-8.513131
44956,1,5.9468307,-5.2033534
3924,1,8.782314,0.6926442
183005,0,-3.4527822,-7.5582914
80105,1,8.815801,1.0803335
32409,4,-4.502673,4.001838
154029,3,-2.642023,-1.109152
5241,2,-4.384811,2.6011043
77457,4,-4.3989406,3.9862616
13775,1,6.2126064,-3.3665702
104518,4,-4.4997597,4.243474
20467,0,-3.2390459,-8.15721
89017,1,8.713456,1.0174329
187399,1,8.725513,0.8039241
15911,1,6.653175,-1.6933618
32716,0,-3.8164606,-8.478026
38906,4,-5.3614106,3.9235415
178095,4,-4.4352913,4.240951
167948,1,8.688232,0.8188435
182351,0,-3.6600525,-9.114409
136851,3,-2.3269005,-3.8421052
109919,0,-3.5050735,-7.5631447
17113,0,-3.5263798,-7.5152826
82702,1,8.6888895,1.1688689
17432,0,-2.994371,-8.369835
40341,1,8.858318,1.1837428
162042,1,8.653447,1.1010319
143912,1,8.796,1.2843703
4868,3,-2.5970576,-1.241448
10355,2,-4.485748,3.0864885
107751,4,-4.4903793,3.4244971
153888,2,-4.1205387,2.3222668
28910,2,-4.62304,2.7498827
174071,2,-4.762538,3.241622
43407,4,-4.6304893,3.968608
161948,1,8.944562,1.1581615
26403,2,-4.2115602,2.8505545
64203,0,-4.0468307,-6.9256463
186757,0,-3.6868455,-9.052019
40466,2,-4.3517437,2.7561986
112984,1,8.343768,0.4636179
168440,2,-4.1774907,2.953994
91250,0,-3.1819296,-8.399632
85745,1,8.124439,-0.025024999
154704,4,-4.4411902,4.1400456
163672,1,5.385781,-4.5181646
61764,2,-4.363647,2.1227682
20762,0,-3.613816,-7.0527945
30002,0,-3.6975057,-8.610926
105843,1,8.65902,1.1715122
180540,2,-4.4568443,2.535452
187179,0,-3.6454837,-8.477734
20166,1,8.396858,0.08996268
154888,2,-4.2966256,2.36911
13317,1,8.355978,-0.073372655
3589,1,8.581497,1.0250468
87625,4,-4.5304227,4.21201
190694,1,8.734252,0.37493694
33102,0,-3.3549044,-7.3804307
83850,2,-5.0312095,2.1809156
190832,3,-2.493485,-3.5049706
120482,3,-2.7536228,-3.8572893
159912,1,9.00133,1.2727164
101093,0,-3.337968,-7.6520367
116477,1,8.009655,0.2626403
36714,1,8.195425,0.07740397
95867,1,8.288932,1.2089626
154084,1,8.403727,0.5132681
97791,4,-4.486335,4.150855
83228,4,-4.4676113,3.9604428
1477,1,8.760862,1.1690252
157274,1,8.852964,0.7560164
91272,1,8.695244,1.1024489
79502,3,-2.931165,-2.3050094
176421,1,8.668539,1.2483376
49234,4,-4.3407774,3.797193
161096,1,8.70954,1.3598433
24370,4,-4.6160035,4.1911464
10411,4,-4.1253877,3.6123526
92593,1,8.2758665,0.1590487
116047,0,-3.521117,-7.645572
181232,0,-3.7433455,-8.535717
8854,1,8.44153,0.06968601
97702,4,-4.38993,4.228815
167804,2,-4.739207,3.2826195
38726,0,-3.50425,-9.020054
169784,2,-4.7587085,2.8588688
35795,0,-3.0524333,-8.068521
189588,1,8.70586,0.88201374
49604,4,-4.4895797,4.1447687
13988,1,8.572902,-0.24771826
13508,2,-4.1129956,2.4937384
61318,2,-4.2521214,1.8792851
15198,2,-4.589235,3.1174269
110282,1,8.581948,-0.1268178
41903,0,-3.1797378,-8.331852
101097,0,-3.4432697,-8.751349
191374,1,8.02449,0.09513312
100621,0,-3.4612427,-7.656161
180117,4,-4.0176096,3.5028963
116069,0,-3.155672,-7.2713847
83791,1,8.845568,0.9984118
1494,3,-2.6376715,-1.3156806
24314,3,-3.0028446,-2.0329847
59898,0,-2.8380435,-6.3893943
49737,2,-4.536138,2.5578635
23448,1,8.957536,0.8722502
99493,0,-3.3299875,-7.768837
98966,3,-2.8772218,-1.3973029
162398,2,-4.3687296,2.8782442
40023,1,6.2421937,-5.0892835
84361,1,8.369553,0.20447712
112838,0,-3.1648073,-8.29707
100908,0,-3.1473236,-7.239848
167591,1,8.26204,-0.091559805
15037,2,-4.2479086,2.4339037
182129,0,-3.6814554,-8.437787
74971,2,-3.9996066,2.5227075
114800,4,-4.2930684,3.7989042
105677,4,-3.7996027,3.2920628
81747,2,-4.414398,2.9030976
79395,3,-2.6596475,-1.2054502
120010,3,-2.8386772,-3.8457534
109668,0,-3.456073,-8.862576
160805,1,8.736176,0.91699153
149746,3,-2.5721893,-2.031827
60102,1,8.311589,0.90934986
24292,3,-2.6719272,-2.7553117
46639,1,5.165718,-5.308539
47045,0,-2.8147757,-4.7267966
104558,4,-4.4158263,3.8375793
47741,1,6.1783643,-4.57277
23661,1,6.544238,-2.1125128
9144,1,8.722029,1.237173
40444,4,-4.4333086,4.1641183
49625,4,-3.9478242,3.7242615
79725,1,8.646999,1.4622864
146416,1,8.581222,0.15676625
12502,2,-4.5352354,2.6718836
8023,1,8.485016,0.61072195
102822,2,-4.4142394,2.7447536
161140,4,-4.393596,4.004254
118837,3,-2.5136178,-2.688324
34190,1,8.763507,1.081788
5128,1,8.734691,0.63613355
21631,1,8.822919,0.99354297
122785,3,-3.1925464,-3.9846015
184848,1,8.472567,1.2315826
98589,0,-3.1248229,-7.0213966
181235,0,-3.4407692,-7.2945347
67604,3,-2.3451009,-2.682668
123459,3,-2.8644502,-2.3127043
137636,4,-4.439615,3.7964005
186529,4,-4.365324,3.7237923
16348,3,-2.892409,-1.1017362
39,4,-4.388642,4.0702386
8514,4,-4.534328,3.775804
86429,2,-4.3656216,2.295234
14955,2,-4.6979027,3.236619
94074,1,8.545255,-0.1127027
91977,1,8.26496,0.1468869
161503,1,8.701632,1.0704211
18780,0,-3.654268,-8.325186
77573,3,-2.51757,-2.6189902
175384,4,-4.548564,4.074252
90702,1,8.895335,0.8592838
82061,4,-4.3529487,4.387393
69859,1,8.60237,1.1501998
79350,1,8.433949,1.3726878
11314,1,8.164477,0.27777496
74469,1,6.031034,-3.303414
97141,0,-3.6651082,-8.831174
20575,1,8.740929,1.4408573
92236,1,8.598849,1.3811431
166021,2,-4.2747064,2.225635
29408,0,-3.4417045,-7.6374173
70505,3,-2.814325,-1.233314
105699,4,-4.476418,4.2933054
91355,3,-2.745503,-2.1420634
166450,1,8.414685,0.6804625
187342,4,-4.4304976,4.0891895
21001,1,8.331326,0.7277507
45872,4,-4.5312533,3.974803
155135,4,-4.565961,3.9920702
19159,1,8.793942,1.207207
111564,4,-4.4262466,3.494639
166028,4,-4.297786,3.8552685
127951,4,-4.142254,3.4797952
86426,3,-2.673123,-3.102648
26295,4,-4.3479567,3.7200863
83896,4,-3.9922247,3.9302952
29570,2,-4.475655,2.6146884
160186,4,-4.605516,4.059538
98207,4,-4.332251,4.032339
160584,1,8.405757,0.06994327
6383,1,8.627591,0.7926541
84415,1,8.723611,0.9914054
97131,0,-3.726929,-8.93824
22832,0,-3.0920963,-7.293607
25959,0,-3.5654316,-8.850477
31689,1,8.716336,1.0595533
137192,3,-2.879798,-2.3897283
81742,1,8.215951,-0.052969947
83742,1,8.965864,1.104225
175811,1,8.810622,1.0607746
184849,4,-4.3344426,3.73548
111919,2,-4.352021,2.8395724
32672,1,6.007841,-3.8684733
42112,4,-4.402012,3.760456
189764,4,-4.4774895,4.02873
23662,4,-4.605483,4.1353855
39380,4,-4.503758,3.9387395
144055,3,-2.449562,-1.5895675
176200,4,-4.668042,3.7151766
177922,2,-4.496304,2.9837906
151276,2,-4.316453,2.9331176
164407,1,8.706003,1.0072812
187647,3,-2.9647346,-4.8081737
106773,1,5.266919,-4.449014
175007,1,6.052195,-5.3373375
83116,1,8.817462,1.1604053
62500,0,-3.3337088,-6.442769
151099,4,-4.0444236,3.6904125
93618,4,-4.3206387,4.086526
13954,1,8.285436,-0.061144486
29584,0,-2.996487,-7.3222275
61153,4,-4.3082223,3.7561944
121627,2,-4.265933,2.0379698
16969,4,-4.445061,4.3291435
119688,4,-4.2926435,3.8721435
27452,4,-4.4146013,4.0899563
36521,0,-3.7217367,-8.57137
90798,4,-4.1610274,4.032418
101669,4,-4.5499673,4.2346644
59964,0,-2.7685218,-6.0021677
103450,4,-4.4951963,4.325857
18412,4,-4.3116946,3.8761806
148192,2,-4.173499,2.646177
51027,1,5.5265727,-4.0329514
90645,1,8.995653,0.90969765
25620,3,-2.717433,-2.8499904
77595,3,-2.3873613,-2.9937353
19198,2,-4.5331154,2.5052702
108004,1,8.670995,1.3886229
117988,3,-2.566105,-3.1746721
57671,3,-2.6211221,-4.615796
83175,1,6.402595,-2.0928915
160518,1,8.73839,1.0678165
114701,0,-3.1736774,-8.245086
88676,4,-4.491505,3.6655712
181578,4,-4.464048,4.2441735
155625,1,8.693098,1.3265481
51759,3,-2.6314414,-2.3189735
17079,0,-2.9643,-8.349652
72698,4,-4.3935227,4.0869575
101290,2,-4.402659,2.4381511
180333,0,-3.4411802,-8.941891
112961,0,-3.2305393,-8.052123
177777,4,-4.3316717,3.9171395
82269,4,-4.3114367,4.1742687
181496,0,-3.5193036,-8.543352
114433,4,-4.622238,3.369459
15082,3,-2.7412386,-1.2092282
55088,3,-3.1927075,-3.2534466
99792,0,-3.4757135,-7.5415964
174329,1,8.557613,1.4311792
177893,4,-4.565311,3.9870644
91852,2,-4.265588,3.0037436
111974,0,-3.4657464,-7.3784575
113337,3,-3.1339328,-3.7467272
151499,4,-4.440618,3.804711
17136,4,-4.1563973,3.7092752
24215,2,-5.143929,3.1116972
96165,3,-3.4764428,-1.0805895
157997,4,-4.352516,4.0720844
81402,2,-4.2205253,2.9157002
44790,0,-3.4285195,-8.793861
123518,4,-4.3853397,4.003204
163044,1,8.341985,-0.31046268
160046,3,-2.5690427,-2.4480088
81593,1,8.879259,0.9329103
171613,4,-4.169052,3.9848278
177671,1,8.522278,1.0631683
29289,1,8.502494,-0.20556445
107783,2,-4.157354,2.460972
100755,0,-3.2318547,-8.098116
91834,2,-4.353557,2.725652
36449,0,-3.2401617,-7.6037536
147669,2,-3.8760364,1.9524305
96205,4,-4.6863575,3.840005
146566,4,-4.241671,3.9630668
117105,4,-4.348017,4.0688415
9246,3,-3.029285,-1.5774287
25217,1,8.870643,1.2756665
75344,2,-3.4701383,2.0623693
77380,2,-4.3345017,2.359106
16191,2,-4.6244273,3.15202
95288,2,-4.348118,2.6725578
16164,4,-4.4905396,3.6905267
161159,4,-4.444074,4.006088
143925,4,-3.9856749,4.1369534
152726,1,8.512489,1.2291628
102157,1,8.613184,1.1642342
189907,1,8.347106,-0.06885482
43170,1,6.1433015,-5.2245255
90258,4,-4.5667243,4.029934
37125,4,-5.178943,3.9633014
150093,2,-4.0313673,2.4482818
22641,4,-4.392689,3.637813
149515,4,-4.3753114,3.8762536
176467,1,8.230993,0.036128595
176901,4,-4.7116084,4.2236876
86328,2,-4.513936,3.1489942
88508,1,8.508766,0.8781263
163368,4,-4.4033747,4.171901
166571,4,-4.562751,3.8338878
159790,4,-4.4949718,4.109493
167559,4,-4.4318027,4.0447526
149152,1,7.9482594,-0.027964814
95306,2,-5.0417786,2.475517
106462,2,-4.221576,3.1664276
114237,0,-3.6838644,-8.428264
173325,1,8.362738,-0.1437019
174025,2,-4.590208,2.562404
87276,1,9.036842,1.0324433
23880,2,-4.5463824,2.7298365
154734,3,-2.704601,-1.6864086
103078,1,8.511405,0.9902844
2346,4,-4.2567563,4.131661
21801,0,-3.0867345,-8.251359
21358,4,-4.3949685,4.221724
178363,3,-2.811822,-2.6727724
97323,4,-4.4088597,3.8142238
118648,2,-4.382424,2.437665
149858,1,8.773839,1.0231608
181960,4,-4.6272426,3.9247882
34208,4,-4.2435255,3.9757385
48853,4,-4.570723,4.0493674
149628,4,-4.3472157,4.0307407
155122,2,-4.3623195,2.3410254
75404,4,-4.2559505,3.9169638
111685,4,-4.5570993,4.141368
21195,0,-3.8147988,-8.446387
5705,1,5.496299,-5.001596
84710,2,-4.3397207,2.3585587
79679,3,-2.870716,-2.3973973
148051,1,8.444155,1.0038965
148981,1,7.87716,0.68719095
12997,1,8.700893,0.85833526
163,4,-4.3942976,3.8986268
44750,0,-3.5769873,-7.277429
8645,4,-4.5144815,3.771722
42052,4,-4.524903,3.9897325
85263,4,-4.4447713,3.4752276
27915,1,8.733016,1.2493712
116075,0,-3.4030933,-7.4221125
42863,3,-3.0282187,-3.331861
85849,4,-4.229672,3.3415737
7337,4,-4.282198,3.627034
8504,4,-4.3539553,3.317718
178609,1,8.699658,0.34670308
191235,1,8.195387,0.49157038
137465,1,8.48578,0.9398003
161900,1,8.78233,1.2323726
174630,4,-4.232556,3.920006
92346,4,-5.24738,4.054948
15920,1,8.725273,0.9587139
93478,1,8.464002,1.1392782
96946,4,-4.4095063,4.1647387
175272,4,-4.6755223,3.9948962
11714,2,-4.458183,2.6694162
11790,1,8.6425,0.6111019
190109,1,8.508395,1.3010331
173078,4,-4.4177227,3.5719802
81584,3,-2.62713,-4.295024
93672,1,8.621844,-0.06656972
108021,4,-4.291071,3.6087132
105574,4,-4.497454,4.0030313
187018,1,8.532506,-0.3635807
85873,2,-4.3914914,2.3670173
180598,4,-4.4832563,4.0995474
97138,3,-2.692831,-2.9250317
11891,2,-4.446916,3.0613248
95516,4,-4.5805745,3.8292594
174939,4,-4.5157075,3.8244677
183227,4,-4.3183727,3.9759877
160137,1,8.572404,1.3892305
96948,4,-4.4334984,4.20449
109387,1,8.690915,1.135416
49569,4,-4.058574,3.5804162
72605,2,-4.016029,2.2250643
60395,0,-3.2672994,-6.419229
87418,2,-4.430919,2.7255836
176176,1,7.4682527,-0.6560421
26426,4,-4.403118,3.7956114
92156,1,8.604948,1.4699373
51536,1,8.8432665,1.0105886
88926,4,-4.3829584,3.809892
156457,4,-4.1092167,3.945651
9195,1,8.423801,-0.19959508
121616,1,8.496827,1.1908326
25814,3,-2.946202,-3.7540784
18378,1,8.322524,0.44676694
79098,2,-4.228246,2.4726832
56831,0,-3.032826,-5.7652016
95309,4,-5.0640225,3.7137778
19032,1,8.736473,1.1291333
75177,1,8.788714,0.9538996
91676,2,-4.2125344,2.4703348
79713,2,-4.3942904,2.4497836
87408,1,8.754462,1.186897
26278,4,-4.4757853,4.2155495
7325,2,-4.472824,2.460097
153576,1,8.654136,1.6342914
148204,1,8.550685,0.86921376
161432,1,8.720922,1.1941049
41858,0,-3.0215406,-7.4804254
60580,4,-4.2941413,3.632048
119468,4,-3.5719132,3.3096085
95707,3,-2.7974515,-2.7450926
112748,4,-4.169275,3.510435
18674,1,8.216212,0.06675665
152268,1,8.93167,1.2104162
15485,4,-4.31118,4.1969404
152310,2,-4.265814,2.1484807
7925,1,8.504873,1.007179
173969,3,-2.8741188,-2.8293588
143926,1,8.769448,1.2752426
7841,1,8.229952,-0.1597669
73325,4,-4.252821,3.9701588
107766,1,8.285918,0.1690207
86001,2,-4.147051,2.3646965
58025,3,-2.8526454,-2.4771311
112843,4,-4.2507753,3.44474
193154,2,-4.1312423,2.367577
93673,1,8.522378,0.011991068
172025,4,-4.51831,4.3387723
100533,0,-3.4468718,-7.612462
142935,3,-2.374365,-4.573989
81594,1,8.87325,0.9603183
98817,2,-4.6864557,3.0019615
147538,1,8.555145,1.0620763
48025,2,-3.9340477,2.0977967
83473,4,-4.4836245,4.202946
36685,1,8.676787,1.1682943
167285,1,8.783267,1.2653966
45382,3,-2.8227377,-4.612486
82023,2,-4.4049644,2.451503
16339,1,8.461004,1.2019275
90148,1,8.08352,0.21428595
7865,1,8.604521,1.0923681
95431,1,8.467737,0.927127
104986,4,-4.473697,4.1607866
176538,0,-3.3204608,-8.436866
169229,4,-4.4586062,3.9788213
189558,1,8.70165,1.1895535
172192,1,5.6931486,-4.67168
170913,4,-4.5749135,4.00803
32720,0,-3.2350652,-7.9913497
44207,0,-2.9538357,-7.176286
182240,4,-4.068286,3.892002
17311,1,5.7359276,-5.2584076
83900,1,8.616147,1.1352088
165831,4,-4.5810466,3.826631
17147,2,-3.8524077,2.6957629
166498,4,-4.348947,3.9678724
157954,4,-3.922644,3.864058
16239,1,8.467175,0.5860787
180740,0,-3.3734994,-8.387275
83653,4,-4.347989,3.8523824
48619,4,-4.494365,4.3154154
32982,4,-4.56979,3.7727923
113712,1,8.793674,0.26126266
82689,3,-2.7617679,-3.652043
21336,4,-4.477389,4.1477623
169224,2,-4.7249084,3.1447184
100666,0,-3.5278978,-7.5278845
84566,4,-4.3519745,4.3010597
13456,1,8.562841,0.364231
91269,1,8.835354,1.2242974
18185,3,-2.933977,-2.8429346
115614,1,8.91073,0.8068553
162265,3,-2.506811,-1.6284751
101954,4,-4.3397813,3.454159
83956,4,-4.5170536,3.8322663
57269,2,-4.0119224,2.3457625
95196,4,-4.5380397,3.9991312
123812,3,-2.9436378,-4.177725
86289,3,-3.0433514,-3.8575802
88361,1,8.417619,-0.2811702
16365,4,-4.6721873,3.9539342
156005,1,8.44473,1.0281163
14287,1,8.41978,0.3255106
50520,4,-4.1051855,3.8806593
80531,1,8.463604,1.1365752
92144,1,8.476485,1.2811104
81092,4,-4.4578314,3.6320438
80020,1,8.007949,0.101379536
90958,1,7.960992,-0.015863609
5847,4,-4.1944485,3.861487
162807,4,-4.6803627,4.0129313
86101,2,-4.2273197,2.4849944
46640,1,5.271444,-5.1622148
86092,1,8.720753,1.3394167
62536,0,-3.3530645,-6.5228987
6064,2,-3.5287402,2.3723874
48800,0,-3.1798704,-8.426039
148127,4,-4.395297,4.001509
129257,0,-2.9021115,-5.828698
82905,1,8.438321,-0.18594365
27973,4,-4.6376057,4.243475
45889,4,-4.627731,4.066714
86304,4,-4.425776,4.103247
30791,1,8.846814,1.2709972
161840,4,-4.4713087,4.0925913
149879,2,-4.046955,2.568926
171783,4,-4.3272405,3.6397693
27369,4,-4.4822206,4.0093355
94814,4,-4.6950626,4.2042894
1209,4,-4.4194064,3.752181
25113,4,-4.658333,3.8969717
38125,2,-4.1408305,2.231291
160351,1,8.779507,0.914615
136700,3,-2.4574027,-4.279474
96872,1,8.708805,0.17214108
99164,4,-4.5054274,4.067675
117396,1,5.9310684,-4.013056
109812,0,-3.274439,-7.2600555
8180,2,-4.2786584,2.5202484
107755,2,-4.396101,2.4723835
181343,4,-4.430102,4.1258173
146803,1,8.516869,0.64662707
61746,4,-4.1383376,3.4463007
187351,4,-4.352073,4.102689
101181,0,-3.7574482,-8.184002
174489,2,-4.411456,2.5429842
168303,1,8.598082,1.5024499
84163,4,-4.36687,4.202369
44512,0,-3.63429,-8.879803
165818,4,-4.4781113,4.0614076
159260,1,8.767796,1.2956719
188727,2,-4.0292,2.4239147
78952,1,8.38259,-0.1571291
85610,2,-4.346209,3.0536554
179738,4,-4.1281724,3.625891
137551,3,-2.8491516,-3.3128808
19951,1,8.411051,0.6394924
34328,1,8.6926,0.83909726
34251,4,-4.4514165,4.1502857
33412,4,-5.002553,3.4561994
98109,4,-4.5829906,3.8546252
84118,4,-3.8881192,3.7807453
99419,4,-4.2932706,3.9934177
103890,2,-4.46066,2.6522722
120580,3,-2.641877,-3.7337284
107505,4,-4.3379784,3.7037823
180918,2,-4.449572,3.0652575
79534,1,5.988244,-2.4037263
15945,1,8.592033,0.7652433
159341,1,8.77891,1.2724229
94447,1,8.640852,1.3167534
83443,2,-4.2223415,2.6530857
15152,4,-4.4264264,3.8239868
163906,1,8.690424,0.7588879
174837,4,-4.488561,4.236295
99696,0,-3.4832118,-8.698617
12613,4,-4.340823,3.7246823
83032,1,8.910607,1.2065206
28024,2,-4.5843496,3.4495363
35765,0,-3.348433,-7.5217633
31279,1,7.8918977,0.62803835
111722,4,-4.4424314,3.887308
23403,4,-4.5947957,3.9973087
87931,1,8.896636,1.0140287
35764,0,-3.2524936,-7.635754
19676,1,8.782029,1.3606563
3828,1,8.604464,-0.1229226
116507,2,-4.040479,2.2924976
118196,4,-4.0090218,3.439086
78225,1,8.502536,1.3364441
106398,2,-4.62928,2.1575837
156904,1,6.0395203,-4.7235656
137130,3,-2.971552,-3.6681864
179203,0,-3.575654,-8.852417
14004,1,8.358554,-0.12545212
62566,0,-3.2346613,-6.4238896
84988,2,-4.3193626,2.2949567
147549,2,-4.119902,2.3368447
97921,0,-3.884209,-8.684707
182762,1,8.332282,-0.071482934
47133,4,-4.27269,3.7875843
185207,4,-4.0779986,3.9187741
112136,4,-4.2562656,3.428092
148278,4,-4.2401414,4.0010424
19012,0,-3.2972212,-7.3854084
105555,4,-4.2424626,4.1226993
79850,1,8.284898,1.178692
156532,4,-4.1244607,3.8743248
18696,1,8.555398,0.3830052
79403,4,-4.3313694,4.0963936
35286,0,-3.765682,-8.712998
17649,3,-2.7678142,-1.1535776
112185,1,7.9558125,0.014803497
60330,0,-3.1702342,-6.600787
121921,1,5.4135027,-4.5296335
115308,4,-4.207219,4.1028466
164154,1,8.821068,0.6907305
153302,1,8.650898,0.15466481
41877,0,-3.0922596,-7.039665
41598,4,-4.8776326,3.1625335
94328,1,8.944201,1.2455294
98014,4,-4.3539724,4.1251206
60201,0,-2.777799,-6.543431
85843,1,8.83515,0.9219288
175150,3,-2.9173539,-2.6617815
150752,3,-2.472376,-1.4681815
104522,4,-4.597937,4.1989646
85613,4,-4.2963767,3.8517542
89341,0,-3.4048913,-7.419389
18888,0,-3.5349257,-8.96469
169252,1,8.78173,1.1383244
39296,4,-4.6210613,4.135876
49498,3,-2.6670327,-2.0682688
7828,1,8.327006,1.4642543
98609,0,-3.446796,-7.501601
156582,2,-4.263204,2.4611173
181249,0,-3.5965338,-8.475304
93648,4,-4.3387036,3.8468711
19398,4,-4.384159,4.1250925
151971,1,8.2426195,-0.25358924
43072,4,-4.417205,4.1766744
52732,1,8.529088,1.3240467
167814,4,-4.6214533,3.4222422
159029,2,-4.133667,2.4912581
38705,1,8.26866,0.11010251
143889,1,8.634919,1.4043106
149451,4,-4.059189,3.721832
28908,2,-4.0447574,2.9508398
48894,4,-4.376817,3.8567026
193035,1,8.34644,1.1940778
83800,1,8.695915,0.9198654
106063,3,-3.0699968,-4.493265
77535,3,-2.5734832,-2.6726344
150291,3,-2.4310226,-2.7979863
165312,1,8.657669,0.30756265
31956,2,-4.4967103,2.966227
25216,1,8.890146,1.259429
10927,1,6.1607366,-3.9132404
21717,1,8.585482,0.9809835
163435,2,-4.3840504,3.0325212
12857,1,8.332283,0.13011
187759,0,-3.4632688,-7.425992
94278,1,8.6860895,0.11181451
181505,0,-3.9295185,-8.255949
91184,4,-4.445184,3.5303175
150714,2,-4.292428,3.1498132
176788,4,-4.488063,4.0561457
92630,1,8.437715,1.252143
102668,1,8.649171,1.2986891
36959,1,6.386605,-5.1597605
95662,3,-2.8452494,-2.8887217
34485,4,-4.4691334,4.2880898
10256,1,8.58966,1.3529925
119395,4,-4.399255,3.8762696
105571,4,-4.690299,3.9450884
92789,4,-4.4002986,4.102719
154683,4,-4.429787,4.0754275
90699,1,8.878443,0.83265465
39855,1,8.709336,1.1724454
87815,4,-4.3681555,3.929115
113970,0,-3.0507615,-7.031902
35588,4,-4.578082,3.5652714
75029,1,8.88805,1.1105087
24907,1,8.511656,1.2081048
80012,3,-2.7766416,-1.8256806
107377,4,-4.570611,3.837522
96869,3,-3.6069033,-3.8574278
150442,3,-2.7458255,-1.2615069
150235,4,-4.448832,4.1901083
5254,1,8.8035345,0.87554705
30531,1,8.560562,1.2271994
22879,2,-4.6064663,2.6408167
26006,1,8.629124,1.259018
111736,4,-4.42393,4.0742183
21467,4,-4.383304,4.244604
95950,2,-4.2375975,2.6197894
136775,2,-3.849687,2.3096344
5376,1,8.716757,0.7843803
159217,4,-4.9156275,3.6997397
14961,1,8.619241,0.20955577
153291,3,-2.8136177,-3.6358948
30122,1,8.519564,0.25176346
21441,4,-4.4580526,4.2056875
72743,1,8.218008,0.11218716
99231,0,-3.290227,-7.6947594
115404,1,8.456856,1.0410223
63862,0,-4.060914,-7.035891
164430,1,8.688102,1.1874775
26063,4,-4.2587214,3.7196848
107910,0,-2.905909,-8.539296
187073,4,-4.169834,3.7568831
20662,1,8.49709,0.54284865
25052,2,-4.875981,3.2713466
55494,2,-3.9738743,2.053603
156134,1,6.327901,-3.017525
85165,1,8.723682,0.8977671
165442,2,-4.1508884,2.5613656
162665,1,8.925449,1.180307
162632,1,8.989839,1.1478899
171510,1,5.59807,-4.9249883
180651,4,-4.4442177,3.8817523
113951,0,-3.239871,-7.1523185
154730,4,-4.1796594,4.0685263
85047,4,-4.521734,4.1844006
168298,1,8.334195,0.2475805
86824,1,8.597988,0.2676433
159393,1,8.907235,1.1229465
148198,4,-4.357141,3.8535864
91716,3,-2.9207613,-3.629386
189671,4,-4.293148,4.088143
11862,1,8.595818,1.042939
147569,1,8.733412,1.1277361
27450,1,8.712433,0.8374275
98334,4,-4.4297853,4.324737
17957,1,8.514392,0.5635114
48787,1,8.740754,1.1256677
70564,2,-4.302198,2.4739149
41576,3,-2.6815872,-2.3990788
60355,0,-3.2195723,-6.415945
186065,1,8.313538,0.5006705
30525,2,-4.3754883,2.5264947
161340,4,-4.4313,4.2638097
114808,1,8.750599,1.0000685
152233,1,8.486906,1.0098133
136442,0,-3.4912279,-7.2762976
153896,2,-4.118887,2.3230953
159297,1,8.6130295,1.0321805
162850,3,-2.2391326,-1.7298234
163918,2,-4.4348745,2.523255
169615,4,-4.615254,3.8339891
62753,0,-3.3431327,-5.525992
75105,1,8.836524,1.1161971
155211,1,8.529715,1.2001331
60690,2,-4.294674,2.2783177
65011,1,6.204319,-3.8917165
18042,1,8.221353,-0.011519108
84558,1,8.566193,1.1696001
181581,4,-4.37694,4.2373576
99225,0,-3.2304213,-7.8161917
151045,4,-4.1660633,3.7705476
44953,1,6.1192975,-5.208697
44520,0,-3.2844043,-7.192502
98615,0,-3.5491066,-7.2513103
152732,4,-4.2233047,3.3488057
150779,2,-3.976645,2.7142107
186743,4,-4.1665564,3.7674363
83924,1,8.555154,0.8565027
144266,4,-4.312202,3.941043
124226,3,-2.80075,-3.0106254
91824,1,7.9944897,0.20593455
81069,1,8.790857,1.0013247
21708,1,8.123828,0.028998334
175324,4,-3.9928622,3.165689
10380,4,-3.617042,3.2814732
179842,2,-4.552449,2.540858
166338,1,8.496079,0.45727476
82840,1,8.38357,0.20189516
107022,4,-4.561927,4.1151724
80855,2,-4.25382,2.4797072
45790,2,-4.4348283,3.3432221
110419,4,-4.488267,4.0941973
151953,4,-4.3514576,4.0249186
104693,4,-4.577297,4.006809
147121,2,-4.0928454,2.9035208
48988,4,-4.4974475,4.165022
51478,4,-4.3833823,4.133389
159414,4,-4.5025053,4.144563
192815,4,-4.3278294,3.8026724
30877,4,-4.4536443,4.078022
94649,4,-4.4056134,4.1176887
17645,3,-2.772835,-1.1479255
19936,1,8.779851,1.3577329
178236,3,-3.0688348,-4.8539724
19427,4,-4.3456793,4.1039987
147786,4,-4.0144434,3.6635635
14430,2,-4.5357785,3.042867
174870,4,-4.211194,3.7598622
156814,4,-4.5914125,4.0210805
176346,2,-4.204662,2.2849538
21791,0,-3.5923848,-8.514035
11978,4,-4.477267,4.1324463
123818,3,-2.897226,-3.0293005
77743,3,-3.5637527,-3.4412308
29542,0,-3.0887892,-6.981286
159546,2,-3.8988323,2.3569205
149703,2,-4.1460896,2.3950512
118823,1,8.390219,0.97791916
156817,1,8.218158,-0.11703658
159923,1,8.983672,1.3194864
46653,1,6.3726897,-5.316546
86005,4,-4.183119,3.649831
25737,4,-4.1121354,3.5090485
159088,1,8.353186,0.8531763
8964,3,-2.7487311,-3.135584
141099,4,-4.3676934,4.055799
114254,0,-3.4097097,-7.7905016
43317,4,-4.567032,4.035354
93112,1,8.562849,1.3042026
42140,2,-4.525659,2.3791158
27366,4,-4.5322165,3.9935772
144215,4,-4.293915,4.0673847
49102,1,8.657309,1.1042091
169868,2,-3.7711632,2.5833201
136460,0,-3.4642477,-7.4798265
173872,4,-4.611394,3.8042805
109885,0,-3.0590363,-7.032514
186387,0,-3.558757,-8.973884
78167,2,-4.3677673,2.2215893
174142,4,-4.643313,3.8943655
147387,1,8.952477,1.1211634
184826,3,-2.746576,-3.5579808
12247,2,-4.50925,2.554279
124224,3,-2.6914527,-3.5881479
24648,3,-2.7480223,-3.7589793
30230,2,-4.6708617,2.2859623
167859,1,6.0378294,-4.256741
177295,4,-4.600784,3.8624055
56,4,-4.2848883,3.8206203
17597,0,-2.815399,-7.31646
150784,2,-4.3698683,3.304399
80126,4,-4.401366,4.0050426
109163,1,8.406324,0.99569947
112876,4,-4.330034,3.8859842
160025,4,-4.392191,4.098878
154202,2,-4.303637,2.8016965
27466,4,-5.349175,3.87621
88671,4,-4.519368,3.7039337
86373,2,-4.4047217,2.6500857
9244,1,8.661567,1.150244
173462,4,-4.6035213,4.2081847
87200,1,8.206995,0.09809556
97191,0,-3.642039,-9.057143
33301,4,-5.134908,3.8080196
161430,3,-2.568448,-2.0644295
87794,3,-2.8507175,-1.2713982
13587,1,8.482963,0.056492202
169766,1,8.628153,0.48510578
159358,1,8.760698,1.3082322
136651,3,-2.17484,-3.042595
166564,2,-4.4359603,3.0307543
35266,0,-3.5977612,-8.8229265
83287,3,-2.6040714,-1.8408831
153609,1,8.140178,-0.066904016
173256,1,8.395388,-0.06332037
185714,2,-4.128417,2.3141966
5150,1,8.82569,1.0348753
160028,1,8.779929,1.2505618
156376,4,-4.497212,4.0204687
26408,4,-4.5532026,4.349939
20077,3,-3.39557,-1.1164173
70303,3,-2.6759083,-1.3474952
127894,2,-3.9332933,2.112076
17410,0,-3.5267932,-7.733839
149147,1,8.687636,0.9390054
169656,4,-4.596709,4.0381775
157727,2,-4.456874,2.4323971
29431,0,-3.396596,-7.541658
9554,1,8.740128,1.1340262
147682,2,-4.12309,2.1369221
89280,2,-4.51483,3.126921
114212,0,-3.4314218,-7.381567
41848,0,-3.529732,-7.083936
97108,0,-3.6214964,-8.901687
15834,1,8.610609,1.1001713
38036,4,-4.601587,3.9698822
33628,1,8.540409,1.3396705
113635,0,-3.5842273,-8.539628
33052,0,-3.34816,-7.9106693
191639,3,-2.4697795,-3.0430574
172581,2,-4.5185905,2.6293366
156009,4,-4.547697,3.9482467
181649,2,-4.141755,2.5090578
97919,0,-3.8022416,-8.590604
90993,1,6.1552777,-2.8894053
162199,1,8.590693,1.384734
167021,1,8.734571,1.2602938
187439,4,-4.391256,4.1786838
11429,1,5.945592,-4.4707255
167202,2,-4.7094254,3.4042723
18625,1,8.641879,0.6231134
165653,1,8.345652,0.001107599
121684,1,5.9277263,-4.6897306
145105,1,8.448688,1.1705003
15649,2,-4.6770277,3.2398736
28850,1,8.404856,0.40583575
113155,0,-3.7243314,-8.8665905
97525,0,-3.8475544,-8.289755
41286,0,-2.9864419,-7.131699
160965,1,7.9475055,-0.19918633
11096,1,8.051847,0.17039715
123688,3,-2.7873552,-3.5769634
107934,0,-3.6262176,-8.853825
40172,0,-3.6682987,-9.052109
93246,0,-3.1465425,-7.7100854
67599,3,-2.4207866,-3.0776594
35918,1,8.809514,1.097157
184911,1,8.351077,1.2056426
51376,1,8.313023,0.18872567
150433,4,-4.3859572,3.7934444
181000,0,-3.370813,-7.2725163
153578,1,8.68881,1.6717242
7863,1,8.59853,1.1973997
147838,4,-4.1093946,3.8319786
124902,4,-4.4904995,3.729442
153178,3,-2.7092211,-1.1630493
161869,1,8.734264,1.3372115
160036,2,-4.527668,2.9936438
22015,2,-4.5171876,2.9495535
161526,2,-4.5111375,2.9235117
84004,2,-4.237509,2.4216435
86068,3,-3.0229526,-2.2291358
181555,4,-4.445794,4.2860227
49424,4,-4.4220343,4.1438885
181227,0,-3.8553448,-8.282993
32149,1,8.608598,1.1452969
88493,1,8.61832,-0.2015052
118650,4,-4.4632597,3.5942063
158726,2,-4.315459,2.5887556
7479,2,-4.2669063,2.4589434
112958,0,-3.5117,-7.401892
19048,2,-3.5556114,1.1493343
188853,4,-4.13057,3.6596508
16962,1,8.761029,0.23880817
113963,0,-2.9943678,-7.193465
119991,3,-2.7288167,-3.6310833
86976,2,-4.3196363,2.493632
29428,0,-3.4139159,-7.6496363
95968,2,-5.1282353,2.4657369
44791,0,-3.418689,-7.3624663
169635,4,-4.5848956,3.9825444
81138,1,8.508127,1.1487849
88608,0,-3.6367798,-8.418858
15193,1,8.692979,1.1112132
182082,0,-3.514255,-7.0099583
165973,1,8.459524,1.3272786
101205,0,-3.6976357,-8.634698
52608,1,7.867722,1.0327469
31560,2,-4.525197,2.5879593
137418,3,-2.8091657,-2.5637748
49162,1,8.5870695,1.0047823
80362,1,8.582239,1.1993653
22613,1,5.624833,-5.120309
183861,0,-3.5239742,-7.2828636
8032,1,8.338675,0.22405599
109285,4,-4.740868,4.1602526
113964,0,-3.3989944,-7.492247
169896,3,-3.151122,-5.0638757
165228,1,8.230304,0.12814789
61242,4,-4.2430267,3.4931936
21821,0,-3.454473,-7.4246607
95982,1,8.214745,1.0842558
24101,4,-4.5865884,4.043675
162249,2,-4.650463,2.7714555
115317,1,8.254404,0.29068327
186231,2,-4.481528,2.7613099
93107,1,8.419815,1.0606232
7946,4,-4.150965,3.4638748
155128,4,-4.554634,4.0487537
183726,1,8.300091,1.0412049
36882,4,-4.109522,3.8811364
167484,4,-4.3323874,3.6817906
160502,1,8.414336,-0.12257386
9924,1,8.552114,1.1561503
110407,4,-4.5985146,4.2284207
10083,1,5.6256266,-4.531341
79477,3,-2.695134,-1.5002363
102662,4,-4.436058,4.35214
94294,1,8.782073,1.2029682
167592,4,-4.3842735,3.9074612
166121,4,-4.4702168,3.9525359
155280,4,-3.966305,3.7181523
80720,3,-2.8489501,-1.301108
109794,0,-3.2938669,-7.4359226
109315,4,-4.3168025,3.98437
149094,2,-4.288468,3.2304547
95575,4,-4.5420656,4.1512237
95186,4,-4.4443045,4.000119
35449,4,-4.436847,4.179813
83327,4,-4.4856896,3.7233868
97899,0,-3.520859,-7.3633666
162215,3,-2.732547,-1.4237527
14337,1,8.7295885,0.95103425
150239,1,8.71234,1.2384324
106573,2,-4.715771,3.329188
98713,1,6.0948343,-4.339149
108437,0,-3.6361217,-8.655713
123535,4,-4.191299,4.037875
1445,4,-4.4590874,3.8889835
37146,2,-4.2515483,2.3172212
82698,1,8.605077,1.4716281
159125,2,-4.263966,2.4802587
27371,1,8.550407,0.15864801
187333,4,-4.366021,4.103201
48348,0,-3.0100002,-7.4195914
154587,1,8.795264,1.2702708
14352,1,8.812496,0.8195511
141079,4,-4.373313,4.0219684
171692,3,-2.8468192,-1.2348472
177884,4,-4.58542,4.0896306
134549,0,-3.1623611,-6.409743
36673,2,-4.450517,2.9575145
93744,2,-4.5151362,2.5541613
81695,2,-4.2347035,2.3779802
169836,1,8.697149,0.71710104
109789,0,-3.3872623,-7.3996267
170247,1,8.010238,0.19640091
4898,3,-2.4990003,-1.4302354
89275,0,-3.2009866,-7.2857747
168761,4,-4.4409924,3.8358676
21076,1,8.825348,1.2573782
113016,1,8.700172,0.89574933
165930,1,8.470556,1.2123117
101664,4,-4.4595814,4.0464425
45339,0,-3.8340583,-7.1535163
81688,4,-4.6276064,3.7928991
102689,2,-4.4114795,3.202988
157815,2,-4.353657,3.0639215
55148,3,-2.8320844,-3.3574004
38496,4,-4.45998,3.5599658
24564,2,-5.1616526,2.5813403
6249,1,8.422649,1.1610805
148073,3,-2.6195006,-2.3627348
86342,2,-4.418709,2.6149216
21150,0,-3.4407835,-7.5592766
70485,2,-4.260972,2.4003525
90928,1,4.7244787,-4.8409047
3842,1,8.321149,0.15926497
161998,1,8.928465,1.1576164
41229,0,-3.183614,-7.3835664
84379,1,8.671248,0.19288248
146495,1,8.5299425,1.1429478
25944,0,-3.5151274,-8.901235
11771,3,-2.588033,-1.3878073
86643,1,8.387505,-0.28991997
75699,4,-5.38002,3.8205075
33271,4,-5.068054,3.6710713
105053,4,-4.4095516,4.0420036
98003,0,-3.3809211,-7.4625044
32600,2,-4.3631706,2.5551498
29425,0,-3.392928,-7.467777
8709,1,8.825965,0.8101085
42115,4,-4.4030285,3.9372709
170382,4,-4.504033,4.0228543
91858,0,-3.566744,-8.616669
144618,1,7.962222,-0.06016663
25984,0,-3.5470572,-8.550797
184836,1,8.507708,0.99798983
139941,3,-2.694788,-3.5229824
111997,0,-3.6785905,-8.919753
18983,0,-3.3919759,-7.2441664
45037,0,-3.066919,-6.9809203
20942,1,8.676004,1.4500723
41374,0,-3.4401665,-7.4411306
38882,4,-5.3246307,3.8756614
154679,2,-3.731289,2.4909394
21715,1,8.437918,1.1537902
88803,1,7.871468,0.05100104
26421,1,8.641162,1.2778763
47154,4,-4.4910603,3.819212
181466,0,-3.6676962,-8.556464
18340,4,-4.5499096,3.8072824
87622,1,8.3149805,-0.13911876
186597,1,8.354363,0.9019118
167505,1,8.694415,1.2168065
107491,4,-4.423757,3.6646204
82666,4,-4.26842,4.028238
118846,3,-2.5617554,-3.040895
33756,4,-4.4958377,3.745119
174619,1,8.576841,1.307091
181510,0,-3.6719675,-8.279532
36933,1,8.488171,0.97526544
164384,1,8.59963,0.69807357
89589,1,8.834368,1.0301613
31105,2,-4.6231847,2.7620785
118074,3,-2.7842252,-4.1807194
109905,0,-3.4036548,-7.3953147
41378,0,-3.1800406,-7.1534185
182962,0,-3.592191,-8.51587
79471,3,-2.6788206,-1.5548013
17766,2,-4.5716863,2.7663064
38621,4,-4.4507227,4.0549154
90767,1,8.698284,0.14098294
77346,2,-4.4369016,2.5224133
113162,0,-3.070985,-8.166189
40410,4,-4.582052,4.2551923
165289,1,8.797423,1.0071986
86281,4,-4.364909,4.011195
29445,0,-3.227072,-7.678247
98181,1,8.992758,1.033943
13083,1,8.073116,0.10634357
23985,1,8.836144,0.24086373
38,4,-4.4091763,4.023698
12835,4,-4.372664,3.839791
169651,2,-4.615073,3.1938906
165734,4,-4.402913,3.7519212
35909,1,8.867687,1.1993678
64286,0,-3.2872682,-6.6097445
115826,0,-3.424137,-7.567868
62786,0,-3.3844326,-5.662424
150298,3,-2.740344,-4.601715
39024,4,-4.463817,3.3722367
34582,0,-3.9493744,-8.219818
136432,0,-2.9247816,-7.084205
75464,2,-4.277068,2.2242515
92665,2,-4.248987,2.6913407
110321,2,-4.4330335,3.184773
136816,3,-2.45951,-2.5948136
85625,4,-4.084566,3.7922997
99744,0,-3.505769,-7.626802
147966,2,-3.9790518,2.0016127
2723,2,-4.166994,2.605513
111501,2,-4.5760255,2.259692
189897,1,8.714441,0.8667886
154872,1,8.439031,1.333316
26796,0,-3.5005426,-7.9247746
89074,3,-2.7880838,-2.5742395
49058,4,-4.185004,3.6433868
103345,1,8.234596,-0.078254655
80918,4,-4.379704,4.1731133
26705,4,-4.4296384,4.118533
157364,2,-4.5125427,3.0611894
15712,4,-4.63826,4.0319114
14547,2,-4.381573,2.5311015
177615,2,-4.2950377,2.6452067
106940,2,-4.2463617,2.4014082
14968,1,8.666413,0.8264159
89210,4,-4.4665647,4.1067386
28865,2,-4.723264,1.950766
89122,2,-4.327959,2.4582286
3944,4,-4.4944987,4.2101245
40636,0,-3.0116215,-7.285486
27056,0,-3.4298785,-7.248966
160683,2,-4.488689,3.4476516
154820,4,-4.428571,4.0119824
86943,2,-4.5404797,2.628759
26755,0,-3.465483,-9.139744
174909,4,-4.2705655,3.4098797
193,4,-4.263458,3.924563
64918,0,-3.2030206,-6.3454766
161295,1,8.830644,1.0968103
156252,4,-4.390109,3.8931563
190107,1,8.227617,0.10985201
85471,4,-4.324332,4.0798783
104894,4,-4.5181193,4.208189
82770,1,8.285102,0.009850953
28058,2,-4.3411536,2.4701307
87697,2,-4.200281,2.3313932
18358,1,8.419438,0.29802966
43712,0,-3.1745148,-8.07155
187715,0,-3.365276,-7.7079344
48286,0,-3.5827947,-8.785894
191591,1,8.684877,0.84286505
93167,3,-2.8804286,-2.1539736
127679,3,-2.547902,-2.1769657
7753,1,8.521515,-0.09369948
11049,2,-4.3489017,2.4794962
77565,3,-2.5072293,-2.6177342
144044,1,8.653095,1.2497662
102117,1,8.301996,0.8529758
100657,0,-3.5490324,-7.3286133
90396,0,-2.669177,-7.4348955
110404,2,-4.42765,2.0374813
167764,2,-4.449471,3.083168
51215,4,-4.3158064,4.0040627
48461,4,-4.5442576,3.8081017
114117,1,8.74783,1.0806482
124138,4,-4.2224245,3.657712
26823,0,-2.9919474,-7.415035
92392,2,-4.4232917,2.382533
83826,4,-4.4293833,4.065308
169667,4,-4.519717,4.075921
75472,4,-4.521807,3.9855554
43278,1,5.9226365,-4.5074444
80415,4,-4.6683865,3.6140666
88563,2,-4.517471,2.6724596
162708,4,-4.3913093,3.8031309
171698,1,8.706291,1.1553456
96100,0,-3.4022768,-7.6727185
147833,4,-4.20818,3.915244
181551,4,-4.267853,4.27955
98273,2,-4.4124455,2.6024237
19346,1,8.798647,1.2964824
176007,4,-4.440107,3.614816
31386,1,8.7023945,0.5910002
181023,0,-3.6245658,-8.54241
185864,2,-4.198066,2.3908613
49227,2,-4.49481,2.645848
101942,3,-2.497944,-1.4961033
88299,0,-3.0176833,-8.1421795
187811,0,-3.5905776,-8.585028
179570,0,-3.6013525,-8.571146
28300,0,-3.4164243,-7.373731
32104,1,8.650654,0.21173365
16910,4,-4.6359954,3.9680715
103245,1,8.72163,0.43879157
96502,2,-4.389543,2.4547002
22133,4,-4.5443034,3.673825
39042,2,-4.135599,1.8223432
86628,3,-2.7007227,-2.6831713
94520,2,-4.621087,2.7888594
162676,4,-4.5828867,4.0573564
88169,4,-4.5072036,4.123745
191432,4,-4.4988365,4.176963
108870,0,-3.1697464,-7.687443
86725,1,8.790674,1.2489442
89042,4,-4.485938,4.058626
96007,2,-4.445387,2.4969416
25631,4,-4.5876703,3.696289
82939,3,-2.8594682,-2.578474
94366,4,-4.415599,3.9749827
29116,4,-4.4813023,3.8283167
16368,4,-4.586579,3.849096
15606,4,-4.4585085,3.9997888
62584,0,-3.8101418,-6.6215453
97647,4,-5.2748723,3.8078475
51244,1,8.566852,1.2681103
148002,4,-4.0983143,3.6238828
145152,1,8.626556,1.2115557
190502,1,7.843886,0.083535396
82076,3,-2.683743,-2.1980379
23690,1,8.912732,1.0909047
15790,1,8.873659,1.3899347
163889,1,8.700275,0.23425849
191215,2,-3.9613354,2.5542734
168654,1,8.435385,1.4314921
180643,3,-3.0392776,-1.0082098
9023,3,-2.5689135,-1.1938186
79413,2,-4.3938174,2.679567
110384,2,-4.561687,2.6442401
96126,1,8.653335,0.51764655
156325,4,-4.437518,3.9120827
169607,1,8.716981,0.4559985
31674,1,8.595377,1.2843311
19662,1,8.699782,1.1760765
62454,0,-3.410855,-6.4058504
85812,3,-2.4228454,-1.3038287
45857,4,-4.5808225,4.0360394
87375,3,-3.1103299,-3.6839845
111625,4,-4.4826255,4.018954
171587,4,-4.471786,3.8435311
111558,4,-4.4436336,3.798478
152592,1,8.59906,1.6285727
113041,2,-4.1844144,2.5578814
104428,4,-4.5337243,4.2434697
90576,1,8.923005,0.9012092
175780,4,-4.7232623,4.277324
111359,3,-2.914862,-3.2945783
11818,4,-4.5228877,3.959292
151023,4,-4.3247185,3.6876762
10634,1,7.930114,-0.11154761
112775,2,-4.324718,2.9610324
131191,0,-3.4067047,-6.921315
114201,0,-3.4828117,-8.214503
180539,4,-4.2663717,3.8573136
99400,4,-4.402502,3.5221696
12777,3,-2.4717777,-4.4012995
24839,1,8.528745,1.2002605
6103,1,8.215464,-0.108123176
90240,1,8.43117,-0.3413916
113714,1,8.853988,1.0617696
12542,3,-3.098617,-4.3920727
91183,2,-4.422866,2.2394445
62546,0,-3.2725995,-6.524963
79512,3,-2.837485,-2.0819635
18577,0,-3.712367,-8.702969
77552,3,-2.5000386,-2.6155396
111576,2,-4.5226126,2.5061202
171680,4,-4.413382,3.8025708
22885,4,-4.6630926,4.1942477
184772,2,-4.4538894,2.754618
31032,2,-4.479634,2.5134103
15924,2,-4.286324,2.2030714
177371,1,8.46554,0.46109527
114693,0,-3.2017827,-7.0551033
29582,0,-3.0316558,-7.3111706
156531,4,-4.035872,3.5616963
236,1,8.506916,-0.24755208
37422,0,-3.131274,-8.508203
141077,4,-4.4578805,4.0495367
131226,0,-3.2957845,-5.736441
40684,4,-4.2604423,2.155641
46362,2,-4.519819,2.4188144
8385,4,-4.3213086,3.7333622
174570,3,-2.923014,-3.511817
174627,4,-4.345032,3.8545718
155593,3,-2.7031,-3.5692751
18792,0,-3.3325198,-7.8832603
103886,4,-4.4470353,3.612835
111874,4,-4.6655455,4.135359
32401,4,-4.4993877,4.046243
147419,1,7.894846,0.16831844
97368,2,-4.4373646,2.4959521
175793,4,-4.637213,4.2275257
144300,4,-4.267269,4.021274
119348,4,-4.565512,3.9218836
179817,4,-4.523579,3.8906856
50538,4,-3.9327395,3.7501194
93976,1,8.353891,0.33490607
110618,4,-4.586065,4.051959
23232,3,-3.03041,-3.8053524
131182,0,-4.3333797,-6.9843426
166754,4,-4.588825,4.099445
40837,2,-4.217311,2.7312346
60203,0,-3.1113937,-6.435625
180342,0,-3.6109502,-8.773723
10591,3,-2.6660283,-1.2815495
154181,3,-2.604133,-1.1746025
127900,2,-4.1477985,1.9478925
98900,2,-4.8108015,3.0856023
15734,4,-4.3602843,3.4998884
35277,0,-3.4058955,-9.286403
36615,0,-3.4588404,-8.749347
91300,4,-4.2432523,3.8400586
39304,3,-2.8196032,-1.2698905
24875,1,8.662356,1.1138226
115654,1,8.621203,1.3535814
29895,1,8.611773,0.17726564
80512,1,8.448544,0.9471134
103884,2,-4.422046,2.5103257
39308,2,-4.1722584,3.2229815
83322,4,-4.5607324,4.009447
37469,3,-2.4485247,-4.668103
176872,4,-4.5812263,4.0942817
25348,1,8.448669,1.2245241
177926,4,-4.5972776,4.0567822
117141,1,8.774002,1.0289968
175985,1,8.679594,1.0361208
44756,0,-3.601662,-8.4521675
192503,3,-2.4028904,-2.919985
40232,0,-3.4776793,-7.513082
173954,4,-4.6315694,4.065149
84341,1,8.724189,1.2464632
98139,1,8.703175,1.3475757
15913,2,-3.717174,1.1129379
186173,4,-4.3272123,4.2803855
108829,1,8.399171,0.026881129
72906,1,8.460385,1.3020159
42129,1,6.155732,-2.7323635
18839,0,-3.623351,-8.971245
36550,0,-3.3267224,-6.8434277
165671,1,8.787429,0.36567536
181580,4,-4.379875,4.2434216
70545,1,8.025763,0.17470267
110125,1,5.934846,-4.6304083
5749,1,8.961891,1.0570775
87830,1,8.41986,0.17992401
103544,0,-3.119459,-8.657686
36599,0,-3.664439,-9.019923
119986,3,-2.6630437,-2.9039237
159826,1,8.364296,-0.23086993
18804,0,-3.8228993,-8.601635
173926,2,-4.4608693,2.5194445
7333,4,-4.346133,3.8490798
154907,4,-4.35399,4.144651
18505,0,-3.2342017,-6.8899984
162653,1,8.924289,1.1382766
20564,0,-3.2939806,-7.5210185
190391,2,-3.8366237,2.424007
27433,0,-3.4010518,-8.673117
106672,1,8.294368,0.30214447
105934,1,8.804934,1.1712137
5158,1,8.683329,1.2396991
38625,1,8.607588,0.98319554
46185,3,-2.8532848,-3.668949
137199,3,-2.8210077,-2.4169726
149389,2,-4.313612,3.059985
80506,4,-4.4199224,3.8464262
39544,4,-4.4160004,3.5029254
178970,2,-4.4305406,2.4997294
67966,0,-3.2638512,-7.12506
162668,1,8.8769655,1.2190598
81071,4,-4.4407864,3.9249444
100818,2,-4.5615087,2.371308
16227,4,-4.4399095,3.910051
109245,1,8.656829,1.1260183
19961,4,-4.524538,3.7606976
113578,0,-3.3906252,-7.6862082
60159,0,-2.9436572,-6.412049
33913,1,8.554949,0.10771826
167220,4,-4.602098,4.016514
94307,4,-4.448563,4.058473
173295,1,8.462553,0.027194854
8115,1,8.577307,1.076557
85681,4,-4.507118,4.054898
20577,1,8.650625,1.39287
110722,4,-4.3327646,3.5537865
32840,3,-2.7861524,-2.3440332
175136,4,-4.388615,4.049104
23721,4,-5.396333,3.488474
48968,1,8.650911,0.5480515
29157,2,-4.3892794,2.7441537
160756,4,-4.215435,4.0503745
159628,4,-4.2715745,3.9666498
14854,0,-3.356413,-8.459616
163514,2,-4.1934433,2.3400776
77282,2,-4.091035,2.2239733
160766,4,-4.3027153,4.105493
99298,0,-3.1124055,-8.476762
168551,2,-4.584721,2.5989954
23428,1,8.843283,0.7022109
154590,1,8.777576,1.2976706
160447,4,-4.502076,4.034165
83282,2,-4.3449445,3.0951712
105030,4,-4.436214,4.1241045
122399,1,8.450761,1.1630826
147477,1,8.606883,0.6410934
17199,0,-3.395131,-7.5355616
173728,2,-4.422505,2.534664
191380,4,-4.0018067,3.5188532
182349,0,-3.6643505,-8.941999
91134,3,-2.574352,-1.3526287
177420,4,-4.523677,3.8416984
165971,3,-2.60256,-1.149915
146485,2,-4.219587,2.435792
80394,1,8.262839,0.7902626
9926,1,8.472715,1.1739241
81034,3,-2.6884544,-1.9951378
188838,2,-4.171293,3.1558063
119707,1,7.889565,-0.28347105
26061,1,8.656368,1.0603472
17585,2,-4.471794,2.500121
180467,0,-3.0640423,-8.3597975
13502,1,8.732057,0.7523405
30507,1,8.774005,1.0606805
81687,4,-4.6429443,3.692661
86378,4,-4.4177785,3.7950072
29760,1,8.260877,0.08936807
175879,1,8.846193,1.2888192
170908,4,-4.6195455,3.9922137
30027,0,-3.5102587,-7.254419
132509,0,-3.6520026,-6.9427876
20106,2,-4.5439887,2.3904152
32582,4,-4.2045856,3.6873434
22868,2,-4.6319346,3.0226061
84229,2,-4.239442,2.4989867
189772,4,-4.5239515,4.1604767
147964,2,-4.247498,2.657015
90706,1,8.866894,0.8261339
190695,1,8.6053705,1.3395998
49616,2,-4.558649,3.4250035
50781,1,5.4403243,-4.850062
80764,3,-2.7335649,-1.1818038
157904,2,-4.296952,2.6688035
156590,4,-4.4680305,4.075977
25948,0,-3.3707893,-8.72598
82252,1,8.753031,1.208786
96230,4,-4.5286307,4.180717
148369,4,-4.4129295,3.999676
170377,4,-4.5153236,3.982662
18889,0,-3.4128156,-8.9099455
171768,4,-4.400389,4.03217
179914,1,8.3003435,0.27371836
93670,1,9.009552,1.0048288
84219,4,-4.2985415,3.9352934
109280,1,8.543885,0.9667602
31076,3,-3.2620084,-3.320146
100832,3,-2.9725847,-1.2302606
117877,1,5.930404,-4.2829814
17791,4,-4.495071,4.05608
92575,0,-3.364788,-7.3299336
167719,4,-4.59522,3.9495769
86446,4,-4.3475924,3.6696663
91644,1,8.600728,1.099259
190781,2,-4.542193,2.4702115
173360,2,-5.1177526,2.3137577
15809,2,-4.6943593,2.564481
191587,1,8.509375,0.6331392
88799,1,8.6302185,1.2410673
90623,1,9.001647,0.9162659
118110,1,8.602519,1.2227789
171526,1,8.591268,1.3354149
181107,2,-4.377797,3.0126557
103095,1,8.778158,1.3427039
161973,1,8.823095,1.1844412
149488,4,-4.172929,3.8562195
80428,1,8.756902,1.157089
27141,1,7.0291033,-1.2080389
99396,2,-4.5341816,2.8469934
27553,2,-4.1897187,2.9451556
27265,4,-4.376672,4.116335
176392,4,-4.5269785,3.8307228
79612,2,-4.390604,2.6231568
149224,1,8.040485,0.091301546
60492,2,-4.313747,2.9168687
96969,1,8.8675995,1.381569
8469,1,8.291205,1.3716762
77404,3,-2.8677673,-2.6485815
20131,1,8.633964,0.6001442
30800,1,8.768952,1.2741523
90490,1,8.937186,0.8379405
167458,4,-4.3696637,3.6724105
37730,4,-4.3911967,4.127867
51668,1,5.9119945,-3.3731163
72417,1,8.244596,1.54189
44941,1,6.0805373,-5.2939706
175424,1,8.722144,1.2682731
184662,2,-4.0785403,2.5615194
81766,2,-4.4914885,2.8972528
165989,1,8.201447,-0.0020187502
83118,1,8.818526,1.1694411
45741,2,-4.356411,3.265798
163491,1,8.186812,-0.19839111
87448,4,-4.0007935,3.5116813
24113,4,-4.9268785,3.2884138
83759,1,8.648839,0.8322738
192763,4,-4.255988,3.8158011
48824,1,8.467724,-0.29112208
27815,1,8.363056,0.2206188
37611,1,8.905213,0.95572144
23194,4,-4.5152845,4.1564045
181241,0,-3.6078286,-8.225989
12199,4,-4.6345043,4.100724
59838,0,-3.335945,-6.482996
36892,4,-4.191724,3.9819021
188694,3,-2.113327,-3.0782912
86860,4,-5.096394,3.6914089
97190,0,-3.0023756,-8.313278
131184,0,-3.3573196,-7.056791
17866,4,-4.392509,3.7258253
35895,1,8.9005995,1.129013
162736,2,-4.30387,2.412184
81288,3,-2.306658,-1.310276
81112,4,-4.0103545,3.5646384
90642,4,-4.170846,3.637314
101316,3,-2.7440023,-3.47518
183097,1,8.591814,1.1049309
86897,4,-4.6341543,4.0398955
100741,0,-3.7500162,-8.534219
110536,1,8.580405,1.1931227
142680,1,8.514193,0.36369193
144627,3,-2.8020957,-1.9260337
12954,2,-4.6011357,2.9841542
49083,1,8.50652,0.9209017
174285,2,-4.4850945,3.1263068
38054,4,-4.66066,4.04954
51340,1,8.356198,0.6683081
44558,3,-2.523146,-3.4047813
79504,3,-2.7777195,-1.3373905
90563,1,8.715491,-0.018919077
55486,1,8.390097,0.7463753
74470,1,5.9769473,-3.4939845
95294,4,-4.4557905,4.218644
127962,4,-4.308254,3.7544847
29060,0,-3.7027493,-8.580102
36439,0,-3.3989203,-7.465565
145109,1,8.449819,1.3287364
110100,0,-3.2990732,-7.543102
12733,4,-4.391355,4.168844
37196,1,8.4827795,0.8377382
4025,1,8.832222,1.2700381
9916,4,-4.471735,3.3218071
77524,4,-4.423539,4.2095737
96614,2,-4.085028,2.6689165
102113,4,-4.6303725,3.394644
109795,0,-3.0384467,-6.9783273
96149,1,8.116132,-0.1526414
191596,4,-4.3686013,3.7802513
46175,4,-4.3314633,3.551387
161938,1,8.958147,1.1641881
119353,1,8.64303,1.1181389
29806,4,-4.5042086,4.0749755
33293,4,-5.111133,3.83801
7886,1,8.579216,0.9561621
161929,1,8.962719,1.1528429
86912,4,-4.5017004,3.8360133
78806,1,8.365401,1.1132306
177301,4,-4.0703845,3.0712183
147854,4,-4.2762575,3.577114
42326,2,-4.370556,2.4203026
188055,0,-3.628642,-7.0338397
180716,0,-3.4761536,-8.584394
111809,2,-4.530987,3.2059786
180226,4,-4.517471,4.0171847
145272,2,-4.137315,2.0961208
86394,3,-2.875921,-3.4443922
31700,1,8.48329,0.7466181
82440,3,-2.7416446,-3.4051242
99722,0,-3.6535895,-8.4308605
78872,2,-4.3433247,2.4371214
184803,0,-3.181265,-7.6848645
97827,0,-3.7133155,-8.705298
2624,1,8.544997,1.2623383
106643,1,8.367106,1.2763052
85185,1,8.392696,-0.15212762
144654,4,-4.236946,3.3492043
179180,0,-3.5322053,-8.869362
149301,1,8.749026,0.8416917
159621,1,8.257503,0.045831904
11685,1,8.567882,-0.041482218
21151,0,-3.4528973,-7.344257
149163,1,8.511437,1.444384
104721,4,-4.451066,3.9775774
108373,0,-3.6250265,-8.7699585
62758,0,-2.8660483,-5.5107484
33170,0,-3.7823956,-8.71152
23658,4,-4.5205626,3.9509015
52626,1,5.855536,-3.6306384
166748,4,-4.5304728,4.0668683
122,4,-4.2156777,3.4509263
21548,0,-3.5665252,-8.855442
47835,2,-4.1779666,2.489901
117976,3,-2.8211884,-4.048879
32154,2,-4.7045965,3.2819026
17658,3,-2.67103,-1.1076399
108938,0,-3.6624227,-8.723571
85646,1,8.019669,-0.2951842
179529,4,-4.314935,3.4716506
108943,0,-2.8427358,-7.302071
23280,0,-3.382397,-7.697544
181275,0,-2.8690794,-7.184408
102103,1,8.39909,0.0516412
83947,1,8.397741,-0.22948244
153049,2,-4.245032,2.3789208
3855,1,8.384331,1.1197023
121590,4,-4.3425474,3.8377874
30557,1,8.818749,1.0146846
94646,4,-4.270716,4.009298
12907,4,-4.4222193,3.9276266
7991,4,-4.2540593,3.8500051
44202,0,-3.624272,-8.499627
149181,2,-4.21237,2.474281
36433,0,-3.3525927,-7.4247966
13348,1,8.64956,1.052211
86363,1,9.066609,0.9397552
178949,3,-2.7130952,-4.050839
33991,1,8.891558,0.96123856
178057,4,-4.2622733,3.7671065
876,1,8.023114,0.054020483
156048,1,8.358347,0.67314845
117163,2,-4.4897327,2.404772
42257,2,-4.4047995,2.7454607
116768,1,8.350867,-0.15547374
81589,2,-4.611428,2.546899
117364,1,8.338711,-0.23965618
38951,1,8.568239,1.1271178
167840,1,8.614847,1.0174592
12916,2,-4.419892,2.8884735
14227,4,-4.3714547,4.0733366
183620,4,-4.34358,3.9147038
187099,4,-4.2417336,4.141253
157411,4,-4.5489135,4.1153316
42837,2,-4.5920553,3.030305
43990,0,-3.709981,-8.492469
89667,1,8.259329,-0.09007779
32342,1,8.700475,1.0747912
81010,1,8.465493,0.51006037
112829,0,-3.656554,-8.995534
60903,3,-2.9661653,-3.805173
33497,2,-4.161397,3.2362874
108349,0,-3.5226822,-7.4859233
171622,4,-4.1482425,3.7794619
29378,1,8.716222,1.1056676
119156,1,5.892945,-4.5206866
80533,1,8.530286,1.2520224
17708,3,-2.6009903,-1.1729201
165605,4,-4.370125,4.214148
166349,4,-4.609495,4.2102532
178656,3,-2.7227364,-2.998558
183843,0,-3.4409688,-7.2840934
18557,0,-3.6719,-8.764375
131229,0,-3.3837085,-5.687601
156456,4,-4.1282787,3.872941
178247,4,-4.5251465,3.6398945
119397,1,8.285414,-0.20075159
99681,0,-3.331285,-7.3078256
12505,1,8.786784,1.35304
84226,1,8.561863,0.25911233
83429,4,-4.3624287,4.116081
150348,3,-2.9591413,-3.8408082
95715,4,-4.6650996,4.0219903
161820,1,8.570327,0.41074345
103111,1,8.296736,0.24554875
46878,0,-2.6290972,-5.2328467
129292,0,-2.6735713,-5.9364514
119943,3,-2.6863916,-3.5656726
22950,2,-4.4595323,2.493867
97140,0,-2.9284952,-8.464499
26429,1,8.331618,0.3309904
178425,1,6.224003,-2.2669268
34418,3,-2.7233496,-1.7351081
113425,2,-4.486089,3.2043598
24372,2,-4.6827846,2.6267297
156430,4,-4.4219217,3.4178746
38457,4,-4.4595876,4.105155
20989,2,-4.2780104,2.4820588
187349,4,-4.3327127,3.9992683
36634,0,-3.628666,-8.533582
123575,4,-4.2508817,3.8811662
151955,4,-4.3549323,4.028895
21306,0,-3.6446493,-6.977101
111512,0,-3.6886594,-8.690611
150009,2,-4.023187,2.2444866
22136,1,8.666007,1.2133698
45020,0,-3.4173517,-7.3301063
72423,1,8.242183,1.5118493
104939,4,-4.4136643,3.7606127
45936,2,-5.1570773,2.4868608
144282,1,8.61042,0.9444726
163804,1,8.506947,0.85345227
17292,3,-2.8880575,-4.6740866
90393,0,-2.517838,-7.488893
67502,3,-2.528515,-5.1310673
13011,4,-4.374412,3.8859794
78334,1,8.496445,1.103431
189886,4,-4.391517,4.1565733
52689,1,8.418242,1.0600402
173707,1,8.741952,0.9727975
25839,3,-3.0421185,-3.3188982
37954,1,8.727556,1.114351
144186,4,-4.20469,3.7703726
12270,1,8.536466,0.8287671
12262,1,8.455013,0.19899854
191011,1,8.884034,1.081716
146825,4,-4.2534537,3.5420735
45678,1,8.331465,-0.059966132
64269,0,-3.314039,-6.6661325
49220,4,-4.415739,4.238348
94340,1,8.926222,1.2555006
179761,1,8.786326,1.24419
43500,4,-4.3789353,3.6668904
86060,4,-4.5527697,4.2144957
163558,1,8.76262,0.9963096
144442,1,8.476058,0.119768724
106295,4,-4.3755517,3.8322577
176975,4,-4.4954786,3.7086835
88680,1,8.835793,0.9557417
3965,3,-2.8323317,-1.1738672
15216,1,8.639508,1.0835843
114837,1,8.767084,1.1519725
38825,0,-3.590999,-9.108249
99097,4,-4.525401,4.3249125
94380,1,8.893756,1.1579962
88189,2,-4.4660673,3.0850074
62115,0,-3.1635475,-5.7441382
89025,3,-2.3305266,-1.4015396
23435,2,-4.52984,3.239808
116112,4,-4.334576,3.8919084
164738,3,-3.4819813,-2.491616
173194,4,-4.662167,3.8107216
94354,1,8.70019,1.1472865
16904,1,8.741285,-0.35313392
89149,4,-4.2736793,3.9061065
104372,4,-4.446893,4.272732
18905,0,-3.608166,-8.5681
6421,1,8.470194,0.9410643
109928,0,-3.409603,-7.272216
115607,0,-3.101328,-8.274701
179283,2,-4.5873575,3.3043962
154862,4,-4.35167,3.995695
62646,0,-2.93327,-6.285133
98503,4,-4.607237,3.9265394
81108,4,-4.141064,3.6594388
16249,1,8.535144,1.1968935
165970,1,8.466018,1.3299581
92556,1,8.570146,0.44394884
18681,1,8.486229,1.0070337
96685,2,-4.2463875,2.5071182
180127,1,8.615892,1.387919
7503,1,8.454293,0.6180278
159892,1,8.774703,1.0819341
113343,0,-3.3167205,-7.6582417
147937,4,-4.373583,3.7928743
151018,4,-5.13781,3.618553
21304,0,-3.5581632,-7.7975764
123831,3,-3.1652563,-3.0630224
118064,1,8.128959,0.95163655
33374,4,-4.6770926,4.1102223
86619,4,-4.586875,3.9429598
29234,2,-4.553718,2.8403933
27007,0,-3.4789994,-9.082521
188734,1,8.920359,1.303804
80224,3,-2.821964,-2.996871
2596,1,8.832151,0.63282603
113309,3,-3.0261467,-4.61543
163177,1,8.690496,0.97424656
82848,1,8.64288,0.9371271
88367,1,7.9822474,0.17149197
13612,2,-4.4679933,2.5256205
83037,1,8.820348,1.1133245
88204,1,8.8523245,1.0456699
95641,1,8.493862,0.16119407
44551,3,-2.3137245,-3.308386
66806,3,-2.990435,-3.8411186
189612,4,-4.265056,3.9245021
40277,3,-2.62096,-1.3674648
85250,4,-4.0351553,3.4989693
83432,4,-4.455707,4.2162666
37919,3,-2.8144433,-1.4323969
77898,3,-2.956815,-2.3961134
60399,0,-3.323881,-6.6007223
34254,4,-4.5330796,4.197971
37861,0,-2.9700384,-7.13398
110714,4,-4.4669356,4.121711
59843,0,-3.2726974,-6.5703683
182839,2,-4.2989054,2.4349873
34325,4,-4.448187,4.0436563
44120,0,-3.5113099,-7.821223
152103,4,-4.0492053,4.050363
104400,1,8.939854,1.2856287
90739,1,6.157086,-4.3896637
118102,4,-4.498267,3.959885
48096,0,-2.9736218,-7.6931553
5393,4,-4.201741,3.6556244
174302,1,8.558382,1.3596464
110928,1,8.396191,1.2681061
149366,1,8.6266365,1.2159053
25966,0,-3.570659,-8.650497
160052,1,8.263344,0.8830494
86271,1,8.908757,1.1415546
191367,4,-3.6589773,3.6219206
108380,0,-3.3729205,-8.520864
181011,0,-3.6843185,-8.290475
30986,2,-4.362763,2.4965234
176983,4,-4.5957856,4.095195
149559,2,-4.4433317,2.994526
38486,4,-4.6980906,4.0382586
41029,3,-2.3558846,-1.8345724
113252,1,8.35881,0.3455912
73299,2,-4.1311636,2.438201
153839,1,8.16721,0.23025532
105689,4,-4.425302,4.1422987
165652,1,8.895475,0.665564
33375,4,-4.5482073,4.0303726
11328,2,-4.4495144,2.607447
99933,3,-2.427008,-2.891505
7664,1,8.519578,0.9355083
27436,0,-3.761533,-8.21245
167843,1,8.602693,1.0118538
111309,2,-4.3708453,2.7296598
10211,1,6.698246,-2.6223922
99511,0,-3.2959223,-7.752594
156157,4,-4.297262,3.9989116
101066,2,-4.177907,2.5695312
156743,3,-2.6814892,-3.94847
182975,0,-3.4165967,-8.281695
38817,0,-3.5803564,-9.005441
89169,3,-2.6911886,-2.4829829
117387,2,-3.8271916,2.0980918
17174,1,8.136488,0.10829798
20238,4,-4.5556183,4.2070065
60559,0,-4.092383,-6.5228777
87862,2,-4.3493414,2.6430848
49032,1,8.754398,0.7957437
99514,0,-3.4698017,-7.606325
180072,0,-3.835202,-8.2957
186366,0,-3.466734,-8.78608
163151,1,8.292275,1.3168639
85707,1,8.698863,0.9741406
88944,4,-4.413474,3.8846853
75187,1,8.833785,1.0152279
166416,1,8.569257,1.4784234
13130,1,8.494792,-0.09255742
11927,4,-4.41898,3.883419
158879,4,-4.4380593,3.52999
95267,4,-4.3173413,4.019752
110926,1,8.331455,1.343995
162678,4,-4.5736575,4.024309
184891,4,-4.5686483,3.752016
42969,0,-3.2373152,-7.701788
164363,1,8.229397,1.0019633
8977,2,-4.13819,2.4768832
86199,3,-2.6712904,-2.2748504
188737,4,-4.4955225,4.3159795
94035,4,-4.4352245,3.8486161
109004,0,-3.5443847,-7.160616
85010,4,-4.393839,3.8873436
15322,4,-4.35561,4.242513
86185,1,8.334721,-0.042892985
49667,3,-2.4362338,-2.693084
3857,1,8.654396,1.1279951
177329,4,-4.5234256,3.68002
181125,1,8.598916,1.021541
92155,4,-4.443298,3.8461013
25213,1,8.5515375,0.23970352
80017,3,-2.6258273,-1.4738781
91994,1,8.409572,1.2015127
171030,1,8.60859,1.2716978
55472,2,-4.291095,2.0560386
109704,0,-3.5579615,-8.712535
7851,4,-4.1742754,3.908191
44974,1,5.9115896,-5.304957
9306,1,8.296467,1.0983794
128097,2,-4.1788917,2.277004
168421,2,-4.423085,2.3165267
5941,4,-4.5077705,4.1628265
36566,0,-3.7147636,-8.632071
81627,4,-4.4250593,3.8389368
18028,1,8.786269,1.0393664
73363,2,-3.9122648,2.1654797
103704,4,-4.458492,3.7607565
86902,4,-4.543324,3.935834
35423,4,-5.009829,3.5122154
174477,4,-4.0560846,3.7563398
116263,1,8.540761,1.4177419
160807,1,8.827469,1.1260283
83014,4,-4.519918,4.004115
147837,1,8.104715,0.07811217
147957,2,-4.416217,2.37861
94491,1,8.493817,1.4889034
154067,2,-4.1575193,2.4803793
84591,1,8.195914,-0.050554395
185466,4,-4.0711637,3.7606251
165794,4,-4.275682,3.8288667
167816,4,-4.593478,4.265232
168304,2,-4.1724615,2.5691302
48960,2,-4.5652227,2.5105488
32506,1,8.879563,1.0494072
180056,0,-3.6032746,-8.506093
79622,1,8.220385,0.0025636174
24533,1,8.316002,0.53706187
90800,4,-4.4367857,4.1359396
26861,0,-3.4423435,-7.5980325
23433,4,-4.400168,4.2470603
77150,4,-4.3812556,3.8064942
61620,2,-4.1080427,2.1261766
82087,3,-2.6387603,-1.4458334
43696,0,-3.6076813,-8.764746
15476,4,-4.5526247,4.274523
50517,4,-4.263258,3.9308412
64966,1,5.556688,-4.851037
90689,1,8.885829,0.8771525
107671,1,8.410984,0.1574696
49522,1,8.319265,-0.156117
81219,3,-2.4045873,-4.073775
181498,0,-3.6036687,-8.632466
29696,1,8.810326,1.1542786
185689,4,-4.3958993,4.0204515
17850,4,-4.2338986,3.8560169
86360,1,9.0114,0.951441
135945,0,-3.0011942,-6.4754157
12879,1,8.329399,1.0939318
27613,4,-4.2660522,3.9372618
167713,2,-4.6662993,3.1967845
91104,2,-4.328216,2.6221542
146876,4,-4.241606,3.9186034
35994,1,6.0160074,-5.0229
165313,1,8.808635,1.0677502
156793,4,-4.517794,3.910218
27358,4,-4.0056067,3.7290356
96484,1,8.384504,0.77197504
19556,4,-4.6445446,4.0359697
27482,4,-4.58507,4.1673207
161881,1,8.552494,1.1146762
15293,3,-2.6582131,-3.6998231
178077,4,-4.435756,4.177613
89649,1,8.325165,0.081997246
44228,0,-3.0966907,-8.277428
15702,1,8.403845,-0.09684775
91550,0,-3.6437383,-8.589866
17588,1,8.59651,1.3086929
153004,4,-4.5643387,3.9234557
120105,3,-2.417528,-2.1286
36614,0,-3.587088,-8.7316475
147772,4,-4.394991,3.8781617
146567,4,-4.1915774,3.971036
60941,2,-4.376186,2.321344
45487,3,-2.738202,-2.9363334
176048,4,-4.9449987,3.7534478
75021,2,-4.3715167,2.5430968
29338,4,-4.071322,3.7336082
177656,4,-4.087022,4.020288
148059,3,-2.727477,-2.4519043
25576,2,-4.6386137,3.2251604
157288,1,8.469699,0.562475
13803,3,-2.37166,-2.7530384
18010,1,8.577701,1.3115965
88156,1,8.809039,1.1482992
17228,1,8.908818,0.884018
39050,2,-5.421739,2.4873374
102889,4,-4.512068,4.2073703
175427,4,-4.310663,3.3669827
36367,1,5.92763,-5.348426
161323,1,8.87928,1.2124125
40775,4,-4.4114227,3.9568026
120305,0,-3.0054214,-4.847622
180959,0,-3.9174607,-8.248166
18135,0,-3.3711796,-7.356417
81659,1,8.292151,0.06449242
89565,2,-4.4157047,2.784821
7139,1,8.618131,1.1037717
37092,1,8.736842,1.159623
45875,4,-4.3729167,3.82085
110717,4,-4.500162,4.1297374
91306,4,-4.336267,3.8049102
37885,0,-3.5213046,-8.995017
39970,2,-4.5100875,2.4921942
145799,0,-2.6675048,-4.787484
144571,4,-4.152916,4.1508074
108511,2,-4.5098658,2.5181777
150384,1,8.56486,0.49036312
86878,4,-4.283987,3.7946014
8486,1,8.708187,1.4298936
159356,1,8.64967,1.2461054
101839,1,8.611136,0.749127
108479,2,-4.2617917,2.2478836
121629,4,-4.27467,3.5361044
154189,3,-2.9652312,-3.5639644
144709,3,-2.5889122,-1.6099405
28041,4,-4.7679043,4.0792313
24328,4,-4.6022434,4.001724
115527,0,-3.0811903,-8.08708
186613,0,-3.6109452,-8.644411
3974,4,-4.621326,3.7830906
21503,1,8.458772,0.24494094
17236,4,-4.143533,3.7259073
115425,1,5.99295,-4.06539
18919,0,-3.6853733,-8.693582
73295,1,8.715905,1.0436697
172812,1,8.950466,1.0700892
91693,2,-4.4511824,3.172421
134646,3,-2.3281443,-3.8869848
151103,4,-4.521488,3.9215727
112338,3,-2.9460247,-3.7654717
40269,0,-3.1184127,-8.4970255
32873,4,-4.407219,3.8876355
15360,1,8.561712,0.5551377
37514,1,8.277721,0.609293
78229,1,8.437743,1.3637552
8529,1,8.415547,1.0518223
13692,2,-4.784727,3.279601
189762,2,-4.5831857,2.6503296
60607,1,8.5488405,1.0075127
149576,4,-4.3701925,4.030734
15244,3,-2.7711444,-1.304783
79631,3,-2.7682595,-2.4188702
18796,0,-3.6507967,-8.85656
44937,1,6.311724,-5.3441496
19069,1,8.362221,0.019888625
5829,1,8.809168,1.0048897
110323,2,-4.3782597,2.141778
27563,4,-4.6752877,4.058937
152255,1,8.799849,1.0935006
49906,4,-4.480351,4.249138
149100,3,-2.8967924,-1.7984036
9806,4,-4.520825,4.113992
193165,2,-4.3522563,2.5698555
191148,2,-4.464481,3.343831
97389,4,-4.6788883,4.2147317
107557,3,-2.5357206,-2.267444
179800,0,-3.5765817,-8.5850315
78628,4,-4.270872,3.637015
68605,4,-4.2007275,3.8093038
102659,4,-4.4305253,4.31441
79433,3,-2.7900946,-3.4668918
94569,2,-4.3981795,2.6010695
101590,1,8.729195,0.08614612
35285,0,-3.615218,-8.88127
148148,2,-4.859706,2.100368
137260,0,-3.1073022,-6.5815864
99602,2,-4.5553327,2.4136972
174284,4,-4.541666,4.0595098
175844,4,-4.6023164,4.267515
178185,2,-4.568493,2.973716
14184,1,8.647712,0.9812277
24364,4,-4.6388726,4.1844525
161256,1,8.825856,0.9642192
113374,0,-3.1322792,-8.069489
27311,2,-4.4844327,3.2268226
142288,1,6.073333,-4.5688596
25955,0,-3.5637064,-8.6521635
14577,1,8.494408,0.40351897
41269,0,-3.695335,-9.285251
129579,0,-3.4601884,-6.5743213
79056,1,8.371171,0.4711862
162001,1,8.832921,1.1463332
50240,1,8.449027,0.9574955
12958,1,8.636635,0.98513603
89150,4,-4.2300353,4.174091
176900,4,-4.712087,4.2240014
90932,1,8.979236,0.7752972
81961,4,-4.31432,4.2196875
82764,1,8.686861,0.96687657
188324,2,-4.666656,2.9735022
183968,1,6.060286,-4.5472994
175586,4,-4.4435344,3.8160272
50434,4,-4.3003035,3.9124148
100667,0,-3.4783053,-7.6630073
45879,4,-4.384635,3.897358
162937,2,-4.453485,2.4592595
8341,1,8.586752,0.020156654
38972,1,8.319176,-0.09285562
83119,1,8.447701,0.74530876
13801,3,-2.4304175,-3.2798052
7773,1,8.806437,1.1593814
68218,3,-2.9022727,-3.3953254
20057,1,8.529463,1.033437
87319,2,-4.472659,2.3953114
20750,0,-3.4611843,-7.482404
112394,3,-2.4536715,-2.060647
179195,0,-3.6170657,-8.764009
110790,2,-4.5832944,3.1935017
166339,4,-5.338605,3.9628286
183724,2,-4.396388,2.5687964
186832,0,-3.6679585,-8.786972
36949,4,-4.4368653,3.642408
123982,3,-2.828177,-2.4761784
45970,0,-3.4421494,-8.307878
14834,1,8.41756,0.27275297
145151,1,8.449358,1.1414876
108296,0,-3.4262698,-7.7510424
102777,4,-4.559486,4.2709284
79747,3,-2.776799,-1.2596054
156421,1,8.567911,1.0417778
167709,1,8.106771,-0.08394582
19862,1,8.344847,0.085439764
173938,4,-4.4703536,3.6456075
39012,1,8.724237,1.2120111
21287,0,-3.5086207,-7.635516
70448,2,-4.258535,2.357527
95698,1,8.706026,1.028671
177065,2,-4.4705396,2.5756595
8425,1,8.577763,1.0595516
36703,1,8.339662,0.5536612
14106,1,8.69257,1.155324
182071,0,-3.6374094,-7.686122
15590,2,-4.4928565,2.557588
177347,2,-4.5738325,2.4430218
141096,4,-4.3925405,3.9925573
177264,2,-4.653145,2.5416353
25382,0,-3.450531,-8.896816
175218,4,-4.6706376,4.05787
85212,4,-4.0889444,3.6259542
107117,1,5.4711742,-4.5535097
168138,3,-2.834408,-1.9863552
38867,1,8.912458,0.76716
159418,4,-4.3416696,4.0361247
173455,2,-4.6308947,2.5706909
180422,0,-3.5292172,-8.798018
36470,0,-3.4136908,-7.520105
7759,1,8.888419,1.1199347
62483,0,-3.3015153,-6.5941086
18779,0,-3.5721753,-8.264828
69617,3,-2.0305262,-3.2834678
10943,1,8.456284,1.0457239
87953,4,-4.4013767,3.9972184
179192,0,-3.6359494,-8.90185
184289,1,8.720816,0.9094558
181028,0,-3.456046,-7.317059
26667,2,-4.3536153,2.5834322
155928,2,-4.257765,2.3996632
161893,1,8.831919,1.2367319
105933,2,-4.700601,2.4860585
113779,4,-4.3630066,3.9177525
111604,4,-4.6063185,4.065892
29005,0,-2.955314,-7.426801
13570,1,8.9235325,1.2903247
35413,2,-5.1342807,2.9358578
21746,1,8.5831375,1.3588313
97864,0,-3.6913705,-8.698873
77557,3,-2.4841952,-2.6106796
5258,1,8.757051,0.99004495
17894,0,-3.3166602,-7.3393188
14376,1,8.753536,0.95251834
79661,3,-2.6725624,-1.5171859
2321,1,8.811565,1.1221787
186633,0,-3.3093226,-8.570715
12431,3,-3.0792627,-4.0007205
172430,0,-3.2629926,-7.588999
146748,1,8.339404,-0.31245217
191184,3,-3.4982073,-3.8313413
113886,0,-3.4502296,-7.1669545
183631,1,8.5404,1.4957643
181547,4,-4.47497,4.26984
9225,2,-4.3270845,2.6908538
156802,4,-4.6119204,4.0719767
44738,0,-3.6456099,-8.427947
40648,0,-3.0908554,-8.20985
24079,4,-5.1036906,3.5300195
157848,2,-5.2043033,2.1751113
80219,1,5.9444175,-2.4960282
28477,2,-4.1044416,2.4671795
87427,1,8.434858,0.082844734
85238,4,-4.2015457,3.7345514
101177,0,-3.8500178,-8.395131
161156,4,-4.472596,3.9800992
185217,2,-3.9881186,2.5550737
21555,2,-4.554554,3.3809714
27746,1,8.341656,0.106045716
17456,0,-3.4485946,-7.435896
27004,0,-3.6345785,-8.86301
164161,1,8.853289,0.96163267
91309,2,-4.3158216,2.9868345
15698,1,5.848166,-3.9142103
46656,1,6.281924,-5.232998
15492,4,-4.1598763,3.8448098
115563,2,-4.5015945,2.7691247
1672,4,-4.409623,4.040182
14438,1,8.559213,0.57391155
98613,0,-3.482989,-7.466144
168195,1,7.9111776,-0.2218444
171760,1,8.7225065,1.0853739
117072,4,-4.378582,3.8870368
191077,4,-4.255468,3.8070006
47138,4,-4.3675675,3.689493
165725,2,-4.378539,2.5504286
79576,4,-4.2935286,3.7464154
44958,1,6.173611,-5.349736
86318,1,8.640493,1.1328366
182741,1,8.41584,1.1986115
83744,1,8.899092,0.9989576
99016,2,-4.431061,2.229537
115736,4,-4.2995186,3.9021716
82502,4,-4.361472,3.9378784
179178,0,-3.6045306,-8.953226
176313,1,8.354163,0.565524
149601,4,-4.3341503,3.977032
37016,0,-3.7345977,-8.566233
27408,0,-3.6437519,-8.429564
38034,4,-4.690788,4.0202556
80984,4,-4.0773993,3.7529147
21748,4,-4.4507813,3.6419268
88696,4,-4.3750463,3.7558546
180923,4,-4.6059074,3.9108076
190633,1,8.213812,0.9801472
160825,1,8.010208,-0.10613686
161330,1,8.654576,1.3478944
159394,4,-4.345148,3.7653103
82434,4,-4.300874,3.8083787
50388,4,-4.3226724,3.5774436
44495,0,-3.6081371,-8.942427
90825,4,-4.15654,4.0511446
162227,1,8.31138,0.19826971
27028,0,-3.3276467,-7.728231
108957,0,-3.4774637,-7.096458
121613,1,8.534314,1.1320072
80516,3,-2.612119,-1.2889476
97518,0,-3.938338,-8.820733
37992,2,-4.482619,2.72509
89242,2,-4.3486347,2.7101471
153007,4,-4.442053,3.880085
155995,3,-2.6382413,-2.3020496
85481,2,-4.255735,2.5553696
26898,2,-4.4554214,2.5506012
119055,1,8.519853,1.222115
5856,4,-4.5695734,4.222033
10895,1,8.401018,0.37776938
90476,1,9.051506,0.98765695
101284,4,-4.4853015,3.8016963
160408,1,8.430484,1.1488405
89084,4,-4.4717193,4.1182246
16220,4,-4.4329963,4.0099864
8421,1,8.463067,1.1425047
149976,4,-4.96497,3.736475
175590,4,-4.4036283,3.8183932
92956,0,-2.9381995,-7.398546
108020,4,-4.393959,4.090328
10446,4,-3.9026852,3.4915576
136810,3,-2.3272276,-3.5928655
19103,2,-4.7088466,2.5827208
115278,0,-3.6976035,-8.464534
57189,2,-4.330729,2.1082835
106842,1,8.805432,1.0838897
82243,1,8.760321,0.9691618
3688,3,-2.9703681,-3.3400097
155393,2,-5.136683,2.1162152
119350,4,-4.434153,3.3194542
148976,2,-4.042459,2.2605977
38444,4,-4.5295744,4.055112
117010,4,-4.2383018,3.5043485
4064,1,8.619066,0.93361366
71222,3,-2.4093647,-4.3190837
82823,1,8.595036,1.0059171
38254,0,-3.6545517,-8.869763
99825,0,-3.2397363,-7.6137657
153172,1,8.557652,0.5261422
96673,0,-3.670299,-8.659694
191041,4,-4.131137,3.5733047
89243,2,-4.5570765,3.0193317
16974,4,-4.300612,4.0005193
189943,4,-4.3445477,3.8451672
9409,3,-2.50502,-2.9148242
31705,1,8.231314,0.3015745
30787,1,8.144473,0.06664896
152585,4,-4.2664337,4.0061126
137411,3,-2.9229126,-3.641574
183860,0,-3.6363516,-7.0702415
180637,2,-4.360367,3.1298025
106483,4,-4.2924867,3.7787635
97487,0,-3.7915626,-8.563313
15908,1,8.536439,0.07227076
26042,4,-4.3191924,3.9019063
151563,1,8.73329,0.7208474
147973,1,7.8900905,-0.061822414
106414,4,-4.5776806,3.680301
96496,2,-4.054038,2.3562393
44765,0,-3.646111,-8.766855
93999,2,-4.541638,2.7531521
178686,4,-4.3099823,3.5711827
157117,4,-4.382919,3.6366556
7064,3,-2.7126086,-3.2255857
32669,1,6.005724,-4.6545634
87253,1,8.9300165,0.8804897
29419,0,-3.5770516,-7.445394
179517,2,-4.6786723,3.0224907
26381,0,-3.3775334,-7.400533
106299,4,-4.5958853,4.1587124
89020,4,-4.1045513,4.106679
149270,1,8.697669,1.3935986
159171,3,-3.3862526,-1.6213943
13488,2,-4.609732,2.5851226
100663,0,-3.3987412,-7.5673966
29125,1,8.772265,1.0898833
184036,4,-4.4113703,3.9952347
115773,1,5.3923645,-4.2685995
113945,0,-2.8707511,-7.294959
157352,1,8.352122,0.2987823
52735,2,-4.268964,2.2079911
14456,2,-4.325384,2.747067
14810,2,-4.3427224,2.9823174
147751,1,8.149683,1.1809645
15221,1,8.697709,1.2544465
99811,0,-3.4699874,-7.764146
34468,0,-3.691884,-8.939964
103528,4,-4.5188603,4.216556
171645,4,-4.1203146,3.7288578
123849,3,-3.0761745,-3.5838597
127702,3,-2.5691957,-2.5355246
83365,1,8.100402,0.09982761
8094,1,8.369585,0.8412105
4922,1,8.434921,0.49616796
28967,1,8.380141,0.4964445
43172,1,6.105365,-5.2917237
174596,1,6.2327547,-4.4487777
179587,0,-3.7040584,-8.599263
105960,2,-4.59075,2.521318
16246,1,8.223862,0.13986576
30975,2,-4.7241735,3.232825
77140,4,-4.4764576,3.8816695
81002,2,-4.0219984,2.741764
149669,2,-4.193417,2.8017209
151097,3,-2.44917,-1.3608967
180258,2,-4.4584217,2.031786
151278,4,-4.284038,4.167459
18513,0,-3.346027,-7.7225237
61356,1,6.14704,-2.6601746
19050,1,8.171627,0.012510676
160248,4,-4.480194,4.061673
60606,1,8.494036,0.9279331
32052,2,-4.4314113,3.1170835
91304,3,-2.736779,-1.2671033
92623,1,8.22117,0.2794249
173840,2,-4.605111,3.0460713
81005,1,8.647064,0.51231414
75174,1,8.455558,-0.3587505
168430,1,8.464626,1.28635
107521,4,-4.2841372,3.3267233
17231,1,8.690641,1.4394964
4875,1,5.817023,-2.5927467
185605,0,-3.3734505,-7.6090236
94408,1,6.173929,-2.5773363
191079,2,-4.1320233,2.4344504
43174,1,6.126938,-5.282212
118234,3,-2.7883532,-3.4633594
78231,1,8.412002,1.3678474
87297,1,8.95575,0.9654433
42078,4,-4.4622836,4.013827
52908,2,-4.3070793,3.1710808
27444,0,-3.6031625,-8.533876
6143,2,-3.9501266,2.7167737
97181,0,-2.9341314,-8.429399
157984,2,-4.359726,3.3774695
25377,2,-4.333754,2.962444
59426,0,-3.1498196,-6.634347
111592,3,-2.8596287,-2.789497
104241,1,5.1030874,-3.2494338
88452,1,8.597032,1.0740641
109927,0,-3.4434617,-7.300345
134534,3,-2.431034,-3.2885711
25096,2,-4.5099955,2.779882
80291,1,6.06951,-4.4902453
179804,0,-3.9184878,-8.204693
71962,3,-2.7260013,-3.1099913
86896,4,-4.5336313,3.9540634
89282,4,-4.425409,4.034354
116246,2,-4.8914695,2.4634924
157692,1,8.245354,-0.16769966
90852,4,-4.3290215,4.0479856
5243,1,8.630367,0.8947855
185874,1,8.6645775,1.1741511
86825,4,-4.189812,3.5096896
36454,0,-3.4551036,-7.6981297
104880,4,-4.5618033,4.2117863
17139,3,-2.9835887,-3.3622873
60553,0,-3.1309853,-6.5852914
89208,4,-4.3279395,3.9339342
26155,4,-4.549449,4.0945196
118898,2,-4.348755,2.291891
51220,1,8.614869,1.3045889
147951,2,-4.3107443,2.3559089
8148,1,8.413289,-0.20613468
14410,1,8.8008,0.99155885
173076,4,-4.538033,3.923868
151546,4,-4.454119,4.009041
109366,4,-4.2950225,4.0155053
166484,3,-2.9057107,-1.9349258
116780,4,-4.363879,3.9695382
174735,4,-4.2595944,3.5881119
161040,4,-4.479316,3.933502
93978,2,-4.4620867,2.5854132
25441,4,-4.471198,4.2693243
81156,1,7.9882135,0.14579867
87104,4,-4.4212136,4.1440716
113771,2,-4.4339967,3.382822
154605,4,-4.197902,3.6403902
27237,1,8.852261,1.2307429
78287,4,-4.3595734,3.6990266
27168,1,8.425499,0.61124736
163360,1,8.424228,0.6771837
60695,4,-4.2088737,3.8460867
173624,2,-4.2109823,2.5469675
186417,2,-4.4511123,2.722939
123524,4,-4.1264615,3.553961
157508,4,-4.3407345,3.978046
176873,4,-4.581163,4.0968876
97099,0,-3.5561821,-8.7329855
94341,1,8.911613,1.2669528
107693,1,8.471155,1.2267337
115606,0,-2.8678753,-7.226472
160700,4,-4.4369974,3.9828126
82783,1,8.859695,0.26488528
159778,1,8.528141,-0.16713068
172945,0,-3.4162457,-8.44727
149309,1,8.862912,1.1343998
161296,1,8.849156,1.103298
92942,0,-3.1782389,-7.410036
33198,0,-3.6171517,-8.928207
92201,3,-2.898178,-1.6540107
40164,0,-3.5785127,-8.954424
11853,1,8.675503,1.1734746
192813,1,8.028357,0.08835589
90824,4,-4.3108234,4.010984
149953,4,-3.944316,3.9668093
165431,4,-4.5663285,3.7917106
29380,2,-4.1376123,2.273987
162495,3,-2.899742,-4.1485248
167403,1,8.510366,1.1356555
86298,1,8.54247,0.71232563
169513,4,-4.490693,4.0168185
156291,1,8.710464,1.1458559
165357,2,-4.2731686,2.334609
176414,1,8.7258215,1.0247427
80866,2,-4.070512,3.0979345
51446,2,-4.3442187,2.4888003
149127,1,7.801556,0.035341565
127875,4,-4.181788,3.6296606
178807,1,8.323577,0.6140553
86602,2,-4.3673635,2.230138
13490,4,-4.540068,3.6028035
147522,1,8.180772,-0.12349875
132469,0,-2.6038435,-4.734468
101324,1,8.718353,1.2697535
60114,0,-2.828118,-6.587384
179931,4,-4.457268,3.8720648
85422,3,-2.8488297,-2.1444035
149816,2,-4.148919,2.5697045
147627,4,-4.2700615,3.9356983
166030,3,-2.7211614,-1.1509129
43074,4,-4.4785705,4.180216
43173,0,-3.4570956,-8.680821
20850,1,8.195463,0.36625922
182675,1,8.583209,1.1913577
185867,4,-4.2922783,3.6270278
86884,4,-4.948575,3.8197222
26911,1,8.6579685,0.96157
116788,1,8.218198,-0.028382974
85499,2,-3.8617797,2.1242566
96733,0,-3.5070496,-8.626417
164554,3,-2.5344875,-1.3697333
27473,4,-4.089698,3.636938
156990,2,-3.9537694,2.1745486
163456,1,8.463252,-0.23727478
161342,1,8.830907,1.266233
103197,2,-4.363707,3.3451502
112302,0,-2.836951,-8.4086485
11837,1,8.710697,0.9359402
15709,0,-3.2423656,-7.394159
160407,1,8.393926,1.064692
183028,0,-3.857294,-8.329843
129295,0,-2.8396275,-5.719149
17705,3,-2.676948,-1.2741565
24622,4,-4.612388,4.1303177
171228,1,8.668093,1.2041398
37591,2,-4.56744,2.310337
24924,3,-2.7610047,-3.1949215
111084,4,-4.3038282,4.073338
11215,1,8.277328,0.10376681
115642,1,8.439303,0.9988294
23397,2,-4.751926,3.408662
19645,4,-4.668266,3.9332368
166281,1,8.533758,-0.31065392
37603,2,-4.5043097,2.472463
36828,0,-3.3952477,-8.239697
114434,4,-4.281253,4.194561
60406,0,-3.1070633,-6.353284
157672,2,-4.2590976,2.8236175
167546,2,-4.191971,2.643706
178399,3,-3.139892,-2.987626
96996,2,-4.752765,3.1150575
87955,1,8.860804,0.935797
161905,1,8.76167,1.3326038
15237,4,-4.3821054,3.8010035
49182,4,-4.4266086,4.034773
60460,0,-3.9759479,-6.808398
37442,3,-2.5984712,-2.7943242
13910,2,-4.225704,2.6646702
124900,4,-4.5034537,3.7467694
101223,0,-3.3876927,-8.853759
159861,1,8.788463,0.8416524
184617,2,-4.647995,2.813415
150697,1,8.043894,0.23829241
97112,0,-3.4774365,-8.983238
29424,0,-3.5594137,-7.3187923
104673,4,-3.8528788,3.097587
82849,3,-2.7342892,-2.200549
20070,1,8.6774025,1.355033
191095,1,8.737476,0.98940057
21654,1,8.976388,0.8105491
113941,0,-3.4515386,-7.458869
149709,2,-4.3957686,3.3910804
84452,2,-4.3792353,2.373269
81290,2,-3.947635,1.8991053
49447,1,5.483854,-4.2254777
116969,1,8.665544,1.0847441
48274,0,-3.4100711,-9.111484
121350,0,-2.961725,-7.3727264
106572,2,-4.5205092,2.4605527
154237,1,7.641369,0.15080686
138058,4,-4.17214,4.0936303
27367,4,-4.498406,3.9883645
110239,0,-3.6805542,-8.365534
83945,1,8.242883,-0.036575392
101660,4,-4.4962816,4.1296453
70324,3,-2.8440971,-2.4858918
177780,2,-4.4705186,2.504362
173274,4,-4.7057433,3.9919755
167745,4,-4.4136295,3.9400074
82432,1,8.5331745,1.2377335
118091,2,-4.3809776,2.3679087
157080,1,8.362185,-0.036440276
148057,3,-2.5743914,-2.5228522
24098,4,-4.575115,4.0364714
44438,0,-3.7557318,-8.727023
9397,3,-2.9538558,-3.6411824
80508,1,8.464513,0.5504881
83028,1,8.888424,1.2041817
166751,4,-4.601509,4.0780206
90254,4,-4.4610615,3.6497788
88529,1,8.674833,0.31832865
29637,1,8.668189,1.5610725
117883,2,-4.768201,1.6079587
113564,0,-3.3630495,-7.7919865
154637,4,-4.2957115,4.133417
159740,4,-4.561968,4.112859
90908,1,8.456091,-0.010835423
127955,2,-3.802214,2.1260843
161989,4,-4.3349857,4.2067256
165386,1,8.281761,0.048297018
187534,0,-3.833073,-8.147933
5392,4,-4.1202407,3.6834157
149977,1,8.103938,0.046217754
115269,0,-3.611109,-8.333177
50253,1,8.874152,1.0407908
89185,3,-2.887103,-4.1111407
87313,1,8.604605,1.0641524
113140,0,-3.4033313,-7.7042847
14772,2,-4.4364843,2.8339922
110106,0,-3.4261985,-7.6316004
187701,1,8.187955,0.13327028
79396,4,-4.443842,4.17987
159894,4,-4.3580837,4.178943
137396,3,-2.8493178,-3.0086699
181854,4,-4.4273562,3.987936
159431,2,-4.0558267,2.2946017
157511,1,8.571698,1.0805947
79800,3,-2.9080896,-1.2027075
23928,2,-4.600491,2.7232695
26033,2,-4.4756866,2.6817067
147722,1,8.1234665,0.1477834
92298,3,-3.239344,-3.7557743
25363,2,-4.3596363,3.171728
181835,2,-4.314238,2.463977
154004,3,-2.6907275,-1.0063006
91294,2,-4.467975,3.1145334
82595,3,-3.5662372,-2.462428
175798,4,-4.630572,4.1797175
104754,4,-4.3192344,4.0088615
192207,1,8.135561,0.04080968
96258,4,-4.177251,3.465616
178823,4,-4.3878846,3.4908402
153829,1,8.5592,1.0114758
111348,3,-2.569923,-2.063873
81074,1,8.795153,1.2372558
44243,3,-2.4583828,-3.855016
173199,1,8.845829,0.97278756
116956,4,-3.9485097,3.279462
25850,3,-2.6906085,-2.9512932
17743,1,5.563708,-4.3882146
159812,1,8.57747,0.7078788
85971,4,-4.463257,3.6532755
155359,2,-5.3323183,2.531639
163466,2,-4.586552,2.6963422
48285,0,-3.7046368,-8.642239
109305,2,-4.2704263,2.5669413
28829,4,-4.5080967,3.6968133
181541,4,-4.470431,4.171218
190547,1,8.23012,-0.04285676
162655,1,8.958746,1.1384132
157563,3,-3.0289059,-4.2873406
44211,0,-3.3262148,-7.216362
168391,2,-4.2099395,2.548603
52634,1,6.8322926,-1.1063976
169222,1,8.547172,1.4873468
87217,1,8.92028,1.020423
45869,4,-4.4907913,3.9955785
18409,1,8.385185,0.2772776
186921,0,-3.6302297,-8.891137
154911,4,-4.3272176,4.078493
144686,1,8.527076,0.89509195
62204,0,-3.3365166,-6.2502418
109900,0,-2.966046,-7.3286963
174912,2,-4.413785,2.6232371
115800,0,-2.8689337,-7.217533
11370,4,-4.3534555,3.8506124
157579,4,-4.4746585,4.110737
50247,1,8.807649,0.7556197
92376,2,-4.727105,2.8302484
148952,1,8.760533,1.3866585
12540,1,5.6698203,-4.545686
12993,1,8.264784,0.036246892
81055,2,-4.2794614,3.2183595
97896,0,-3.2387693,-7.316854
28884,1,8.564263,1.2146412
152503,1,8.093563,-0.13180499
108948,0,-3.4853783,-7.369742
113243,1,8.491718,1.2546543
99743,0,-3.690086,-8.628797
35626,4,-4.4161777,4.249283
123762,3,-2.8410587,-3.5482726
8001,1,8.561137,1.4770031
23726,2,-5.1254473,2.1385314
108528,4,-4.526507,4.0567718
45522,3,-2.9177322,-3.7851286
166079,1,8.553367,0.9759197
106858,2,-4.058122,2.5676243
11740,4,-4.3480167,3.4693906
164548,4,-3.9993863,3.6566203
189658,4,-4.28517,3.877716
27913,4,-4.5394034,3.5756886
189732,3,-2.4383907,-2.8950765
102745,4,-4.4268174,3.9178238
93036,4,-4.506601,3.9250834
149124,1,8.753379,1.183609
10556,1,8.464854,1.2962419
35309,0,-3.126692,-8.223709
78185,4,-4.401033,3.7788444
112845,1,8.448758,0.076942526
106060,3,-2.9265254,-4.2324347
86266,1,8.556363,0.5202462
70326,3,-2.817157,-1.4592823
165527,1,7.9557676,0.17423761
24239,3,-2.7972639,-2.6362317
26664,4,-4.509372,4.1433735
24493,1,8.691274,1.0109876
123476,1,7.845517,0.16562542
123538,4,-4.2248964,4.093749
2121,1,8.337297,0.054387853
179934,1,8.558366,1.1258402
161422,1,8.159077,0.06508561
119078,3,-2.6499555,-2.826863
90803,4,-4.3182034,4.189695
15826,1,8.679353,1.2778457
103494,2,-4.4157333,2.7213495
7387,1,8.006925,0.16738479
22534,1,5.9892783,-5.192735
84232,1,8.705962,1.0795332
86647,1,8.908121,1.0268931
88646,1,8.374249,0.85444784
158834,4,-4.389898,3.8104622
176869,1,8.981932,0.9668973
159518,4,-4.0137167,3.7924757
13765,2,-4.297332,2.5019197
152985,2,-4.126868,2.5770392
26829,0,-3.6700556,-8.768078
88648,4,-4.6314616,3.7712681
92878,0,-3.1065726,-7.2718244
188757,4,-4.2416773,3.9858944
166497,2,-4.327256,2.712389
69686,3,-2.4498756,-3.085109
40372,3,-2.4035337,-1.5928775
31112,4,-4.5439167,4.073798
171559,4,-4.49442,3.711087
12304,2,-4.4114976,2.568415
97942,0,-3.5261319,-7.5942163
37064,4,-4.5707073,4.0974007
147572,1,8.445118,0.9077173
104478,4,-4.5938916,4.0958157
52701,2,-4.2572827,2.2412257
110725,4,-4.5495286,3.906539
113713,1,8.84817,1.1097894
36621,0,-3.2902598,-6.903205
178384,3,-2.9253914,-2.6715949
18154,3,-3.2729897,-1.4604985
79281,1,8.302184,0.14602157
99168,4,-4.378043,4.0780063
111883,1,8.317376,0.22616851
31241,4,-4.445684,4.049083
112814,3,-2.5229933,-2.6981385
176022,4,-4.4596953,4.1417785
106258,4,-4.5007496,4.070191
70364,4,-4.4022775,3.9274044
50357,4,-4.6001973,4.218258
30908,4,-4.3288445,3.7165
166345,1,8.556683,1.0340612
175379,2,-4.542256,2.8930304
99286,1,8.448599,1.2881973
185821,1,5.659176,-3.041719
161913,1,8.991865,1.1482346
8963,3,-2.5012023,-4.006232
22972,2,-4.4880905,3.1535344
36552,0,-3.368389,-6.8225703
48471,1,8.58893,1.249628
149644,3,-3.023078,-1.0641037
19472,1,8.443257,0.0058049625
62756,0,-3.299285,-5.5537295
137495,3,-2.970851,-3.0682073
81909,4,-4.373044,4.169487
166390,4,-4.392801,3.6362274
96737,0,-3.5167184,-8.593981
146,4,-4.311891,3.802846
86545,1,8.384053,0.5664111
158518,3,-2.905849,-2.7468204
190858,2,-4.401512,3.2404504
99455,0,-3.6072366,-8.842991
118925,3,-2.8812935,-3.5724905
31637,1,5.45149,-4.5994625
180431,0,-3.4864721,-8.686769
100920,0,-3.176806,-8.1364765
106890,3,-2.7355447,-4.3468456
144016,4,-4.3243737,3.9887438
107773,1,8.1810875,0.22952405
182805,1,8.399932,-0.08061275
36455,0,-3.4326754,-7.552465
7975,1,8.630312,0.9880217
79883,1,8.492143,1.3008991
44292,3,-2.4172707,-3.2932382
18247,1,8.742285,1.1991614
161379,4,-4.3859873,3.9896314
91367,2,-4.3757424,2.9794295
59750,0,-3.204877,-6.606949
164355,1,8.251671,0.018792035
179801,0,-3.6188278,-8.671398
35448,4,-4.3802085,3.8455079
160401,3,-2.750093,-2.4419026
19861,1,8.507267,1.027306
18317,1,8.769757,0.9801694
20463,0,-3.8393047,-8.467264
62671,0,-3.321142,-6.4729147
115316,1,8.060719,0.7485605
79904,4,-4.279556,3.9872706
84507,4,-4.391993,3.936983
116534,4,-5.1240335,3.3318193
25846,3,-2.570988,-3.6159258
36684,4,-4.4226146,3.614708
180229,2,-4.2495036,1.8409451
44951,1,6.0096083,-5.189499
97106,0,-3.7963707,-8.585595
146659,3,-2.8758304,-3.1123035
49409,0,-2.9747126,-7.3759737
73522,0,-3.118463,-6.8217998
174207,1,8.642321,1.1841488
68137,3,-2.5159152,-3.1185784
141494,0,-3.1533003,-4.33364
27499,4,-4.5846767,4.1308823
8002,4,-4.1821046,3.8697722
181484,0,-3.455472,-8.534572
16076,2,-4.250053,3.201279
173970,3,-2.8682969,-2.6989386
151962,4,-4.3715596,4.02906
174593,2,-5.0638275,2.8444536
38091,4,-4.544121,3.645003
15301,1,8.810023,1.298186
179670,3,-3.0683951,-3.32429
42722,2,-4.310966,2.2821934
82527,2,-4.4156756,2.373137
166174,4,-4.4607863,4.2013636
92950,0,-3.2551982,-7.4319696
88421,1,8.061189,0.16664968
87285,1,8.822582,0.48844206
45454,1,8.456864,0.045167875
112330,3,-2.7406266,-3.7081466
85243,2,-4.3989735,3.0011709
78736,4,-4.0761666,3.8138406
7421,2,-4.314772,2.8103132
20456,0,-3.0769792,-7.302725
33852,4,-4.3597813,3.6426482
153255,3,-3.3387494,-3.608794
19579,1,8.727085,1.145182
155840,1,5.8158813,-5.0300107
166118,3,-3.0297432,-3.310837
174938,3,-3.0943131,-3.0899618
96974,4,-4.523741,4.1917834
32014,4,-4.4354897,3.9270363
32504,1,8.910617,1.0835
168716,4,-4.558522,3.971006
120473,0,-2.6653767,-5.0832486
12710,1,8.510456,-0.13390228
150721,3,-2.6739087,-1.9189137
81681,1,8.213799,0.18129712
129400,0,-3.187298,-6.3359113
152686,3,-2.6185002,-2.3756151
89029,1,8.241419,0.048057802
19218,4,-4.555629,3.9472845
38985,1,8.710333,1.0551772
43158,2,-4.42104,2.7161672
163159,2,-4.3809156,2.4852211
180981,0,-3.3737853,-8.488551
4601,1,8.565998,-0.14813259
86091,1,8.754193,1.2918952
121639,1,8.424425,1.1299363
78237,1,8.537099,1.3910967
163710,1,8.542376,0.88791925
99543,0,-3.471168,-7.9029837
110609,2,-4.6802416,3.1463232
175790,4,-4.4839816,4.192182
37407,0,-3.4179554,-8.726851
32556,2,-4.2073283,2.6731062
134979,3,-3.5940206,-2.7748966
80946,1,8.44121,0.21086277
135143,3,-2.068971,-3.8797796
156700,2,-4.426734,2.4206178
18476,4,-4.305749,4.1072593
51521,1,8.649002,1.2540079
98595,0,-3.7440767,-8.525413
188871,4,-4.251449,3.600335
23472,2,-4.5448837,3.2571309
116275,4,-4.2090907,4.0003276
110140,0,-3.3867984,-7.452287
51277,1,8.584718,1.3835192
112485,3,-2.8992999,-3.4575918
100696,0,-3.6076899,-7.3962913
101158,0,-3.454629,-8.230906
38023,4,-4.3315754,3.815971
36627,0,-3.348421,-7.953105
75861,3,-2.908793,-2.6195498
176073,4,-5.002709,3.5473425
29430,0,-3.324303,-7.710053
165214,1,8.523019,0.15493838
94319,1,9.002477,1.2015301
79589,1,8.65153,1.3893826
23943,1,9.000127,1.1860483
149458,2,-4.1481557,2.3080091
173636,3,-2.360229,-3.421155
109884,0,-3.4972994,-7.590516
40745,4,-4.4487505,3.6059902
35272,0,-3.5493624,-8.956008
60603,1,8.132006,-0.17378742
118873,2,-4.2949343,3.3018053
81991,4,-4.3728104,3.9105992
161076,1,8.09745,-0.056698255
44493,0,-3.499829,-9.005596
90918,0,-3.2012885,-8.256502
20848,0,-3.5812216,-8.422957
161809,1,8.533983,0.475514
105864,4,-4.549074,3.9769728
153413,4,-4.372419,3.9769495
163353,1,8.923179,1.2909802
11067,1,8.477775,1.4356983
67597,3,-2.3316214,-3.41755
80725,1,8.428234,0.13418151
62507,0,-3.378458,-6.4864683
149445,1,8.820206,1.1754477
12786,3,-2.2791376,-3.7287066
106797,1,8.452535,0.57985103
12721,1,8.774214,0.46268976
167481,1,8.437229,0.39692366
159058,1,8.717569,1.1983415
31606,1,8.618835,0.91065717
46657,1,5.8945775,-5.2450466
17387,0,-2.8341105,-7.469263
167227,4,-4.5777187,4.259848
176608,1,8.74937,1.3560646
154817,4,-4.3228726,3.7989185
91986,1,8.425007,-0.26188907
93463,4,-4.3194475,3.923979
42716,4,-4.262624,3.6827514
91698,2,-4.4078417,3.1102319
33500,2,-5.167617,2.8569605
20437,0,-3.6734862,-8.803916
89449,1,8.592042,0.888973
149562,3,-2.618797,-1.4641024
34206,4,-4.228918,3.9608717
185398,4,-4.416425,3.5741208
164429,4,-4.2884088,3.5337913
100601,0,-3.4180276,-7.665933
12838,4,-4.4765625,3.7138555
161338,1,8.62907,0.3883506
158633,4,-4.338321,3.3388927
177675,2,-4.2321525,3.193988
18439,4,-4.4119596,3.7541432
163608,1,8.235377,0.1964407
119473,1,8.011949,-0.11717525
177646,2,-4.2340245,3.2185237
186386,0,-3.8029034,-8.528846
154129,1,7.9518337,0.31219485
156056,1,8.653891,1.1892636
163119,4,-4.304301,4.0198936
177476,2,-4.257279,1.5973995
20578,4,-4.5639577,3.8701982
155984,2,-4.328243,3.005663
96570,2,-4.178807,2.4544437
11219,1,8.386229,0.07852435
84177,4,-4.3994284,4.228058
85959,4,-4.3436956,3.8673224
25296,4,-4.6111264,3.7172706
177012,1,8.059889,0.18124768
159820,4,-4.4189906,4.230127
96952,1,8.5172,-0.3067885
24437,2,-4.683239,2.6836703
37470,1,8.820377,1.0936207
17858,4,-4.445026,4.0397058
45643,2,-4.115233,2.5125408
162171,1,8.736382,1.1493876
90401,0,-3.4271977,-7.5360556
107752,4,-4.5701113,3.6923673
90646,1,8.975797,0.8538119
175784,4,-4.67939,4.3092184
28349,0,-2.9902377,-7.3492684
70532,2,-4.2389,3.3963127
165293,1,8.762475,1.1037389
143861,2,-4.2399683,2.7104187
166535,4,-4.190875,3.669574
50792,1,8.918225,0.91454995
111732,4,-4.521537,4.1058702
92115,1,8.698289,1.0202641
83960,4,-4.5065184,3.8455887
24184,3,-2.8978565,-3.2256253
26367,0,-3.0749326,-8.398166
166009,1,8.6396885,1.3743998
20940,1,8.363553,0.15532325
88664,2,-4.6892066,2.6229908
77189,2,-4.2938504,2.3224676
26183,4,-4.221374,3.4985983
167272,1,8.807815,1.259999
129304,0,-3.2328877,-6.3518715
39523,2,-4.7094665,2.4985998
148035,2,-4.1805935,2.299189
144619,1,8.134789,0.027299937
60119,0,-3.0619373,-6.353587
37438,0,-2.9719114,-7.366323
153889,2,-4.2234726,3.1015787
17498,1,8.444973,0.9073485
7783,1,8.492653,-0.10000353
116469,1,6.111058,-2.6334019
104159,0,-2.9336298,-7.3563786
36386,1,5.946134,-5.2945833
19935,1,8.539772,0.081376635
187860,1,8.583862,1.1441759
39561,2,-4.499487,2.5604632
113691,1,8.435469,-0.39283016
84592,4,-4.270466,3.9768856
185321,2,-4.345852,2.6689022
7902,1,8.457946,-0.0835982
186369,0,-3.4483476,-8.9267235
129546,0,-3.425431,-6.6300054
40334,2,-4.4699163,2.8937387
32870,1,8.5398035,1.1142409
109288,1,6.350285,-2.1726532
169978,1,8.42536,-0.17767833
108218,0,-3.5095923,-8.852559
23405,4,-4.5494304,3.6973922
90459,1,8.728996,0.16397314
99735,0,-3.4474714,-7.2999973
27494,1,8.576011,0.37065023
141376,4,-4.046472,3.7614224
161373,4,-4.390372,3.5985372
2511,4,-4.15905,3.8953094
154685,4,-4.306586,4.173428
120573,3,-2.6004424,-3.6813176
90530,1,8.485639,0.33872852
168951,1,8.231511,1.2653369
180659,1,8.330135,0.17640844
4736,4,-4.5027227,3.6145458
14481,2,-4.313783,2.2784655
86887,4,-4.527998,3.367863
49571,1,8.719601,1.0209742
166088,2,-4.445734,2.5375547
17655,3,-2.7445052,-1.1204329
5638,4,-3.9714065,3.6286705
155414,2,-4.171567,3.1584
155034,4,-4.439703,3.8956316
11041,1,8.383936,-0.038640592
11334,1,8.440621,0.123412706
143897,1,8.816968,1.281829
180033,0,-3.6277447,-8.65566
154915,4,-4.0450463,3.6149764
157564,3,-3.1228526,-5.2252045
39168,1,8.628149,1.0135705
89366,1,8.6527605,0.8793128
23871,1,8.428717,0.29483402
14511,3,-2.4724224,-1.6409619
187988,0,-3.3073058,-7.8103642
28189,4,-4.650335,4.1966176
19277,2,-4.551861,2.394328
114211,0,-2.926656,-7.2544165
187521,0,-3.618433,-8.594746
14204,1,8.455264,-0.093282685
87749,1,8.735992,1.1803255
184339,2,-3.823698,1.841302
143906,1,8.807483,1.2552896
9925,4,-4.4633155,3.6788719
154616,4,-4.4600186,4.006739
100204,4,-4.417221,4.0231924
148953,1,8.696923,1.3430661
111574,2,-4.5443177,3.0346897
59870,0,-3.1814287,-6.510817
34576,0,-3.4814906,-8.760713
14282,1,8.537405,0.65873194
14053,1,8.714079,0.23627122
16658,4,-4.1981783,3.765847
27417,0,-3.4919298,-8.605706
88639,0,-3.5206895,-8.318178
170391,4,-4.494079,3.986258
159289,1,8.683535,1.403111
73521,0,-3.1206667,-6.4082675
21069,4,-4.2601814,3.8069694
171604,4,-4.3720117,4.1014175
176625,4,-4.350386,3.899044
144921,2,-4.142921,2.2971716
143976,4,-4.330361,3.9334059
180992,0,-3.709691,-8.523595
97929,0,-3.4909964,-7.663517
86845,2,-4.5666466,2.3876297
37032,0,-3.668414,-8.554245
29297,1,8.39522,0.13640535
93763,3,-3.0854957,-3.2345166
38506,4,-4.438516,3.828925
162449,4,-4.5744133,4.0160365
8530,1,8.519901,-0.0958969
179130,3,-2.7008088,-1.7238775
47994,3,-2.6823325,-3.485904
111125,4,-4.4484015,3.8670397
135078,0,-3.1934688,-5.7902246
3881,4,-4.389657,3.6390958
96213,3,-2.621918,-2.1516185
143963,2,-4.172411,2.4031665
75160,4,-4.2633157,4.133098
119470,4,-4.409657,3.9331062
1521,3,-2.643199,-1.2520158
3116,2,-4.3816237,2.4671178
163908,1,8.349468,-0.20839249
149328,1,8.58714,1.2541325
155622,1,8.576567,1.0711046
5803,1,8.395921,0.08261802
183868,0,-3.3988044,-7.38316
34374,1,6.012911,-3.0029707
36831,0,-3.6914444,-8.653244
108949,0,-3.2236474,-8.193509
96392,3,-2.587879,-3.1790726
44293,1,5.431934,-4.552359
16180,4,-4.0799317,3.1724088
119643,2,-3.7945929,2.228715
97881,0,-3.696557,-8.740843
10708,4,-4.2628775,4.0303555
95850,3,-3.170212,-1.8116157
138047,4,-4.1925564,4.007965
1485,3,-2.7468834,-1.309997
16207,1,8.608305,1.0435052
159401,1,8.5707245,1.16565
21466,4,-4.367115,4.132344
133580,0,-3.1603296,-6.886612
19709,4,-4.45368,4.0626698
14896,1,8.127779,0.17377062
47895,3,-2.4039125,-3.0124002
82930,4,-4.5230327,4.1223736
121622,1,8.46663,1.3054985
87930,1,8.696168,0.1487545
100450,4,-4.512333,3.768269
115836,0,-3.1156578,-8.324278
64259,0,-3.2364192,-6.5665727
8021,1,8.6424465,0.5142833
15473,4,-4.4423428,4.210268
185869,3,-2.6728377,-1.1783456
86611,3,-2.9097123,-2.5451949
96985,3,-2.92543,-3.6174493
12952,0,-3.4629211,-8.462221
9773,1,8.291766,-0.005452688
182677,4,-4.1496134,3.9673252
20453,0,-3.3659115,-7.3784637
21149,0,-3.661556,-8.797548
188349,4,-4.709534,4.0908747
38240,0,-3.0941997,-7.1851006
38255,0,-3.5650673,-8.56345
191097,1,8.220404,-0.39404836
114854,1,8.797653,1.0686764
103939,2,-3.5593553,2.2525868
87462,1,8.686358,-0.3082734
5488,4,-4.451749,3.9127865
27,4,-4.440195,4.0573516
89137,2,-3.4075887,2.2588587
9679,0,-3.4408371,-7.28193
85766,1,8.750974,1.2460526
113161,0,-3.8120873,-8.459852
12921,1,8.681064,0.8811537
84502,2,-4.3732214,2.2494779
114326,4,-4.5267315,4.0812664
85204,4,-4.3515,3.8228195
187436,4,-4.3793173,4.213385
180569,1,8.256731,0.12374183
158159,1,8.278534,-0.233307
27513,1,8.385656,-0.13783716
165441,3,-2.828225,-2.6389523
169461,4,-4.476537,3.8276947
49845,2,-4.4743814,2.1434417
38820,0,-3.6195958,-8.749117
24290,3,-2.7318838,-3.0652907
162209,1,8.69866,1.1424832
39601,1,8.667243,1.0239009
162193,4,-4.3661647,4.146553
12911,2,-4.367931,2.8042343
16909,4,-4.728508,4.091842
99465,0,-3.6552217,-7.661127
27067,0,-3.3771849,-7.6507897
191360,2,-3.9598243,2.447602
133996,3,-3.8312788,-3.6970809
118100,1,8.594233,1.1159534
93175,1,5.469674,-4.2769165
178034,4,-4.5601153,4.224095
108816,3,-2.9497359,-3.7019236
30391,0,-3.632942,-7.2085743
29417,0,-3.4574132,-7.541847
45782,2,-4.232,2.987152
169101,4,-4.3867188,3.6669726
171624,4,-4.288594,3.8017418
11055,3,-2.9211416,-4.002856
161965,4,-4.3813624,4.184321
24642,3,-2.9622426,-4.393835
114197,0,-3.537351,-7.284165
189727,3,-2.5748243,-2.794897
40743,1,8.532794,0.008510459
120560,3,-2.766616,-3.3444335
180251,1,8.71654,1.0671302
34463,0,-3.4315424,-9.12332
5892,3,-2.7054255,-1.4653444
40304,2,-4.261153,3.2318795
109177,1,8.403372,-0.15239683
183745,1,6.151308,-5.212334
165995,1,8.493187,1.0674556
176425,1,8.717087,1.2882589
146401,4,-4.3568096,3.9090858
60678,4,-4.1326017,3.8245714
161836,1,8.341488,0.0006590992
163830,2,-4.2865176,2.6031888
114713,0,-3.5056973,-7.4869547
11381,4,-4.3180103,4.04723
188899,3,-2.5371473,-3.1809008
136789,3,-2.5715547,-3.685297
49211,1,7.7647085,0.43131855
107739,1,8.659802,1.1854584
95027,3,-2.787596,-1.093083
30500,1,8.852044,1.1830521
108029,2,-4.465047,3.0709898
161376,4,-4.386112,3.8359258
60738,4,-3.9853795,3.8097203
12455,4,-4.4185414,4.2235255
135,4,-4.2421856,3.6257057
14029,2,-4.416267,2.7282844
80193,2,-4.233268,2.6875072
121602,1,8.642646,1.1049834
84390,4,-4.15953,3.4446847
185593,0,-3.7286139,-8.769447
149284,1,8.524859,1.3759578
167323,2,-4.47447,2.4854007
193173,4,-4.547823,4.0163765
144605,1,7.8488007,-0.041190777
162412,2,-4.3732343,2.4625614
177412,2,-4.661636,3.110382
46060,1,8.2150955,0.18475646
97094,0,-3.5095904,-8.5991125
80453,4,-4.478036,3.8332117
151779,1,8.422455,-0.3581672
178428,1,8.535847,-0.36636356
105054,4,-4.325328,3.822946
163359,4,-4.22086,4.0885043
94370,1,8.673343,0.9225814
33969,4,-5.177224,3.9603736
85440,4,-4.396694,3.6260521
12805,2,-3.7844748,2.0496848
165292,1,8.807094,0.9816381
110141,0,-3.5047681,-7.328208
167498,4,-4.2708473,3.6849983
152104,4,-3.9814842,4.0279455
157089,4,-4.491939,4.197118
161642,4,-4.383719,3.8244536
44858,0,-3.543328,-8.645598
89141,3,-3.0639608,-4.586642
27607,1,8.49653,0.6091051
188761,4,-4.237673,3.984326
154480,3,-3.0848367,-0.97065073
48481,1,8.723459,1.0490754
93854,4,-3.7983143,2.56717
153756,1,8.644395,-0.23893452
162322,4,-4.4183517,4.143133
39348,2,-4.6422515,2.4785423
83250,2,-4.3027425,2.5368662
113836,2,-4.221185,2.345152
58571,3,-2.8511436,-4.53662
179043,3,-2.5373938,-2.3742537
14191,1,8.231254,-0.17890655
129958,0,-4.109958,-6.892351
25433,4,-4.5860505,4.3172
88698,1,8.646921,1.3016552
10265,3,-2.9153774,-3.6091223
150551,3,-2.4383392,-2.9916017
89012,4,-4.1209416,4.003066
78217,1,8.309647,1.0439852
156555,2,-4.5745106,1.5358683
81011,2,-4.150499,2.7513947
80030,1,8.558557,0.82732147
166545,4,-4.304893,3.962079
179162,0,-3.61064,-8.651892
153474,4,-4.5659866,3.750677
174282,2,-4.551119,3.3206975
165809,2,-4.3517265,2.6766665
148262,4,-4.5135436,3.6627421
34583,0,-3.529051,-8.614947
182391,0,-3.5581348,-8.808383
84933,1,8.548715,0.23462698
81986,2,-4.390647,2.5008485
153464,4,-4.3543763,3.9586682
167539,1,8.676221,0.6104149
32318,0,-3.8341575,-8.331008
175970,4,-4.476679,4.0058575
86515,0,-3.531876,-8.892716
155349,2,-4.3124394,2.3714077
49000,4,-4.3736224,4.1753764
105581,4,-4.0251536,3.7041333
33100,0,-3.3509212,-7.837806
155248,4,-4.394639,3.8701894
88478,1,8.279158,0.06451436
90916,0,-3.049742,-7.259703
10938,1,8.091158,0.6456184
90764,1,8.697112,0.24168605
11057,3,-3.9833705,-3.5958834
144459,2,-3.9593954,2.0790842
82370,3,-2.8864396,-4.101964
43723,0,-2.7749653,-7.3298388
88705,4,-4.6002045,3.5429568
100570,0,-3.4337204,-7.6891747
158144,1,5.91905,-4.248636
10461,3,-2.5049682,-3.3831608
175,4,-4.113923,3.3174567
86004,3,-2.8715885,-2.361367
103805,4,-4.3848324,4.1269784
172030,4,-4.4307404,4.3577924
15610,3,-2.5001652,-1.7006671
89989,2,-4.3809333,2.3125367
83478,4,-4.353356,4.1602926
147580,1,8.966841,0.95127296
92226,2,-4.4632335,3.101495
21751,1,8.677251,0.49028578
23438,1,8.903947,0.8150351
85820,1,8.5904455,-0.20911762
16212,1,8.483509,-0.22549878
113496,4,-4.477507,3.4552767
83431,4,-4.369163,4.2939
103578,4,-4.5908184,3.9911108
108319,0,-3.1713576,-7.356628
12097,1,6.434588,-2.5833511
118684,2,-4.1745315,2.4647417
44770,0,-3.7491722,-8.524761
84061,4,-4.3102956,4.100811
154197,1,8.31379,0.75327003
127893,3,-2.4849634,-1.631794
106225,2,-4.397292,2.696046
182564,0,-3.891758,-8.356885
48845,2,-4.265405,2.5023432
113863,0,-3.262601,-8.421376
100234,4,-4.4764504,4.176085
77354,4,-4.390007,4.062333
113261,4,-4.0228767,3.7518947
26059,1,8.270389,0.06193328
18242,2,-3.814711,2.4022696
10914,1,8.425323,1.0025663
52681,4,-4.3997083,3.5684419
178488,3,-3.119081,-3.0686123
32254,1,5.7053294,-5.21135
15594,4,-4.4427576,4.056803
23679,2,-4.6194177,2.867381
170393,4,-4.44944,4.0453606
182833,2,-4.380392,3.0687869
86079,1,8.870296,1.0437671
155159,4,-4.5008063,4.0631437
158601,1,6.5174017,-3.2008662
105639,4,-4.575141,3.7586567
189800,4,-4.389945,3.791362
98571,0,-3.035555,-7.221723
175366,4,-4.603393,4.078011
90653,1,8.9880085,0.8526583
3836,4,-4.4572244,3.8295414
36702,4,-4.3532076,3.6398792
83472,4,-4.408224,4.0096416
105890,1,8.767675,0.74886185
19960,1,8.423276,0.49724367
32813,1,8.590036,1.0652634
80795,1,8.374279,1.3339168
28354,1,8.168215,0.052064143
180346,0,-3.5822432,-8.538344
104062,0,-3.513344,-7.614083
177215,2,-4.6352234,3.1360798
29861,2,-4.618512,3.1545002
12156,4,-4.5110445,3.9604836
108327,0,-3.5172749,-7.508349
102660,2,-4.491457,3.448538
25210,1,8.874651,1.0118157
72006,2,-4.2821236,2.2118049
162698,4,-4.386814,3.9928157
88590,1,8.699026,0.2727225
30815,4,-4.44646,4.119115
190307,1,8.5330305,0.8187394
152266,1,8.852245,1.0449214
103742,2,-3.8786697,1.9713454
99365,1,8.57568,1.0367286
164129,2,-4.429949,2.6509948
145098,1,8.145501,-0.13334158
162188,1,8.668433,1.0751281
165911,3,-2.8288352,-2.6179745
147929,1,7.94133,-0.03943
77540,3,-2.394285,-2.8350406
7810,1,8.24902,0.745954
99840,0,-3.6018121,-7.5184197
185871,3,-2.4740453,-1.2583349
176876,1,8.5629015,0.20549329
107570,4,-4.023669,3.7275898
9551,4,-4.2570357,4.0909796
173088,4,-4.491288,3.9192424
48837,4,-4.4988427,3.6522844
159985,3,-2.5632272,-2.3422968
21707,1,8.589025,0.96994853
154495,1,8.470021,1.492429
27696,4,-4.4315486,4.285007
103102,1,8.125721,0.22903018
156443,4,-4.322946,3.9842775
183625,2,-4.3187037,2.9862947
47811,4,-4.1066666,3.446395
100215,2,-4.306044,2.9262905
9013,3,-2.8732553,-1.6349516
22141,4,-4.674169,3.808358
81596,2,-4.4246783,3.1807299
8025,4,-4.485495,3.9020908
97954,0,-2.9776404,-7.376742
38584,1,8.883743,1.0016831
24389,1,8.407619,0.12841962
113600,0,-2.9899292,-8.259495
112041,3,-3.0008893,-3.1729045
161753,2,-4.505657,2.5372124
24438,1,8.381652,0.03971658
181563,4,-4.5017633,4.2846627
158016,4,-4.2713046,4.0529637
180971,0,-3.761316,-8.546173
178745,4,-4.362077,3.3647895
179771,0,-3.6935527,-8.322761
119855,3,-2.7358856,-2.4559011
